# phpMyAdmin SQL Dump
# version 2.5.2
# http://www.phpmyadmin.net
#
# Host: localhost
# Generation Time: Feb 09, 2004 at 11:01 PM
# Server version: 3.23.56
# PHP Version: 4.2.3
# 
# Database : `treatm_treats`
# 

# --------------------------------------------------------

#
# Table structure for table `buyers`
#
# Creation: Jan 28, 2003 at 07:32 PM
# Last update: Jan 10, 2004 at 11:06 AM
# Last check: Apr 10, 2003 at 04:54 PM
#

DROP TABLE IF EXISTS `buyers`;
CREATE TABLE `buyers` (
  `Name` varchar(100) NOT NULL default '',
  `Address1` varchar(100) NOT NULL default '',
  `Address2` varchar(100) NOT NULL default '',
  `City` varchar(100) NOT NULL default '',
  `State` char(2) NOT NULL default '',
  `Zip` varchar(20) NOT NULL default '',
  `mailing_Name` varchar(100) default NULL,
  `mailing_Address1` varchar(100) default NULL,
  `mailing_Address2` varchar(100) default NULL,
  `mailing_City` varchar(100) default NULL,
  `mailing_State` char(2) default NULL,
  `mailing_Zip` varchar(20) default NULL,
  `Email` varchar(100) NOT NULL default '',
  `DayPhone` varchar(100) NOT NULL default '',
  `EvePhone` varchar(100) NOT NULL default '',
  `Contact` int(1) NOT NULL default '0',
  `PayMethod` varchar(100) NOT NULL default '',
  `CCType` varchar(100) NOT NULL default '',
  `CCNum` varchar(100) NOT NULL default '',
  `CCExpire` varchar(100) NOT NULL default '',
  `OrderTotal` decimal(8,2) NOT NULL default '0.00',
  `Date` varchar(100) NOT NULL default '',
  `OrderNumber` bigint(20) NOT NULL default '0',
  `UserID` varchar(100) NOT NULL default '',
  `BuyerID` bigint(20) NOT NULL auto_increment,
  PRIMARY KEY  (`BuyerID`)
) TYPE=MyISAM AUTO_INCREMENT=351 ;

#
# Dumping data for table `buyers`
#

INSERT INTO `buyers` VALUES ('cheryl rodriguez', '6620 silvery ave.', '', 'las vegas', 'NV', '89108', NULL, NULL, NULL, NULL, NULL, NULL, 'pmaascione@lvcm.com', '702-407-0309', '702-407-0309', 0, 'Credit', 'MasterCard', '5291492123201101', '01/04', '24.95', '2002:347:2002-12-14', 0, '20021214110258', 139);
INSERT INTO `buyers` VALUES ('Michele Bowen', '15588 S. Blackfoot Street', '', 'Olathe', 'KS', '66062', NULL, NULL, NULL, NULL, NULL, NULL, 'michele.dawbarn@indymacbank.com', '816-508-2178', '913-522-4802', 1, 'Credit', 'Visa', '4412810002092613', '10/04', '34.95', '2002:347:2002-12-14', 0, '20021214073909', 138);
INSERT INTO `buyers` VALUES ('Michele Bowen', '15588 S. Blackfoot Street', '', 'Olathe', 'KS', '66062', NULL, NULL, NULL, NULL, NULL, NULL, 'michele.dawbarn@indymacbank.com', '8165082178', '9135224802', 1, 'Credit', 'Visa', '4412810002092613', '10/04', '34.95', '2002:347:2002-12-14', 0, '20021214073909', 137);
INSERT INTO `buyers` VALUES ('Michele Bowen', '15588 S. Blackfoot Street', '', 'Olathe', 'KS', '66062', NULL, NULL, NULL, NULL, NULL, NULL, 'michele.dawbarn@indymacbank.com', '8165082178', '9135224802', 0, 'Credit', 'Visa', '4412810002092613', '10/04', '34.95', '2002:347:2002-12-14', 0, '20021214073909', 136);
INSERT INTO `buyers` VALUES ('Michele Bowen', '15588 S. Blackfoot Street', '', 'Olathe', 'KS', '66062', NULL, NULL, NULL, NULL, NULL, NULL, 'michele.dawbarn@indymacbank.com', '8165082178', '9135224802', 0, 'Credit', 'Visa', '4412810002092613', '1004', '34.95', '2002:347:2002-12-14', 0, '20021214073909', 135);
INSERT INTO `buyers` VALUES ('Irene Yim', '1580 Puerto Vallarta Dr.', '', 'san Jose', 'CA', '95120', NULL, NULL, NULL, NULL, NULL, NULL, 'pepey11@aol.com', '408267-6234', '408-268-4562', 1, 'Credit', 'Visa', '4121741854536864', '01/03', '16.45', '2002:346:2002-12-13', 134, '20021213175020', 134);
INSERT INTO `buyers` VALUES ('Harry Dritz', '1105 Brandt Rd.', '', 'Vancouver', 'WA', '98661', NULL, NULL, NULL, NULL, NULL, NULL, 'Hadritz@AOL.com', '360-600-5047', '360-737-7769', 0, 'Credit', 'MasterCard', '5449271312537587', '1105', '38.95', '2002:346:2002-12-13', 133, '20021213171931', 133);
INSERT INTO `buyers` VALUES ('JOCELYN TRINK', '15 CRESCENT COVE DR', '', 'SEAFORD', 'NY', '11783', NULL, NULL, NULL, NULL, NULL, NULL, 'MAXHAMOM@AOL.COM', '5163986669', '5163986669', 0, 'Credit', 'MasterCard', '5291492245176348', '09/04', '11.45', '2002:346:2002-12-13', 132, '20021213164025', 132);
INSERT INTO `buyers` VALUES ('Gerald Junod', '1000 Stephen Avenue', '', 'Croydon', 'PA', '19021', NULL, NULL, NULL, NULL, NULL, NULL, 'on2golf@comcast.net', '215 685-9459', '215 781-2976', 1, 'Credit', 'MasterCard', '5490910420001337', '03/04', '27.45', '2002:346:2002-12-13', 131, '20021213163909', 131);
INSERT INTO `buyers` VALUES ('Sharon', '3512 Darion Lane', '', 'Plano', 'TX', '75093', NULL, NULL, NULL, NULL, NULL, NULL, 's.hays@attbi.com', '972-985-8319', '972-985-8319', 1, 'Credit', 'MasterCard', '5430690190900800', '09/03', '27.95', '2002:346:2002-12-13', 130, '20021213124103', 130);
INSERT INTO `buyers` VALUES ('Sara Laurence', '330 Forest Loop', '', 'Mandeville', 'LA', '70471', NULL, NULL, NULL, NULL, NULL, NULL, 'srl330@webtv.net', '985-845-8218', '', 1, 'Credit', 'Visa', '4467490000106451', '07/05', '24.95', '2002:346:2002-12-13', 129, '20021213121620', 129);
INSERT INTO `buyers` VALUES ('Amy Daugherty', '8880 Springwood Ct.', '', 'Bonita Springs', 'FL', '34135', NULL, NULL, NULL, NULL, NULL, NULL, 'flaamy@aol.com', '239-949-5767', '239-949-5767', 1, 'Credit', 'Visa', '4744760008524193', '07/05', '14.95', '2002:346:2002-12-13', 128, '20021213091712', 128);
INSERT INTO `buyers` VALUES ('C Westervelt', '15 Breglia Street', '', 'Yonkers', 'NY', '10704', NULL, NULL, NULL, NULL, NULL, NULL, 'c2wes@aol.com', '', '914-237-3992', 1, 'Check', 'Visa', '', '', '14.95', '2002:346:2002-12-13', 127, '20021213081056', 127);
INSERT INTO `buyers` VALUES ('Jane DeLuca', '9 Half Crown Circle', '', 'Ashland', 'MA', '01721', NULL, NULL, NULL, NULL, NULL, NULL, 'jdgopats@aol.com', '5088812638', '5088812638', 0, 'Credit', 'MasterCard', '5291071388368274', '09/03', '9.95', '2002:345:2002-12-12', 126, '20021212224638', 126);
INSERT INTO `buyers` VALUES ('Bonnie Braun', '12281 Lexington Park Drive #205', '', 'Tampa', 'FL', '33626', NULL, NULL, NULL, NULL, NULL, NULL, 'bebraun77@hotmail.com', '813-340-1379', '813-818-8275', 1, 'Credit', 'Visa', '4017160797536419', '08/03', '24.45', '2002:345:2002-12-12', 125, '20021212181428', 125);
INSERT INTO `buyers` VALUES ('Stacy Gluck', '5600 Wisconsin Ave. #404', '', 'Chevy Chase', 'MD', '20815', NULL, NULL, NULL, NULL, NULL, NULL, 'mavcoop@mindspring.com', '2029427472', '2404971869', 0, 'Credit', 'Visa', '4294041080475743', '03/04', '38.45', '2002:345:2002-12-12', 124, '20021212165926', 124);
INSERT INTO `buyers` VALUES ('Nicole Bostic', '3690 Lantern Walk Ln.', '', 'Scottdale', 'GA', '30079', NULL, NULL, NULL, NULL, NULL, NULL, 'nbostic@simon.com', '404-261-7910', '404-499-1141', 1, 'Credit', 'Visa', '4011800881052320', '10/04', '14.95', '2002:345:2002-12-12', 123, '20021212153028', 123);
INSERT INTO `buyers` VALUES ('Nicki Centracchio', '1531 Windsor #311', '', 'Arlington Heights', 'IL', '60004', NULL, NULL, NULL, NULL, NULL, NULL, 'nickifoley@hotmail.com', '773-763-0400', '847-670-6693', 0, 'Credit', 'MasterCard', '5291071484339294', '07/04', '17.95', '2002:345:2002-12-12', 122, '20021212142217', 122);
INSERT INTO `buyers` VALUES ('coty hildebrand', '955 findley ave', '', 'zanesville', 'OH', '43701', NULL, NULL, NULL, NULL, NULL, NULL, 'pyxee9@hotmail.com', '740-450-4520', '740-588-0572', 0, 'Credit', 'MasterCard', '5570 0920 9547 7671', '01/05', '17.95', '2002:345:2002-12-12', 121, '20021212135958', 121);
INSERT INTO `buyers` VALUES ('Iwona Kanclerz', '1109 S. Wooster Street #2', '', 'Los Angeles', 'CA', '90035', NULL, NULL, NULL, NULL, NULL, NULL, 'iwonakanclerz@hotmail.com', '3104357642', '3108601257', 0, 'Credit', 'MasterCard', '5334725437329319', '07/03', '30.95', '2002:345:2002-12-12', 120, '20021212140940', 120);
INSERT INTO `buyers` VALUES ('amie sellers', '880 torino dr', '', 'ballwin', 'MO', '63021', NULL, NULL, NULL, NULL, NULL, NULL, 'amiesellers@yahoo.com', '3142204907', '3145354119', 0, 'Credit', 'MasterCard', '5146090000052865', '0405', '24.95', '2002:345:2002-12-12', 119, '20021212114607', 119);
INSERT INTO `buyers` VALUES ('Anthony Poliseno', '2275 S Bascom Ave', '#1314', 'Campbell', 'CA', '95008', NULL, NULL, NULL, NULL, NULL, NULL, 'anthony.poliseno@hhsf.com', '415-617-5331', '', 1, 'Credit', 'Visa', '4217658945472468', '02/06', '59.95', '2002:345:2002-12-12', 118, '20021212110049', 118);
INSERT INTO `buyers` VALUES ('Deana Gray', '1850 American Elm Ct.', '', 'Sugar Land', 'TX', '77479', NULL, NULL, NULL, NULL, NULL, NULL, 'dixiedeana@hotmail.com', '713-270-8494', '281-937-9580', 1, 'Credit', 'MasterCard', '5334700339570401', '06/03', '24.95', '2002:345:2002-12-12', 117, '20021212104028', 117);
INSERT INTO `buyers` VALUES ('Gaynell lyons', '1740 Stearns Dr', '', 'Los Angeles', 'CA', '90035', NULL, NULL, NULL, NULL, NULL, NULL, 'galyons@lasd.org', '3232739766', '3232739766', 1, 'Credit', 'Visa', '4388641949008705', '073103', '24.95', '2002:345:2002-12-12', 116, '20021212101045', 116);
INSERT INTO `buyers` VALUES ('stefani rosso', '2426 pierpont blvd', '', 'ventura', 'CA', '93001', NULL, NULL, NULL, NULL, NULL, NULL, 'stefanirosso@netscape.net', '8056483382', '8056483382', 0, 'Credit', 'Visa', '4121632080032804', '11/04', '19.95', '2002:345:2002-12-12', 115, '20021212095238', 115);
INSERT INTO `buyers` VALUES ('Heather Riggins', 'BACAR', '912 8th Avenue S', 'Nashville', 'TN', '37203', NULL, NULL, NULL, NULL, NULL, NULL, 'hriggins@bacar.com', '615-259-1516', '615-460-9993', 0, 'Credit', 'Visa', '4229620002340620', '03/05', '29.95', '2002:345:2002-12-12', 114, '20021212083234', 114);
INSERT INTO `buyers` VALUES ('Joy Sparks', '3846 Beattie Rd.', '', 'Muskegon', 'MI', '49445', NULL, NULL, NULL, NULL, NULL, NULL, 'sparkeez@prodigy.net', '6163550055', '', 1, 'Credit', 'Visa', '4128003230393673', '03/03', '24.95', '2002:345:2002-12-12', 113, '20021212055809', 113);
INSERT INTO `buyers` VALUES ('Michelle Martorana', '2450 Fulton Street #201', '', 'San Francisco', 'CA', '94118', NULL, NULL, NULL, NULL, NULL, NULL, 'martorana_m@hotmail.com', '650-233-5317', '415-831-5462', 1, 'Credit', 'Visa', '4118165002047563', '12/02', '24.95', '2002:344:2002-12-11', 112, '20021211214822', 112);
INSERT INTO `buyers` VALUES ('troy blair', '6404 south castleford dr.', '', 'west jordan', 'UT', '84084', NULL, NULL, NULL, NULL, NULL, NULL, 'tblair_99@yahoo.com', '801-969-2652', '', 0, 'Credit', 'Visa', '4417124007674325', '06/04', '25.95', '2002:344:2002-12-11', 111, '20021211185943', 111);
INSERT INTO `buyers` VALUES ('CYNTHIA WERLITZ', '1 STRACHAN PLACE', '', 'GARNERVILLE', 'NY', '10923', NULL, NULL, NULL, NULL, NULL, NULL, 'CYN2976@AOL', '845-429-5229', '', 1, 'Credit', 'MasterCard', '5491130146585559', '05/05', '9.95', '2002:344:2002-12-11', 110, '20021211183924', 110);
INSERT INTO `buyers` VALUES ('Shelley Thornton', '5900 Arlington Avenue', 'APT. 11P', 'Bronx', 'NY', '10471', NULL, NULL, NULL, NULL, NULL, NULL, 'shelley_thornton@yahoo.com', '718-601-2501', '718-601-2501', 1, 'Credit', 'MasterCard', '5113730045902108', '03/04', '14.95', '2002:344:2002-12-11', 109, '20021211180145', 109);
INSERT INTO `buyers` VALUES ('Abby Cartumini', '5055 E Mazatzal Drive', '', 'Cave Creek', 'AZ', '85331', NULL, NULL, NULL, NULL, NULL, NULL, 'cartuaz@worldnet.att.net', '', '480-515-3769', 1, 'Credit', 'Visa', '4323730589319908', '08/03', '55.95', '2002:344:2002-12-11', 108, '20021211145224', 108);
INSERT INTO `buyers` VALUES ('Lorna Bishop', '7263 Murdoch Ave', '', 'Shrewsbury', 'MO', '63119', NULL, NULL, NULL, NULL, NULL, NULL, 'Divagirl1977@hotmail.com', '314-920-6375', '314-920-6375', 1, 'Credit', 'MasterCard', '5146090000364567', '10/05', '30.95', '2002:344:2002-12-11', 107, '20021211153808', 107);
INSERT INTO `buyers` VALUES ('Karen Dunivan', '1819 W. Grace St.', '', 'Richmond', 'VA', '23220', NULL, NULL, NULL, NULL, NULL, NULL, 'kdunivan@t-mlaw.com', '(804) 698-6232', '(804) 358-1461', 0, 'Credit', 'Visa', '4229304054149920', '11/04', '27.95', '2002:344:2002-12-11', 106, '20021211150457', 106);
INSERT INTO `buyers` VALUES ('Jamie Dyer', '420 E Ohio Street', 'Apt 7F', 'Chicago', 'IL', '60611', NULL, NULL, NULL, NULL, NULL, NULL, 'jamiedyer@msn.com', '', '312-654-8776', 1, 'Credit', 'MasterCard', '5417126798441449', '08/04', '131.00', '2002:344:2002-12-11', 105, '20021211144422', 105);
INSERT INTO `buyers` VALUES ('anthia wong', '1100 ahwahnee drive', '', 'millbrae', 'CA', '94030', NULL, NULL, NULL, NULL, NULL, NULL, 'ladybug_a031@hotmail.com', '6502194415', '6502194415', 0, 'Credit', 'Visa', '4217658947057556', '06/06', '39.45', '2002:344:2002-12-11', 104, '20021211102441', 104);
INSERT INTO `buyers` VALUES ('Janice Busbea', '520 W. Grand Ave.', 'Apt D', 'El Segundo', 'CA', '90245', NULL, NULL, NULL, NULL, NULL, NULL, 'angelic147@aol.com', '310-414-9435', '310-414-9435', 0, 'Credit', 'Visa', '4217661250712106', '09/06', '24.45', '2002:344:2002-12-11', 103, '20021211090908', 103);
INSERT INTO `buyers` VALUES ('DIANE POE', '484 KEPLEY-CRAVER AVE', '', 'LEXINGTON', 'NC', '27295', NULL, NULL, NULL, NULL, NULL, NULL, 'dpoe@cphs.org', '336-731-3900', '', 0, 'Credit', 'MasterCard', '5466632030430157', '01/03', '17.95', '2002:344:2002-12-11', 102, '20021211075419', 102);
INSERT INTO `buyers` VALUES ('Hera Brown', '2175 14th Ave SW', '', 'Hickory', 'NC', '28602', NULL, NULL, NULL, NULL, NULL, NULL, 'brownh@lrc.edu', '(828)238-6063', '', 0, 'Check', 'Visa', '', '', '16.45', '2002:343:2002-12-10', 101, '20021210212730', 101);
INSERT INTO `buyers` VALUES ('Annie Lee', '4467 County Road 32', '', 'LaFayette', 'AL', '36862', NULL, NULL, NULL, NULL, NULL, NULL, 'AFLee22@aol.com', '', '334-864-7640', 1, 'Check', 'Visa', '', '', '16.45', '2002:343:2002-12-10', 100, '20021210210632', 100);
INSERT INTO `buyers` VALUES ('Sarah Phillips', '630 New York Ave, #3', '', 'Huntington', 'NY', '11743', NULL, NULL, NULL, NULL, NULL, NULL, 'sarahphillips@hotmail.com', '', '631 4277404', 1, 'Credit', 'MasterCard', '5262194004909217', '09/04', '19.95', '2002:343:2002-12-10', 99, '20021210201328', 99);
INSERT INTO `buyers` VALUES ('Allegra Weeks', '10351 Devonshire Rd', 'Apt 313', 'Bloomington', 'MN', '55431', NULL, NULL, NULL, NULL, NULL, NULL, 'alli188us@yahoo.com', '952-887-8521', '612-940-7118', 1, 'Credit', 'Visa', '4190004351259118', '01/04', '72.45', '2002:343:2002-12-10', 98, '20021210181926', 98);
INSERT INTO `buyers` VALUES ('Shahid Khan', '45801 Smoketree Terrace', '', 'Sterling', 'VA', '20166', NULL, NULL, NULL, NULL, NULL, NULL, 'sha@sha-rana.com', '703-367-4773', '703-402-6839', 0, 'Credit', 'Visa', '4294041010340850', '11/03', '9.95', '2002:343:2002-12-10', 97, '20021210170713', 97);
INSERT INTO `buyers` VALUES ('Maryda Patricia', '1510 Eddy St, #1306', '', 'San Francisco', 'CA', '94115', NULL, NULL, NULL, NULL, NULL, NULL, 'babyslk7@hotmail.com', '415-5636458', '', 0, 'Credit', 'MasterCard', '5334700488647406', '10/03', '17.95', '2002:343:2002-12-10', 96, '20021210170407', 96);
INSERT INTO `buyers` VALUES ('Darcy Hoyt', '10 Clifton Road', '', 'Natick', 'MA', '01760', NULL, NULL, NULL, NULL, NULL, NULL, 'darcy.hoyt@tufts.edu', '(508) 653-7843', '(508) 653-7843', 1, 'Credit', 'MasterCard', '5466160255463570', '06/05', '19.95', '2002:343:2002-12-10', 95, '20021210155922', 95);
INSERT INTO `buyers` VALUES ('Jennifer Whitmire', '2320 F Street', '', 'Sacramento', 'CA', '95816', NULL, NULL, NULL, NULL, NULL, NULL, 'zambezi75@yahoo.com', '', '(916)444-7141', 0, 'Credit', 'Visa', '4194 5500 6853 6210', '01/05', '49.95', '2002:342:2002-12-09', 94, '20021209205125', 94);
INSERT INTO `buyers` VALUES ('Argelia George', '2063 Mirror Lake Pl', '', 'Chula Vista', 'CA', '91913', NULL, NULL, NULL, NULL, NULL, NULL, 'argeliacota@hotmail.com', 'n/a', '619-934-7721', 0, 'Credit', 'MasterCard', '5424180785308336', '11/04', '45.95', '2002:342:2002-12-09', 93, '20021209194941', 93);
INSERT INTO `buyers` VALUES ('Carey Flynn', '55 DeGroff Place', '', 'Park Ridge', 'NJ', '07656', NULL, NULL, NULL, NULL, NULL, NULL, 'flynnce@hotmail.com', '2013586666', '2019301624', 0, 'Credit', 'MasterCard', '5491130342180247', '12/05', '26.45', '2002:342:2002-12-09', 92, '20021209183711', 92);
INSERT INTO `buyers` VALUES ('jane haskell', '1921 east highway 114', '', 'rensselaer', 'IN', '47978', NULL, NULL, NULL, NULL, NULL, NULL, 'sarasotadiva@yahoo.com', '219 866 3460', '219 866 3460', 1, 'Credit', 'Visa', '4427100016298429', '03/03', '17.95', '2002:342:2002-12-09', 91, '20021209175757', 91);
INSERT INTO `buyers` VALUES ('E. Ashleigh Barnett', '1401 SW 22nd St', '', 'Moore', 'OK', '73170', NULL, NULL, NULL, NULL, NULL, NULL, 'erthsavr@aol.com', '', '405-799-9755', 1, 'Credit', 'Visa', '4305722244339449', '08/04', '9.95', '2002:340:2002-12-07', 72, '20021207104649', 72);
INSERT INTO `buyers` VALUES ('Natasha Karetskaya', '58 Second Street Ap #2', '', 'Hoboken', 'NJ', '07030', NULL, NULL, NULL, NULL, NULL, NULL, 'karen924@newschool.edu', '(201) 420 1864', '(2010 420 1864', 0, 'Credit', 'Visa', '4443048305642320', '03/03', '19.95', '2002:340:2002-12-07', 73, '20021207153457', 73);
INSERT INTO `buyers` VALUES ('Shaina Demers', '20 Payne Road Apt 2', '', 'Lebanon', 'NH', '03766', NULL, NULL, NULL, NULL, NULL, NULL, 'shaina_demers@hotmail.com', '603-448-8832', '', 0, 'Credit', 'Visa', '4121741843534574', '0404', '9.95', '2002:340:2002-12-07', 74, '20021207171809', 74);
INSERT INTO `buyers` VALUES ('Jessica Whitehead', '4 Menotomy Rd. #5', '', 'Arlington', 'MA', '02476', NULL, NULL, NULL, NULL, NULL, NULL, 'jpwhitehead@att.net', '781-646-4916', '781-646-4916', 0, 'Credit', 'Visa', '4326260013832794', '05/03', '83.95', '2002:340:2002-12-07', 75, '20021207215033', 75);
INSERT INTO `buyers` VALUES ('Denise Schubert', '507 Liberty Ave.', '', 'Jersey City', 'NJ', '07307', NULL, NULL, NULL, NULL, NULL, NULL, 'rn8108@aol.com', '201-653-8108', 'same as above', 0, 'Credit', 'Visa', '4305940013258455', '04/05', '11.45', '2002:341:2002-12-08', 76, '20021208093032', 76);
INSERT INTO `buyers` VALUES ('Jacqueline Shamieh', '268 Beechwood Drive', '', 'Paramus', 'NJ', '07652', NULL, NULL, NULL, NULL, NULL, NULL, 'jackie@lbgcpas.com', '201-791-8300', '201-262-3146', 0, 'Credit', 'Visa', '4777440005333613', '11/04', '69.45', '2002:341:2002-12-08', 77, '20021208102207', 77);
INSERT INTO `buyers` VALUES ('Valerie Higbie', '7427 Harbour Pointe', '', 'Indianapolis', 'IN', '46240', NULL, NULL, NULL, NULL, NULL, NULL, 'vhigbie@hotmail.com', '317.722.9125', '317.722.9125', 0, 'Credit', 'Visa', '4060320536926497', '09/05', '14.95', '2002:341:2002-12-08', 78, '20021208152811', 78);
INSERT INTO `buyers` VALUES ('jennifer hoertz', '4326 oneida avenue', '', 'bronx', 'NY', '10470', NULL, NULL, NULL, NULL, NULL, NULL, 'schviggle2@aol.com', '718 324 0888', '718 324 0888', 1, 'Credit', 'MasterCard', '5424180110262620', '04/03', '176.00', '2002:342:2002-12-09', 79, '20021209084022', 79);
INSERT INTO `buyers` VALUES ('Kali Rimmel', '708 Hulton Rd', '', 'Oakmont', 'PA', '15139', NULL, NULL, NULL, NULL, NULL, NULL, 'kalilovesdan@netscape.net', '412-828-5788', '412-828-5788', 1, 'Credit', 'Visa', '4862362163372777', '03/04', '21.45', '2002:342:2002-12-09', 80, '20021209091235', 80);
INSERT INTO `buyers` VALUES ('Linda Distefano', '1007 Woodcrest Drive', '', 'Johnstown', 'PA', '15905', NULL, NULL, NULL, NULL, NULL, NULL, 'dtman3@charter.net', '814-255-1387', '814-255-1387', 1, 'Credit', 'Visa', '4305=7216-2112-8516', '03/03', '16.45', '2002:342:2002-12-09', 81, '20021209095951', 81);
INSERT INTO `buyers` VALUES ('Jenna Case', 'Lucky Magazine', '6300 WIlshire Blvd., 11th Floor', 'Los Angeles', 'CA', '90048', NULL, NULL, NULL, NULL, NULL, NULL, 'jenna_case@luckymag.com', '323-965-3421', '', 1, 'Credit', 'Visa', '4388546000013181', '05/03', '125.00', '2002:342:2002-12-09', 82, '20021209111137', 82);
INSERT INTO `buyers` VALUES (' Tonya Dean', '2367 Rockyglen', '', 'Dallas', 'TX', '75228', NULL, NULL, NULL, NULL, NULL, NULL, 'tonyaa@prodigy.net', '', '(214)476-2357', 1, 'Credit', 'Visa', '4465620000054622', '11/05', '24.95', '2002:342:2002-12-09', 83, '20021209112058', 83);
INSERT INTO `buyers` VALUES ('Melanie Azan', '7515 Parkdale Avenue', 'Apt. 1w', 'St. Louis', 'MO', '63105', NULL, NULL, NULL, NULL, NULL, NULL, 'melanieazan@hotmail.com', '314-504-2645', '314-862-5338', 0, 'Credit', 'Visa', '4412811021570969', '05/03', '9.95', '2002:342:2002-12-09', 84, '20021209115826', 84);
INSERT INTO `buyers` VALUES ('sara bruce-sehlin', '11227 115th place ne', '', 'kirkland', 'WA', '98033', NULL, NULL, NULL, NULL, NULL, NULL, 'sarabrucesehlin@hotmail.com', '425-576-0196', '425-576-0196', 0, 'Credit', 'Visa', '4465079839592403', '10/06', '24.95', '2002:342:2002-12-09', 85, '20021209125840', 85);
INSERT INTO `buyers` VALUES ('Jessica Hightower', 'P.O. Box 869', '', 'Salida', 'CO', '81201', NULL, NULL, NULL, NULL, NULL, NULL, 'Johnny@eterm.com', '719-2210043', '719-2210043', 1, 'Credit', 'Visa', '4217942001229255', '04/04', '14.95', '2002:342:2002-12-09', 86, '20021209154749', 86);
INSERT INTO `buyers` VALUES ('Lynn Beatty', '28a New South Street', '', 'Northampton', 'MA', '01060', NULL, NULL, NULL, NULL, NULL, NULL, 'babu413@yahoo.com', '4135840723', '4135840723', 1, 'Credit', 'Visa', '4792131001324216', '11/04', '14.95', '2002:342:2002-12-09', 87, '20021209155729', 87);
INSERT INTO `buyers` VALUES ('Paul D Parkinson', '536 Chews Landing Road', '', 'Sicklerville', 'NJ', '08081', NULL, NULL, NULL, NULL, NULL, NULL, 'integratedjava@hotmail.com', '(856)4157404', '(856)4157404', 0, 'Credit', 'Visa', '4482750091934686', '807', '9.95', '2002:342:2002-12-09', 88, '20021209161100', 88);
INSERT INTO `buyers` VALUES ('yvonne smith', '928 spruce', '', 'edmonds', 'WA', '98020', NULL, NULL, NULL, NULL, NULL, NULL, 'ypswazzu@hotmail.com', '425-776-4653', '425-7764653', 1, 'Credit', 'Visa', '4888603220352793', '09/05', '49.95', '2002:342:2002-12-09', 89, '20021209162756', 89);
INSERT INTO `buyers` VALUES ('Glenn Keenan', '1170 Fifth Avenue Apt#7A', '', 'New York', 'NY', '10029', NULL, NULL, NULL, NULL, NULL, NULL, 'gkeenan82@aol.com', '212-369-2979', '212-369-2979', 1, 'Credit', 'MasterCard', '5262191013504278', '01/05', '16.45', '2002:342:2002-12-09', 90, '20021209171316', 90);
INSERT INTO `buyers` VALUES ('cheryl rodriguez', '6620 silvery ave.', '', 'las vegas', 'NV', '89108', NULL, NULL, NULL, NULL, NULL, NULL, 'pmaascione@lvcm.com', '702-407-0309', '702-407-0309', 1, 'Credit', 'MasterCard', '5291492123201101', '01/04', '24.95', '2002:347:2002-12-14', 0, '20021214110258', 140);
INSERT INTO `buyers` VALUES ('Kelli Wilson', '215-B Avenida Montalvo', '', 'San Clemente', 'CA', '92672', '', '', '', '', 'AL', '', 'kelli@ochosting.com', '949-498-6777', '949-498-6777', 0, 'Credit', 'Visa', '4217661275030310', '07/06', '41.95', '2003:5:2003-01-06', 218, '20030106072028', 223);
INSERT INTO `buyers` VALUES ('Lori Moller', '4451 high Gate Drive', '', 'Acworth', 'GA', '30101', '', '', '', '', 'AL', '', 'lmoller@paychex.com', '678-574-344', '678-574-3444', 0, 'Credit', 'Visa', '4482480002060484', '11/03', '18.45', '2003:4:2003-01-05', 217, '20030105171612', 222);
INSERT INTO `buyers` VALUES ('Tina L. Davis', '148 W.Prospect Avenue', 'Apartment #31', 'Pittsburgh', 'PA', '15205', 'Tina L. Davis', '2165 Noblestown Road', 'c/o Hair Connection', 'Pittsburgh', 'PA', '15205', 'Teana71@aol.com', '(412) 937-9736', '(412) 937-9736', 0, 'Credit', 'MasterCard', '5424180241291845', '0604', '13.45', '2003:4:2003-01-05', 216, '20030105164026', 221);
INSERT INTO `buyers` VALUES ('Marinell Butler', '15 Skylark Drive #3', '', 'Larkspur', 'CA', '94939', NULL, NULL, NULL, NULL, NULL, NULL, 'Marinell180@aol.com', '5104463690', '4159240480', 0, 'Credit', 'Visa', '4264290361345770', '08/05', '28.95', '2002:347:2002-12-14', 142, '20021214135639', 147);
INSERT INTO `buyers` VALUES ('Kerri Welling', '21350 Woodland Glen Drive', 'Apt. 203', 'Northville', 'MI', '48167', 'Kerri Welling', '5903 Banner Street', '', 'Taylor', 'MI', '48180', 'kwelling25@msn.com', '248-596-3261', '248-374-9059', 0, 'Credit', 'Visa', '4388641851882915', '01/05', '16.95', '2003:4:2003-01-05', 215, '20030105162833', 220);
INSERT INTO `buyers` VALUES ('TAMMIE D. MAYS', '3838 WHITE SANDS DRIVE', '', 'BATON ROUGE', 'LA', '70814-5166', NULL, NULL, NULL, NULL, NULL, NULL, 'she44nae@cox.net', '(225)231-2235', '', 0, 'Credit', 'Visa', '4351792026987460', '07/03', '22.45', '2002:347:2002-12-14', 150, '20021214195311', 155);
INSERT INTO `buyers` VALUES ('cindy stoner', '13101 oak ridge drive', '', 'olive branch', 'MS', '38654', NULL, NULL, NULL, NULL, NULL, NULL, 'cestoner@aol.com', '901-351-8270', '662-893-6565', 0, 'Credit', 'MasterCard', '5424180434386980', '09/04', '27.45', '2002:348:2002-12-15', 151, '20021215054400', 156);
INSERT INTO `buyers` VALUES ('Elizabeth Pratt', '277 Forest Hills Street, Apt. 2', '', 'Boston', 'MA', '02130', NULL, NULL, NULL, NULL, NULL, NULL, 'lizpratt@eden.rutgers.edu', '617-522-7705', '', 0, 'Credit', 'MasterCard', '4417123908828022', '12/05', '28.45', '2002:348:2002-12-15', 152, '20021215102233', 157);
INSERT INTO `buyers` VALUES ('Erin Moriarty', '9856 Zenith Dr', '', 'St. Louis', 'MO', '63123', NULL, NULL, NULL, NULL, NULL, NULL, 'www.erinkmoriarty@yahoo.com', '314-283-5706', '', 1, 'Credit', 'Visa', '4305500078067223', '0903', '45.45', '2002:348:2002-12-15', 153, '20021215111732', 158);
INSERT INTO `buyers` VALUES ('Claire Kats', '3268 Wellesly Ave.', '', 'San Diego', 'CA', '92122', NULL, NULL, NULL, NULL, NULL, NULL, 'cskats@hotmail.com', '858-349-1657', '858-349-1657', 0, 'Credit', 'MasterCard', '5369930082415698', '0804', '53.95', '2002:347:2002-12-14', 154, '20021214175335', 159);
INSERT INTO `buyers` VALUES ('Jennifer Wheeler', '22117-3 Burbank Blvd', '', 'Woodland Hills', 'CA', '91367', NULL, NULL, NULL, NULL, NULL, NULL, 'jennwheeler00@hotmail.com', '818-998-2687', '818-992-8892', 1, 'Credit', 'Visa', '4366133065797630', '04/04', '33.95', '2002:348:2002-12-15', 155, '20021215131952', 160);
INSERT INTO `buyers` VALUES ('Jennifer Wheeler', '22117-3 Burbank Blvd', '', 'Woodland Hills', 'CA', '91367', NULL, NULL, NULL, NULL, NULL, NULL, 'jennwheeler00@hotmail.com', '818-998-2687', '818-992-8892', 0, 'Credit', 'Visa', '4366133065797630', '04/04', '33.95', '2002:348:2002-12-15', 156, '20021215131952', 161);
INSERT INTO `buyers` VALUES ('Jennifer Wheeler', '22117-3 Burbank Blvd', '', 'Woodland hills', 'CA', '91367', NULL, NULL, NULL, NULL, NULL, NULL, 'jennwheeler00@hotmail.com', '818-998-2687', '818-992-8892', 0, 'Credit', 'Visa', '4366133065797630', '04/04', '51.95', '2002:348:2002-12-15', 157, '20021215131952', 162);
INSERT INTO `buyers` VALUES ('alyssa cutright', '103 university avenue', '', 'los gatos', 'CA', '95030', NULL, NULL, NULL, NULL, NULL, NULL, 'acutright@paypal.com', '650-864-8124', '', 0, 'Credit', 'Visa', '4465390011767386', '07/04', '28.95', '2002:348:2002-12-15', 158, '20021215190042', 163);
INSERT INTO `buyers` VALUES ('Ramona Womack', '17324 Pickwick Drive', '', 'Purcellville', 'VA', '20132', '', '', '', '', 'AL', '', 'monawomack@aol.com', '540-338-9543', '', 1, 'Credit', 'Visa', '4011050050618572', '03/04', '45.95', '2003:4:2003-01-05', 214, '20030105082633', 219);
INSERT INTO `buyers` VALUES ('Rowena Ip', '1248 Funston Avenue', '', 'San Francisco', 'CA', '94122', NULL, NULL, NULL, NULL, NULL, NULL, 'row227@sbcglobal.net', '415.977.4265', '', 0, 'Credit', 'Visa', '4266851015335356', '10/05', '27.45', '2002:349:2002-12-16', 160, '20021216001630', 165);
INSERT INTO `buyers` VALUES ('Ashley Ingram', '1670 Huntcliff Drive', '', 'Rock Hill', 'SC', '29732', NULL, NULL, NULL, NULL, NULL, NULL, 'ashyingam@yahoo.com', '803-524-3487', '803-524-3487', 0, 'Credit', 'Visa', '4091155560028619', '11/04', '40.95', '2002:349:2002-12-16', 161, '20021216080322', 166);
INSERT INTO `buyers` VALUES ('Lisa Scipioni', '50 Haven Ave.', 'G-113', 'New York', 'NY', '10032', NULL, NULL, NULL, NULL, NULL, NULL, 'lisa.scipioni@pfizer.com', '212-733-6591', '212-304-7506', 1, 'Credit', 'Visa', '4032130120792246', '02/03', '33.95', '2002:349:2002-12-16', 162, '20021216152749', 167);
INSERT INTO `buyers` VALUES ('dove', '4109 camellia ave', '', 'studio city', 'CA', '91604', NULL, NULL, NULL, NULL, NULL, NULL, 'dove@dovesbodies.com', '818-535-5123', '818-980-7866', 0, 'Credit', 'Visa', '4417122811922344', '06/03', '58.95', '2002:349:2002-12-16', 163, '20021216161145', 168);
INSERT INTO `buyers` VALUES ('Stephanie Hotze', '5667 Little Flower Ave.', '', 'Cincinnati', 'OH', '45239', NULL, NULL, NULL, NULL, NULL, NULL, 'shotze@roanoke.edu', '(513)541-3254', '(513)541-3254', 0, 'Credit', 'Visa', '4430940004778220', '11/04', '21.95', '2002:349:2002-12-16', 164, '20021209184915', 169);
INSERT INTO `buyers` VALUES ('Franki Colangelo', '380 Jubilee Drive', '', 'Bridgeville', 'PA', '15017', NULL, NULL, NULL, NULL, NULL, NULL, 'colangeloharri@att.com', '7248739185', '7248739185', 0, 'Credit', 'Visa', '4430400013271436', '09/04', '39.45', '2002:350:2002-12-17', 165, '20021217054824', 170);
INSERT INTO `buyers` VALUES ('Stephanie Davis', 'c/o Michael S. Morey', '8 N State Street, Suite 301', 'Lake Oswego', 'OR', '97034', NULL, NULL, NULL, NULL, NULL, NULL, 'smdavis29@hotmail.com', '(503) 347-5874', '(503) 347-5874', 1, 'Credit', 'Visa', '4426580020605167', '11/04', '40.45', '2002:350:2002-12-17', 166, '20021217083551', 171);
INSERT INTO `buyers` VALUES ('Martina Gmur', '1773 1st Ave.', 'apt #16', 'New York', 'NY', '10128', NULL, NULL, NULL, NULL, NULL, NULL, 'mngmur@earthlink.net', '212-360-1701', '', 1, 'Credit', 'MasterCard', '5262186286519326', '05/05', '26.95', '2002:350:2002-12-17', 167, '20021217092603', 172);
INSERT INTO `buyers` VALUES ('Uctu Cao', '937 N. Main St.', '', 'Los Angeles', 'CA', '90012', NULL, NULL, NULL, NULL, NULL, NULL, 'stefcao@hotmail.com', '(213) 680-3898', '(626)254-8669', 1, 'Credit', 'MasterCard', '5491000921010737', '05/03', '29.95', '2002:350:2002-12-17', 168, '20021217093905', 173);
INSERT INTO `buyers` VALUES ('Kristina Garcia', '9100 Sandusky Ave.', '', 'Arleta', 'CA', '91331', NULL, NULL, NULL, NULL, NULL, NULL, 'kristobelle@msn.com', '(818) 897-4404', '(818) 897-4404', 1, 'Credit', 'MasterCard', '5334714218577403', '03/03', '16.95', '2002:350:2002-12-17', 169, '20021217103733', 174);
INSERT INTO `buyers` VALUES ('Cheryl Rodriguez', '6620 Silvery Ave', '', 'Las Vegas', 'NV', '89108', NULL, NULL, NULL, NULL, NULL, NULL, 'no', '702-656-8373', '', 1, 'Credit', 'Visa', '4733501235001032', '05/03', '31.95', '2002:350:2002-12-17', 170, '20021217104854', 175);
INSERT INTO `buyers` VALUES ('Kelly Styne', '121 Groverton Place', '', 'Las Angeles', 'CA', '90077', NULL, NULL, NULL, NULL, NULL, NULL, 'styne@earthlink.net', '310-440-0454', '', 1, 'Credit', 'Visa', '4388575069026693', '04/04', '31.95', '2002:350:2002-12-17', 171, '20021217152201', 176);
INSERT INTO `buyers` VALUES ('Sharon Jackson', '1395 Ptarmigan Ct', '', 'Salem', 'OR', '97304', NULL, NULL, NULL, NULL, NULL, NULL, 'kkneufeld@netscape.net', '503-585-8786', '503-585-8786', 1, 'Credit', 'Visa', '4264294805102128', '12/04', '23.45', '2002:350:2002-12-17', 172, '20021217200543', 177);
INSERT INTO `buyers` VALUES ('Ellen G. Miller', '1609 Maddux Lane', '', 'McLean', 'VA', '22101', NULL, NULL, NULL, NULL, NULL, NULL, 'millers4@erols.com', '703-848-4621', '', 1, 'Credit', 'MasterCard', '5490991060181258', '12/04', '68.95', '2002:350:2002-12-17', 173, '20021217202212', 178);
INSERT INTO `buyers` VALUES ('Valerie Mendler', '157 7th Avenue South', '', 'New York', 'NY', '10014', NULL, NULL, NULL, NULL, NULL, NULL, 'Lillav23@aol.com', '646 408 4868', 'same', 1, 'Credit', 'MasterCard', '5443687719993592', '0405', '71.95', '2002:350:2002-12-17', 174, '20021217213829', 179);
INSERT INTO `buyers` VALUES ('kelly much', '13150 harrison', '', 'romulus', 'MA', '48174', NULL, NULL, NULL, NULL, NULL, NULL, 'muchkell@aol.com', '', '7349412346', 0, 'Credit', 'MasterCard', '5490994306222365', '9-03', '21.95', '2002:351:2002-12-18', 175, '20021218032814', 180);
INSERT INTO `buyers` VALUES ('David M Dutro', '2421 North Sawyer', '2nd Flr', 'Chicago', 'IL', '60647', NULL, NULL, NULL, NULL, NULL, NULL, 'mdutro@constructworks.com', '3124233900x504', '7733954880', 1, 'Credit', 'Visa', '4782009994632989', '03/05', '26.45', '2002:351:2002-12-18', 176, '20021218071341', 181);
INSERT INTO `buyers` VALUES ('Robbie Anderson', '409 Summerchase Drive', '', 'Birmingham', 'AL', '35244', NULL, NULL, NULL, NULL, NULL, NULL, 'rsanders@southernco.com', '2052572230', '2059850950', 1, 'Credit', 'Visa', '4094430014800450', '11/04', '51.45', '2002:351:2002-12-18', 177, '20021218085241', 182);
INSERT INTO `buyers` VALUES ('jennifer bresler', '8660 burton way #302', '', 'los angeles', 'CA', '90048', NULL, NULL, NULL, NULL, NULL, NULL, 'jenbresler@aol.com', '310-275-3505', '310-251-4527', 1, 'Credit', 'MasterCard', '5466 1601 4524 9452', '1005', '63.95', '2002:351:2002-12-18', 178, '20021218154445', 183);
INSERT INTO `buyers` VALUES ('Julania Hubbard', '180 Ft. Washington Ave.', 'Harkness 10', 'New York', 'NY', '10031', NULL, NULL, NULL, NULL, NULL, NULL, 'juhubbard@hotmail.com', '240-506-0341', '212-342-2812', 0, 'Credit', 'Visa', '4482750091824762', '08/05', '21.95', '2002:351:2002-12-18', 179, '20021218180920', 184);
INSERT INTO `buyers` VALUES ('Brooke', '982 Baltimore St.', '', 'Hanover', 'PA', '17331', '', '', '', '', 'AL', '', 'Jansen0907@aol.com', '717-792-9512', '717-630-2364', 1, 'Credit', 'Visa', '4317720007969168', '10/04', '39.95', '2003:3:2003-01-04', 213, '20030104220017', 218);
INSERT INTO `buyers` VALUES ('Jeffery Martin', '2873 Old highway 431 S', '', 'Springfield', 'TN', '37172', 'Catherine Raines', '711 Willow Street', '', 'Springfield', 'TN', '37172', 'showtime3321@aol.com', '615-384-6822', '615-384-6822', 0, 'Credit', 'Visa', '4493742700232344', '07/04', '13.45', '2003:3:2003-01-04', 212, '20030104195130', 217);
INSERT INTO `buyers` VALUES ('diane miller', '326 prospect ave 7j', '', 'hackensack', 'NJ', '07601', '', '', '', '', 'AL', '', 'diane0809@aol.com', '201-457-0007', '201-457-0007', 0, 'Credit', 'Visa', '4559512600656673', '1103', '16.95', '2003:2:2003-01-03', 211, '20030103111720', 216);
INSERT INTO `buyers` VALUES ('Billie Stain', '814 South Worth', '', 'Sullivan', 'IL', '61951', NULL, NULL, NULL, NULL, NULL, NULL, 'kayebillie_stain929@hotmail.com', '2177287076', '', 0, 'Credit', 'MasterCard', '5121070162282012', '06/05', '16.95', '2002:352:2002-12-19', 184, '20021219114805', 189);
INSERT INTO `buyers` VALUES ('Erin Solom', '1227 North Arnold Ave', '', 'Thief River Falls', 'MN', '56701', NULL, NULL, NULL, NULL, NULL, NULL, 'e_solom@hotmail.com', '218-425-7477', '', 1, 'Credit', 'Visa', '4323710155596907', '0704', '18.45', '2002:353:2002-12-20', 185, '20021220113200', 190);
INSERT INTO `buyers` VALUES ('Amanda Zimmerman', '1313 Oakview Drive', '', 'St. Marys', 'OH', '45885', NULL, NULL, NULL, NULL, NULL, NULL, 'rzimmerman6@woh.rr.com', '', '419-394-7101', 1, 'Credit', 'MasterCard', '5145890000055607', '10/05', '23.45', '2002:353:2002-12-20', 186, '20021220202624', 191);
INSERT INTO `buyers` VALUES ('Erin Hoeksema', '2449 Crestline Road', '', 'Pleasanton', 'CA', '94566', NULL, NULL, NULL, NULL, NULL, NULL, 'esben1039@yahoo.com', '(925)485-0844', '(925) 989-4706', 1, 'Credit', 'MasterCard', '5334714101445205', '0703', '19.95', '2002:353:2002-12-20', 187, '20021220212112', 192);
INSERT INTO `buyers` VALUES ('Suan Colameco', '6900-29 Daniels Pkwy 229', '', 'Ft Myrts', 'FL', '33912', NULL, NULL, NULL, NULL, NULL, NULL, 'iq24u2@comcast.ner', '2394774370', '2394101059', 1, 'Credit', 'MasterCard', '5509581180012001', '01/05', '42.95', '2002:354:2002-12-21', 188, '20021221004443', 193);
INSERT INTO `buyers` VALUES ('Denise Cherney', '3511 Scarecrow Ct.', '', 'Freehold', 'NJ', '07728', NULL, NULL, NULL, NULL, NULL, NULL, 'PeaKD@aol.com', '', '732-863-9494', 0, 'Credit', 'MasterCard', '5410658429964107', '12/05', '18.45', '2002:354:2002-12-21', 189, '20021221084230', 194);
INSERT INTO `buyers` VALUES ('ELLEN TANNENBAUM', '2 NARCISSUS DRIVE', '', 'MAHOPAC', 'NY', '10541', NULL, NULL, NULL, NULL, NULL, NULL, 'STORYTELLER@PLAYFUL.COM', '914-248-4640', '914-248-4640', 0, 'Credit', 'MasterCard', '5178052187966193', '04/04', '38.95', '2002:355:2002-12-22', 190, '20021222110959', 195);
INSERT INTO `buyers` VALUES ('Misha Rehage', '4913 Hastings St.', '', 'Metairie', 'LA', '70006', NULL, NULL, NULL, NULL, NULL, NULL, 'mimilovestony@yahoo.com', '(504)4541200', '(504)4554324', 0, 'Credit', 'Visa', '4011740001802446', '0806', '19.95', '2002:355:2002-12-22', 191, '20021222235007', 196);
INSERT INTO `buyers` VALUES ('Rachel Sypho', '2215 Lawnmont Ave #207', '', 'Austin', 'TX', '78756', NULL, NULL, NULL, NULL, NULL, NULL, 'littlerachel111@hotmail.com', '512-459-5393', '512-420-9660', 0, 'Check', 'Visa', '', '', '18.45', '2002:356:2002-12-23', 192, '20021223121154', 197);
INSERT INTO `buyers` VALUES ('Lynn Morgan', '6106 South Park', '', 'Tacoma', 'WA', '98408', NULL, NULL, NULL, NULL, NULL, NULL, 'tendrbaby@aol.com', '(206)358-7761', '(253)471-2578', 1, 'Credit', 'Visa', '4465079082957311', '11/05', '18.45', '2002:356:2002-12-23', 193, '20021223132722', 198);
INSERT INTO `buyers` VALUES ('Marla B. Schaffer', 'Leaders In Travel, Ltd.', '200 Middle Neck Road', 'Great Neck', 'NY', '11021', NULL, NULL, NULL, NULL, NULL, NULL, 'marla@leadersintravel.com', '516-829-0880 x111', '', 1, 'Credit', 'Visa', '4128003217134942', '02/05', '80.95', '2002:357:2002-12-24', 194, '20021224073143', 199);
INSERT INTO `buyers` VALUES ('Jennifer Stott', '325 Warrior Drive # 14', '', 'Murfreesboro', 'TN', '37128', NULL, NULL, NULL, NULL, NULL, NULL, 'jenstott@bellsouth.net', '615-890-0990', '', 1, 'Credit', 'Visa', '4011800702166440', '0504', '16.95', '2002:359:2002-12-26', 195, '20021226100703', 200);
INSERT INTO `buyers` VALUES ('Candace Crawford', 'Dept. of Neurological Surgery', '510 E 70th St.', 'New York', 'NY', '10021', NULL, NULL, NULL, NULL, NULL, NULL, 'cmc2007@med.cornell.edu', '212) 746-2167', '', 1, 'Credit', 'MasterCard', '5443687705187225', '0103', '86.95', '2002:359:2002-12-26', 196, '20021226111508', 201);
INSERT INTO `buyers` VALUES ('jennifer giles', '1833 leverette', '', 'detroit', 'MI', '48216', NULL, NULL, NULL, NULL, NULL, NULL, 'sgilesus@msn.com', '313 963 0879', '313 963 0879', 1, 'Credit', 'Visa', '4470064101561594', '04/04', '18.45', '2002:359:2002-12-26', 197, '20021226170255', 202);
INSERT INTO `buyers` VALUES ('Theresa Henry', '117 Coventry Ct', '', 'Columbia', 'MO', '65203', NULL, NULL, NULL, NULL, NULL, NULL, 'henrysfacilities@aol.com', '5738741182x1166', '5734472214', 0, 'Credit', 'Visa', '4412810002164396', '05/05', '11.95', '2002:362:2002-12-29', 198, '20021229132811', 203);
INSERT INTO `buyers` VALUES ('Becky R. Grant', '5509 West 63rd Place', '1st Floor', 'Chicago', 'IL', '60638', NULL, NULL, NULL, NULL, NULL, NULL, 'livetodance@msn.com', '(773)301-1087', '(773)735-8343', 1, 'Credit', 'MasterCard', '5416600001080674', '0303', '52.45', '2002:362:2002-12-29', 199, '20021229173029', 204);
INSERT INTO `buyers` VALUES ('AMY HOWARTH', '212 JOLIET AVE', '', 'HUNTINGTON BEACH', 'CA', '92648', NULL, NULL, NULL, NULL, NULL, NULL, 'AMYHO@GUESS.COM', '2137653092', '7149697371', 1, 'Credit', 'Visa', '4388523043563183', '9/03', '35.95', '2002:362:2002-12-29', 200, '20021229185314', 205);
INSERT INTO `buyers` VALUES ('Wendy Kinsey', '1517 Remington Drive', '', 'Westlake', 'OH', '44145', NULL, NULL, NULL, NULL, NULL, NULL, 'wkinsey@jacleveland.org', '216-861-8080', '440-835-0048', 0, 'Credit', 'MasterCard', '5230022019070866', '02/05', '36.95', '2002:363:2002-12-30', 201, '20021230100638', 206);
INSERT INTO `buyers` VALUES ('Heather Wesley', '33 Chadwick Road', '', 'White Plains', 'NY', '10604', NULL, NULL, NULL, NULL, NULL, NULL, 'heather@blackground.com', '310.739.6653', '', 1, 'Credit', 'MasterCard', '5443687722979430', '07/05', '31.95', '2002:363:2002-12-30', 202, '20021230222508', 207);
INSERT INTO `buyers` VALUES ('Jaclyn Longbotham', '5701 Sandshell Dr. #900', '', 'Fort Worth', 'TX', '76137', NULL, NULL, NULL, NULL, NULL, NULL, 'jlongbotham@yahoo.com', '', '817-232-5603', 1, 'Check', 'Visa', '', '', '13.45', '2002:364:2002-12-31', 203, '20021231073945', 208);
INSERT INTO `buyers` VALUES ('Nicole Cox', '3229 Crockett Street', '', 'Amarillo', 'TX', '79109', NULL, NULL, NULL, NULL, NULL, NULL, 'nscox@hotmail.com', '806.351.2616', '', 1, 'Check', 'Visa', '', '', '19.95', '2002:364:2002-12-31', 204, '20021231075735', 209);
INSERT INTO `buyers` VALUES ('Nicole Cox', '3229 Crockett Street', '', 'Amarillo', 'TX', '79109', NULL, NULL, NULL, NULL, NULL, NULL, 'nscox@hotmail.com', '806.351.2616', '', 1, 'Credit', 'MasterCard', '5291152138096660', '02/04', '19.95', '2002:364:2002-12-31', 205, '20021231075735', 210);
INSERT INTO `buyers` VALUES ('dagmara bulat', '2913 n whipple', '', 'chicago', 'IL', '60618', NULL, NULL, NULL, NULL, NULL, NULL, 'dbulat2@aol.com', '773 2799175', '', 1, 'Credit', 'Visa', '4266380006146481', '11/04', '18.45', '2002:364:2002-12-31', 206, '20021231121724', 211);
INSERT INTO `buyers` VALUES ('sherry hodge', '10220 B Riverside Drive', '', 'Toluca Lake', 'CA', '91602', '', '', '', '', 'AL', '', 'sherry@bungalow3.com', '8187601333', '', 0, 'Credit', 'MasterCard', '5588320000618778', '01/04', '33.45', '2003:2:2003-01-03', 210, '20030103094822', 215);
INSERT INTO `buyers` VALUES ('constance heitz', '3718 w. sundial pl.', '', 'tucson', 'AZ', '85742', '', '', '', '', 'AL', '', 'cmheitz@comcast.net', '520-744-7109', '520-744-7109', 0, 'Credit', 'MasterCard', '5424180470434769', '06/03', '76.40', '2003:1:2003-01-02', 209, '20030102185242', 214);
INSERT INTO `buyers` VALUES ('Melissa Hain', '6855 E. Edgewater Drive', 'Apt. 2D', 'Coral Gables', 'FL', '33133', '', '', '', '', 'AL', '', 'melhain@aol.com', '3056632590', '', 1, 'Credit', 'MasterCard', '5446029000091413', '03/04', '16.95', '2003:5:2003-01-06', 219, '20030106075756', 224);
INSERT INTO `buyers` VALUES ('Grace Gabriel', '3806 North Wenas Road', '', 'selah', 'WA', '98942', '', '', '', '', 'AL', '', 'gabriel_g@zsd.wednet.edu', '509-829-5565', '509-698-3272', 0, 'Credit', 'Visa', '4266290245647324', '0204', '26.95', '2003:5:2003-01-06', 220, '20030106101946', 225);
INSERT INTO `buyers` VALUES ('Kathy Duque', '35 4th st. S.E.', '', 'LeMars', 'IA', '51031', '', '', '', '', 'AL', '', 'hugkat@lemarscomm.net', '712-546-4000', '712-546-6965', 0, 'Credit', 'MasterCard', '5418882590015091', '04/04', '16.95', '2003:5:2003-01-06', 221, '20030106103539', 226);
INSERT INTO `buyers` VALUES ('Kim J. McCluski', '35 Wexford Glen', '', 'Pittsford', 'NY', '14534', '', '', '', '', 'AL', '', 'smcclus1@rochester.rr.com', '585-383-0575', '585-383-0575', 0, 'Credit', 'MasterCard', '5490997071002367', '11/05', '18.45', '2003:5:2003-01-06', 222, '20030106114900', 227);
INSERT INTO `buyers` VALUES ('Susan Kirkpatrick', '5910 Grand Avenue', '', 'Kansas City', 'MO', '64113', '', '', '', '', 'AL', '', 'skirkpatrick@hearst.com', '816-760-9157', '', 1, 'Credit', 'Visa', '4432644262183572', '0805', '39.95', '2003:5:2003-01-06', 223, '20030106123027', 228);
INSERT INTO `buyers` VALUES ('Virginia Fargher', '4618 Volo Mine Dr', '', 'Diamond Springs', 'CA', '95619', 'Ginna Fargher', '4618 Volo Mine Dr', '', 'Diamond Springs', 'CA', '95619', 'vfargher@d-web.com', '530-642-2433', '530-642-2433', 0, 'Check', 'Visa', '', '', '13.45', '2003:5:2003-01-06', 224, '20030106123225', 229);
INSERT INTO `buyers` VALUES ('Cyndie Sheridan', '3601 Vine Circle', '', 'Rocklin', 'CA', '95765', '', '650 Howe Avenue, Ste. 100', '', 'Sacramento', 'CA', '95825', 'cds4jc@yahoo.com', '916-648-9888', '916-435-1976', 0, 'Credit', 'Visa', '4217658946558919', '05/06', '19.95', '2003:5:2003-01-06', 225, '20030106190040', 230);
INSERT INTO `buyers` VALUES ('rebecca howe', '240 elm st', '', 'wabash', 'IN', '46992', '', '', '', '', 'AL', '', 'bhowe@pathfinderservices.org', '260 563-2216', '260 569-7403', 0, 'Credit', 'MasterCard', '5424 1801 3561 1553', '5/31/04', '21.95', '2003:6:2003-01-07', 226, '20030107160723', 231);
INSERT INTO `buyers` VALUES ('Heather Tresnicky', '11800 Braesview  1816', '', 'San Antonio', 'TX', '78213', '', '', '', '', 'AL', '', 'polkidots1@aol.com', '210-213-6892', '', 1, 'Credit', 'Visa', '4744720004366007', '10/04', '18.45', '2003:6:2003-01-07', 227, '20030107162538', 232);
INSERT INTO `buyers` VALUES ('ERONE C. DESAUSSURE', '7330 GILA CT.', '', 'PALMDALE', 'CA', '93551', '', '', '', '', 'AL', '', 'PHANTAZYONE!@AOL.COM', '661-965-2378', '661-943-4795', 0, 'Credit', 'Visa', '4465790013112681', '11-03', '34.95', '2003:6:2003-01-07', 228, '20030107200519', 233);
INSERT INTO `buyers` VALUES ('Kathleen Sperrick', '935 Village Green Lane', '#1039', 'Waterford', 'MI', '48328', '', '', '', '', 'AL', '', 'purrcy58@comcast.net', '248-901-4076', '248-682-1698', 1, 'Credit', 'Visa', '4432205381067102', '11/05', '21.95', '2003:7:2003-01-08', 229, '20030108111240', 234);
INSERT INTO `buyers` VALUES ('Kathryn Cannon', '5393 Gainsborough Dr.', '', 'Fairfax', 'VA', '22032', '', '', '', '', 'AL', '', 'Kat04@quackquack.com', '', '7037649618', 0, 'Check', 'Visa', '', '', '23.45', '2003:7:2003-01-08', 230, '20030108130602', 235);
INSERT INTO `buyers` VALUES ('mildred wallace', '1309 herkimer', '', 'houston', 'TX', '77008', '', '', '', '', 'AL', '', 'msmilliew@aol.com', '713-942-1400', '713-861-9672', 0, 'Credit', 'Visa', '4011830111915715', '04/03', '32.95', '2003:8:2003-01-09', 231, '20030109070442', 236);
INSERT INTO `buyers` VALUES ('Debra Moran', '131 Golden Oak Drive', '', 'Guyton', 'GA', '31312', '', '', '', '', 'AL', '', 'dmoran@estron.com', '912-728-6687', '912-728-6686', 1, 'Credit', 'MasterCard', '5490912000556748', '09/04', '18.45', '2003:8:2003-01-09', 232, '20030109102447', 237);
INSERT INTO `buyers` VALUES ('R. T. Adams', '1900 Fox Tower', '805 SW Broadway', 'Portland', 'OR', '97205', 'R. T. Adams', '1900 Fox Tower', '805 SW Broadway', 'Portland', 'OR', '97205', 'rta@bhlaw.com', '503-417-2132', '503-417-2132', 1, 'Credit', 'Visa', '4888603222235293', '08/03', '24.95', '2003:8:2003-01-09', 233, '20030109104843', 238);
INSERT INTO `buyers` VALUES ('Steve Cawood', '1934 Ridge Avenue', '', 'Montgomery', 'AL', '36106', '', '', '', '', 'AL', '', 'Peanutzie18@hotmail.com', '334-264-0001', '334-264-0001', 0, 'Credit', 'MasterCard', '5490991496116241', '03/03', '18.45', '2003:9:2003-01-10', 234, '20030110112427', 239);
INSERT INTO `buyers` VALUES ('madge patterson', '357 college drive', '', 'gaffney', 'SC', '29340', 'julia pedersen', '6387 simmons bluff road', '', 'yonges island', 'SC', '29449', 'bpatter@bellsouth.net', '', '8644896105', 1, 'Credit', 'MasterCard', '5437000504599004', '09/05', '58.95', '2003:10:2003-01-11', 235, '20030111184247', 240);
INSERT INTO `buyers` VALUES ('Yasmine Pahlavi', '1200 19th Street NW  Suit 200', '', 'Washington DC', 'DC', '20036', '', '', '', '', 'AL', '', 'ypahlavi@childrenslawcenter.org', '202-467-4900 ext.16', '301-299-0813', 0, 'Credit', 'MasterCard', '5411 9570 1079 7978', '11/03', '47.45', '2003:14:2003-01-15', 236, '20030115123928', 241);
INSERT INTO `buyers` VALUES ('Brenda Jones', '815 S. Sherbourne Dr. #1', '', 'Los Angeles', 'CA', '90035', 'Basak Ayter', '311 West 50th St. #7D', '', 'New York', 'NY', '10019', 'brendaj@usc.edu', '310-360-1664', '', 1, 'Credit', 'MasterCard', '5441143000022339', '11/03', '19.50', '2003:16:2003-01-17', 237, '20030117172640', 242);
INSERT INTO `buyers` VALUES ('Reiko Kamidate', '99 Pine St, Apt 1A', '', 'Montclair', 'NJ', '07042', '', '', '', '', 'AL', '', 'reiko_kamidate@hotmail.com', '2127023766', '9737468477', 0, 'Check', 'Visa', '', '', '27.50', '2003:18:2003-01-19', 238, '20030119151813', 243);
INSERT INTO `buyers` VALUES ('Catherine Reifschneider', '2825 Monument Valley Drive', '', 'Gering', 'NE', '69341', '', '', '', '', 'AL', '', 'safoair@yahoo.com', '308-632-8814', '308-632-8814', 1, 'Credit', 'MasterCard', '5407070000323767', '05/05', '21.00', '2003:18:2003-01-19', 239, '20030119190727', 244);
INSERT INTO `buyers` VALUES ('Meredith Iken Matson', '18082 82nd Ave. N', '', 'Maple Grove', 'MN', '55311', '', '', '', '', 'AL', '', 'NA', 'NA', '', 1, 'Check', 'Visa', '', '', '21.00', '2003:19:2003-01-20', 240, '20030120161824', 245);
INSERT INTO `buyers` VALUES ('Kathleen H. Cleary', '2852 Valley Forge RD', '', 'Lisle', 'IL', '60532', '', '', '', '', 'AL', '', 'explorerkhc@aol.com', '630-983-4966', '630-420-8846', 0, 'Credit', 'MasterCard', '5491130180946402', '12/05', '37.00', '2003:21:2003-01-22', 241, '20030122122810', 246);
INSERT INTO `buyers` VALUES ('Fayth McLenithan', '150 Oceanview Dr', '', 'Asan', 'GU', '96915', 'Fayth McLenithan', '150 Oceanview Dr', '', 'Asan', 'GU', '96915', 'fayth721@hotmail.com', '671 687 1086', '671 477 7107', 1, 'Check', 'Visa', '', '', '48.00', '2003:23:2003-01-24', 242, '20030124020823', 247);
INSERT INTO `buyers` VALUES ('Fayth McLenithan', '150 Oceanview Dr', '', 'Asan', 'GU', '96915', '', '', '', '', 'AL', '', 'fayth721@hotmail.com', '671 687 1086', '671 477 7107', 0, 'Credit', 'Visa', '4063151069211073', '05/05', '48.00', '2003:23:2003-01-24', 243, '20030124063054', 248);
INSERT INTO `buyers` VALUES ('Ally Sickeler', '108 Linkside Court', '', 'Woodstock', 'GA', '30189', '', '', '', '', 'AL', '', 'allysickeler@cs.com', '7705918658', '7705918658', 0, 'Credit', 'Visa', '4190013017102836', '4/03', '47.00', '2003:24:2003-01-25', 244, '20030125104149', 249);
INSERT INTO `buyers` VALUES ('Robin Mann', '85 Pomeroy Street', '', 'Marietta', 'GA', '30064', '', '', '', '', 'AL', '', 'rmann@postproperties.com', '4048465004', '7705149835', 1, 'Credit', 'Visa', '4356190024608664', '12/05', '65.45', '2003:25:2003-01-26', 245, '20030126083129', 250);
INSERT INTO `buyers` VALUES ('Kevin Gilpatrick', '13656 Gunsmoke Rd.', '', 'Moorpark', 'CA', '93021', '', '', '', '', 'AL', '', 'danaonly@pacbell.net', '310-828-6056', '805-553-9571', 0, 'Credit', 'MasterCard', '5369935130243976', '10/03', '14.50', '2003:25:2003-01-26', 246, '20030126235026', 251);
INSERT INTO `buyers` VALUES ('Valley Personal Care, Inc. -Barbara Murphy', '3005 Brodhead Rd.   Suite 288', '', 'Bethlehem', 'PA', '18020', '', '', '', '', 'AL', '', 'murph18020@yahoo.com', '610-867-7226', '610-751-6244', 0, 'Credit', 'MasterCard', '5477535097950016', '02/04', '38.00', '2003:30:2003-01-31', 247, '20030131100128', 252);
INSERT INTO `buyers` VALUES ('Kelly Styne', '121 Groverton Place', '', 'Los Angeles', 'CA', '90077', '', '', '', '', 'AL', '', 'styne@earthlink.net', '310-440-0454', '', 1, 'Credit', 'Visa', '4388575069026693', '04/04', '58.95', '2003:30:2003-01-31', 248, '20030131194955', 253);
INSERT INTO `buyers` VALUES ('Lindsey George', '650 Dabney Residence Hall', '2715 Scioto St.', 'Cincinnati', 'OH', '45219', '', '', '', '', 'AL', '', 'liguc@hotmail.com', '513-556-7299', '513-556-7299', 1, 'Credit', 'Visa', '4060420268228318', '09/03', '36.95', '2003:33:2003-02-03', 249, '20030203221104', 254);
INSERT INTO `buyers` VALUES ('Michon Ashmore', '740 e  Brevard St', 'Apt C', 'Tallahasee', 'FL', '32308', '', '', '', '', 'AL', '', 'michon55@yahoo.com', '850-577-3519', '850-577-3519', 1, 'Credit', 'Visa', '4467440000075875', '07/03', '24.50', '2003:34:2003-02-04', 250, '20030204191853', 255);
INSERT INTO `buyers` VALUES ('bernhard borges', '25555 north windy walk dr. 42', '', 'scottsdale', 'AZ', '85255', 'ashleigh borges', '25555 north windy walk dr. 42', '', 'scottsdale', 'AZ', '85255', 'borges@attglobal.net', '4805854467', '', 0, 'Credit', 'MasterCard', '5424180357235495', '06/03', '23.00', '2003:37:2003-02-07', 251, '20030206195436', 256);
INSERT INTO `buyers` VALUES ('Shelly Ward', '530 Maple Lane', '', 'Darien', 'IL', '60561', '', '', '', '', 'AL', '', 'tomshellyward@att.net', '630-852-6778', '630-852-6778', 1, 'Credit', 'Visa', '4718590000079124', '11/04', '33.00', '2003:37:2003-02-07', 252, '20030207205114', 257);
INSERT INTO `buyers` VALUES ('x', 'x', 'x', 'x', 'AL', 'x', '', '', '', '', 'AL', '', 'x', 'x', 'x', 1, 'Check', 'Visa', '', '', '34.50', '2003:37:2003-02-07', 253, '20030207225024', 258);
INSERT INTO `buyers` VALUES ('x', 'x', 'x', 'x', 'AL', 'x', '', '', '', '', 'AL', '', 'x', 'x', 'x', 1, 'Check', 'Visa', '', '', '34.50', '2003:37:2003-02-07', 254, '20030207225024', 259);
INSERT INTO `buyers` VALUES ('robin mays', '14125 182nd street', '', 'springfield gardens', 'NY', '11413', '', '', '', '', 'AL', '', 'six_shot25@hotmail.com', '917-541-8342', '', 1, 'Credit', 'Visa', '4305500334077693', '07/04', '24.50', '2003:38:2003-02-08', 255, '20030208035811', 260);
INSERT INTO `buyers` VALUES ('Mary Lisa Gredler', '503 Bobbin Brook Lane', '', 'Tallahasee', 'FL', '32312', '', '', '', '', 'AL', '', 'gredlers@comcast.net', '850-668-1147', '850-668-1147', 1, 'Credit', 'MasterCard', '5490990035068855', '0205', '281.00', '2003:40:2003-02-10', 256, '20030210114131', 261);
INSERT INTO `buyers` VALUES ('Christina Lawson', '1920 West Alabama # 16', '', 'Houston', 'TX', '77098', 'Tamara Brewer', '16919 Barkentine Lane', '', 'Friendswood', 'TX', '77546', 'christinamlawson@hotmail.com', '713-629-5665', '713-480-4151', 0, 'Credit', 'Visa', '4356030030172562', '10/05', '19.95', '2003:41:2003-02-11', 257, '20030211125027', 262);
INSERT INTO `buyers` VALUES ('Lucinda C Dwight', '1220 Adams St.', 'Apt 208', 'Dorchester', 'MA', '02124', '', '', '', '', 'AL', '', 'cindy_dwight@us.ibm.com', '6172984426', '6172984426', 1, 'Credit', 'Visa', '4264294220817672', '08/05', '154.95', '2003:41:2003-02-11', 258, '20030211135624', 263);
INSERT INTO `buyers` VALUES ('Rosetta Mitchell', '2201 Chase Street', '', 'Gary', 'IN', '46404', '', '', '', '', 'AL', '', 'rosetta@zeetta.com', '212-656-1216', '212-656-1216', 1, 'Credit', 'Visa', '4060320535707807', '04/04', '14.00', '2003:42:2003-02-12', 259, '20030212143206', 264);
INSERT INTO `buyers` VALUES ('Serena Mullet', '4552 Andes Drive', '', 'Fairfax', 'VA', '22030', '', '', '', '', 'AL', '', 'sjm1137@aol.com', '703-352-9019', '', 0, 'Credit', 'Visa', '4388523011238883', '05/04', '43.00', '2003:43:2003-02-13', 260, '20030213133009', 265);
INSERT INTO `buyers` VALUES ('xxxxxxxxxxxx', 'xxxxxxxxxxxx', 'xxxxxxxxxxxx', 'xxxxxxxxxxxx', 'AL', '666', '', '', '', '', 'AL', '', 'xxxxxxxxxxxx', '666', '666', 1, 'Check', 'Visa', '', '', '131.95', '2003:43:2003-02-13', 261, '20030213232602', 266);
INSERT INTO `buyers` VALUES ('xxxxxxxxxxxx', 'xxxxxxxxxxxx', 'xxxxxxxxxxxx', 'xxxxxxxxxxxx', 'AL', '666', '', '', '', '', 'AL', '', 'xxxxxxxxxxxx', '666', '666', 1, 'Check', 'Visa', '', '', '131.95', '2003:43:2003-02-13', 262, '20030213232602', 267);
INSERT INTO `buyers` VALUES ('a', 'a', 'a', 'a', 'AL', 'a', '', '', '', '', 'AL', '', 'a', 'a', 'a', 1, 'Check', 'Visa', '', '', '15.00', '2003:43:2003-02-13', 263, '20030213233141', 268);
INSERT INTO `buyers` VALUES ('a', 'a', 'a', 'a', 'AL', 'a', '', '', '', '', 'AL', '', 'a', 'a', 'a', 1, 'Check', 'Visa', '', '', '15.00', '2003:43:2003-02-13', 264, '20030213233141', 269);
INSERT INTO `buyers` VALUES ('a', 'a', 'a', 'a', 'AL', 'a', '', '', '', '', 'AL', '', 'a', 'a', 'a', 1, 'Check', 'Visa', '', '', '15.00', '2003:43:2003-02-13', 265, '20030213233141', 270);
INSERT INTO `buyers` VALUES ('Samantha Hall', '1426 Pine St.', '', 'Iowa City', 'IA', '52240', '', '', '', '', 'AL', '', 'samhall80@yahoo.com', '3193372640', '3193372640', 1, 'Credit', 'Visa', '4022030510071528', '0104', '15.00', '2003:47:2003-02-17', 266, '20030217031533', 271);
INSERT INTO `buyers` VALUES ('Samantha Hall', '3608 Caribou Ct.', '', 'Cedar Rapids', 'IA', '52402', 'Samantha Hall', '1426 Pine St.', '', 'Iowa City', 'IA', '52240', 'samhall80@yahoo.com', '3193372640', '3193372640', 1, 'Credit', 'Visa', '4022030510071528', '0104', '15.00', '2003:47:2003-02-17', 267, '20030217032146', 272);
INSERT INTO `buyers` VALUES ('Test', 'Test', 'Test', 'Test', 'AL', '12345', '', '', '', '', 'AL', '', 'flkdfjdsklj', 'djkfsdlfkj', 'dfksdfkj', 1, 'Check', 'Visa', '', '', '36.00', '2003:47:2003-02-17', 268, '20030217151505', 273);
INSERT INTO `buyers` VALUES ('Allison Mullen', '204 -L   Rotunda Cir.', '', 'Newport News', 'VA', '23608', '', '', '', '', 'AL', '', 'hiphopn757@aol.com', '757-874-9423', '757-874-9423', 1, 'Credit', 'MasterCard', '5178-0521-6745-4848', '03/04', '22.00', '2003:48:2003-02-18', 269, '20030218211716', 274);
INSERT INTO `buyers` VALUES ('Maria Muratori', '7803 Strawberry Court', '', 'Worthington', 'OH', '43085', '', '', '', '', 'AL', '', 'mmurator@insight.rr.com', '6148851983', '6148851983', 0, 'Credit', 'Visa', '4417168084168263', '11/05', '60.95', '2003:49:2003-02-19', 270, '20030219220342', 275);
INSERT INTO `buyers` VALUES ('Lisa Matrasko', '843 W. Adams St. # 407', '', 'Chicago', 'IL', '60607', 'Lisa Matrasko', 'c/o Guarantee Trust Life', '1275 Milwaukee Ave.', 'Glenview', 'IL', '60025', 'matrasko@msn.com', '847-699-0600, x. 500', '312-226-8869', 0, 'Credit', 'MasterCard', '5413512003213737', '11/04', '50.00', '2003:52:2003-02-22', 271, '20030222230929', 276);
INSERT INTO `buyers` VALUES ('judith a donathan', '14715 old town ct', '', 'riverview', 'MI', '48192', 'karla m krogol', '5475 pepperbrook ct', '', 'las vegas', 'NV', '89120', 'judith donathan@yahoo.com', '7342812068', '7342812068', 1, 'Credit', 'Visa', '4417121152375880', '10/03', '35.00', '2003:54:2003-02-24', 272, '20030224085628', 277);
INSERT INTO `buyers` VALUES ('Robin Cloud', '4301 Ashford Gables Dr.', '', 'Dunwoody', 'GA', '30338', '', '', '', '', 'AL', '', 'hotpink@mindspring.com', '', '770-698-9393', 0, 'Credit', 'Visa', '4499968000110369', '0105', '14.00', '2003:55:2003-02-25', 273, '20030225103031', 278);
INSERT INTO `buyers` VALUES ('Anne Bradley', '3760 Camels View', '', 'Colorado Springs', 'CO', '80904', 'same', 'same', '', 'same', 'CO', '80904', 'annebradley@adelphia.net', '719 633-8501', '', 0, 'Credit', 'MasterCard', '5546 0830 1904 3633', '04/2003', '22.00', '2003:56:2003-02-26', 274, '20030226171358', 279);
INSERT INTO `buyers` VALUES ('max k. kuney', '3326 e. weir ave.', '', 'phoenix', 'DC', '85040', '', '', '', '', 'AL', '', 'mkuney3326@aol.com', '6023771948', '6023771948', 0, 'Credit', 'MasterCard', '5424180480333357', '09/30/03', '80.95', '2003:63:2003-03-05', 275, '2003030509431465.165.177.12', 280);
INSERT INTO `buyers` VALUES ('Kim Wells', '637 Beachcomber Drive', '', 'Seal Beach', 'CA', '90740', 'Cathy Olaerts', '1615 Hermann Avenue #2408', '', 'Houston', 'TX', '77004', 'kimwells@adelphia.net', '714 800-6180', '714 800-6180', 1, 'Credit', 'Visa', '4789475149713011', '08/04', '30.00', '2003:65:2003-03-07', 276, '20030228141827', 281);
INSERT INTO `buyers` VALUES ('christine prohaska', '262 san francisco ave', '', 'pomona', 'CA', '91767', '', '', '', '', 'AL', '', 'prohaska67@yahoo.com', '9094698833', '9098655555', 1, 'Credit', 'Visa', '4366188460169421', '05/05', '175.90', '2003:67:2003-03-09', 277, '20030309024913', 282);
INSERT INTO `buyers` VALUES ('ShanShan Fu', '37171 Sycamore St #1128', '', 'newark', 'CA', '94560', '', '', '', '', 'AL', '', 'sandy0502@hotmail.com', '5103014550', '5104948750', 0, 'Credit', 'Visa', '4313031896003570', '0704', '20.00', '2003:67:2003-03-09', 278, '20030309054134', 283);
INSERT INTO `buyers` VALUES ('Jenny Sherman', '1505 NW Kingston Rd', '', 'Blue Springs', 'MO', '64015', '', '', '', '', 'AL', '', 'jsherman101@hotmail.com', '816.224.2558', '816.224.2558', 0, 'Credit', 'MasterCard', '5491130317954949', '10/03', '32.00', '2003:69:2003-03-11', 279, '20030311125856', 284);
INSERT INTO `buyers` VALUES ('jiyoung kim(young kim)', '525 7th ave. 8th fl. Rafael', '', 'New York', 'NY', '10018', '', '', '', '', 'NY', '', 'jiyoungkim@earthlink.com', '212-869-0750', '718-813-2694', 0, 'Credit', 'Visa', '4128003899272408', '08/03', '14.00', '2003:70:2003-03-12', 280, '20030312133906', 285);
INSERT INTO `buyers` VALUES ('JUDY CHIU', '883 VALLEJO STREET', '', 'SAN FRANCISCO', 'CA', '94133', '', '', '', '', 'AL', '', 'PEONIES82@AOL.COM', '4153077648', '4153077648', 0, 'Credit', 'Visa', '4121742161542876', '10/04', '34.00', '2003:71:2003-03-13', 281, '20030313003616', 286);
INSERT INTO `buyers` VALUES ('DAGMARA BULAT', '2913 N WHIPPLE CHICAGO IL 60618', '', 'CHICAGO', 'IL', '60618', '', '', '', '', 'AL', '', 'DBULAT2@AOL.COM', '773 279-9175', '', 0, 'Credit', 'Visa', '4266380006146481', '11/04', '58.95', '2003:72:2003-03-14', 282, '20030314151344', 287);
INSERT INTO `buyers` VALUES ('Karen Huh', '920 N 34th St Apt 8', '', 'Seattle', 'WA', '98103', 'Karen Huh', 'IDG Ventures', '800 Fifth Avenue Suite 4100', 'Seattle', 'WA', '98104', 'kjhuh@hotmail.com', '206-382-9924', '', 0, 'Credit', 'MasterCard', '5424180510791988', '10/05', '40.00', '2003:76:2003-03-18', 283, '20030318120828', 288);
INSERT INTO `buyers` VALUES ('Sanna Shah', '10922 Brent Road', '', 'Potomac', 'MD', '20854', '', '', '', '', 'AL', '', 'Sanna567@hotmail.com', '301-775-0317', '301-983-1048', 1, 'Credit', 'Visa', '4388549151091915', '12/05', '21.00', '2003:76:2003-03-18', 284, '20030318200948', 289);
INSERT INTO `buyers` VALUES ('james', 'jjj', 'jjj', 'houston', 'AL', '44444', '', '', '', '', 'AL', '', 'joe', '3', '3', 1, 'Check', 'Visa', '', '', '15.00', '2003:77:2003-03-19', 285, '20030319202134127.0.0.1', 290);
INSERT INTO `buyers` VALUES ('james sandlin', 'Let me know if', 'this looks good', 'houston', 'AL', '33333', '', '', '', '', 'AL', '', 'laptop@caffeinewebdesign.com', '44444', '44444', 1, 'Check', 'Visa', '', '', '15.00', '2003:78:2003-03-20', 286, '20030320215830', 291);
INSERT INTO `buyers` VALUES ('Heather Wesley', '33 Chadwick Road', '', 'White Plains', 'NY', '10604', '', '', '', '', 'AL', '', 'heather@blackground.com', '9142850890', 'same', 1, 'Credit', 'MasterCard', '5443687727901694', '02/06', '111.90', '2003:80:2003-03-22', 287, '20030322233636', 292);
INSERT INTO `buyers` VALUES ('asdf', 'asdf', 'asdf', 'asdf', 'AL', '33', '', '', '', '', 'AL', '', '222', '222', '222', 1, 'Check', 'Visa', '', '', '15.00', '2003:82:2003-03-24', 288, '20030324200910', 293);
INSERT INTO `buyers` VALUES ('dagmara bulat', '2913 n whipple', '', 'chicago', 'IL', '60618', '', '', '', '', 'AL', '', 'dbulat2@aol.com', '773 2799175', '773 2799175', 0, 'Credit', 'MasterCard', '5107203000034000', '10/05', '37.00', '2003:85:2003-03-27', 289, '20030327144807', 294);
INSERT INTO `buyers` VALUES ('jennifer p. boyd', '7615 levi st', '', 'navarre', 'FL', '32566', '', '', '', '', 'AL', '', 'jpeytonboyd@hotmail.com', '8509390228', '8509390228', 0, 'Credit', 'Visa', '4271780501383716', '10/05', '29.00', '2003:85:2003-03-27', 290, '20030327193256', 295);
INSERT INTO `buyers` VALUES ('L. Morales', '3412 Tom Lane', '', 'Stockton', 'CA', '95206', '', '', '', '', 'AL', '', 'bellabrava@attbi.com', '2094839796', '', 0, 'Credit', 'Visa', '4217658884899598', '08/06', '21.00', '2003:85:2003-03-27', 291, '20030327213806', 296);
INSERT INTO `buyers` VALUES ('bari milken', '2911 n cherry ave', '', 'tucson', 'AZ', '85719', '', '', '', '', 'AL', '', 'barimilk@yahoo.com', '520 326 5831', '520 326 5831', 1, 'Credit', 'Visa', '4465422490079098', '03/07', '36.00', '2003:88:2003-03-30', 292, '20030330230129', 297);
INSERT INTO `buyers` VALUES ('renee tabor', '#202 san roc cay', '27267 perdido beach blvd', 'orange beach', 'AL', '36561', '', '', '', '', 'AL', '', 'rat81@hotmail.com', '251-981-6046', '251-543-6143', 0, 'Credit', 'MasterCard', '5329053710007651', '06/03', '71.95', '2003:89:2003-03-31', 293, '20030331225849', 298);
INSERT INTO `buyers` VALUES ('Marnie', 'sdklfjsdklfj', '', 'sdfsdfsdf', 'AL', '121212', '', '', '', '', 'AL', '', 'sdfdf', '89797', '7987987', 1, 'Check', 'Visa', '', '', '15.00', '2003:100:2003-04-11', 294, '20030411122924', 299);
INSERT INTO `buyers` VALUES ('Testing 123', '111 Main St', '', 'Portland', 'OR', '97232', '', '', '', '', 'AL', '', 'laptop@caffeinewebdesign.com', '444-444-4444', '444-444-4444', 1, 'Other', 'Visa', '', '', '24.00', '2003:104:2003-04-15', 295, '20030415204433', 300);
INSERT INTO `buyers` VALUES ('james', 'nn', 'nn', 'nn', 'AL', '333', '', '', '', '', 'AL', '', 'asdf', '333', '333', 1, 'Check', 'Visa', '', '', '15.00', '2003:104:2003-04-15', 296, '20030415224034', 301);
INSERT INTO `buyers` VALUES ('asdf', 'asdf', 'asdf', 'asdf', 'AL', '434', '', '', '', '', 'AL', '', 'asdf', '34', '34', 1, 'Check', 'Visa', '', '', '15.00', '2003:104:2003-04-15', 297, '20030415224120', 302);
INSERT INTO `buyers` VALUES ('asdf', 'asdf', 'asdf', 'asdf', 'AL', '33', '', '', '', '', 'AL', '', '33', '333', '333', 1, 'Check', 'Visa', '', '', '15.00', '2003:104:2003-04-15', 298, '20030415233132', 303);
INSERT INTO `buyers` VALUES ('asdf', 'asdf', 'asdf', 'asdf', 'AL', '33', '', '', '', '', 'AL', '', '33', '333', '333', 1, 'Check', 'Visa', '', '', '15.00', '2003:104:2003-04-15', 299, '20030415233132', 304);
INSERT INTO `buyers` VALUES ('Test', 'Test', '', 'Test', 'AL', '454666', '', '', '', '', 'AL', '', 'dfsdfsdf', '456466', '545646', 1, 'Check', 'Visa', '', '', '15.00', '2003:105:2003-04-16', 300, '20030416131955', 305);
INSERT INTO `buyers` VALUES ('Test', 'Test', '', 'Test', 'AL', '454666', '', '', '', '', 'AL', '', 'dfsdfsdf', '456466', '545646', 1, 'Check', 'Visa', '', '', '15.00', '2003:105:2003-04-16', 301, '20030416131955', 306);
INSERT INTO `buyers` VALUES ('asdf', 'asdf', 'asdf', 'asdf', 'AL', '43433', '', '', '', '', 'AL', '', 'asdf', '4333', '333', 1, 'Check', 'Visa', '', '', '22.00', '2003:105:2003-04-16', 302, '20030416224733', 307);
INSERT INTO `buyers` VALUES ('asdf', 'asdf', 'asdf', 'asdf', 'AL', '43433', '', '', '', '', 'AL', '', 'asdf', '4333', '333', 1, 'Check', 'Visa', '', '', '22.00', '2003:105:2003-04-16', 303, '20030416224733', 308);
INSERT INTO `buyers` VALUES ('asdf', 'asdf', 'asdf', 'asdf', 'AL', '43433', '', '', '', '', 'AL', '', 'asdf', '4333', '333', 1, 'Check', 'Visa', '', '', '22.00', '2003:105:2003-04-16', 304, '20030416224733', 309);
INSERT INTO `buyers` VALUES ('asdf', 'asdf', 'asdf', 'asdf', 'AL', '43433', '', '', '', '', 'AL', '', 'asdf', '4333', '333', 1, 'Check', 'Visa', '', '', '22.00', '2003:105:2003-04-16', 305, '20030416224733', 310);
INSERT INTO `buyers` VALUES ('asdf', 'asdf', 'asdf', 'asdf', 'AL', '43433', '', '', '', '', 'AL', '', 'asdf', '4333', '333', 1, 'Check', 'Visa', '', '', '22.00', '2003:105:2003-04-16', 306, '20030416224733', 311);
INSERT INTO `buyers` VALUES ('asdf', 'asdf', 'asdf', 'asdf', 'AL', '444', '', '', '', '', 'AL', '', 'asdf', '4343', '3443', 1, 'Check', 'Visa', '', '', '24.00', '2003:105:2003-04-16', 307, '20030416224733', 312);
INSERT INTO `buyers` VALUES ('Judy Crawford', '2405 Hooftrail Way', '', 'Antioch', 'CA', '94531', '', '', '', '', 'AL', '', 'fredcrawford@sbcglobal.net', '925-706-7860', '925-706-7860', 1, 'Credit', 'MasterCard', '5462834669104368', '0805', '58.95', '2003:121:2003-05-02', 308, '20030502120756', 313);
INSERT INTO `buyers` VALUES ('MELISSA ORSINI', '2221 WESTOVER DR', '', 'LITTLE ROCK', 'AR', '72207', '', '', '', '', 'AL', '', 'MORSINI@SWBELL.NET', '501-868-6676', '501-258-7776', 0, 'Credit', 'Visa', '4791060018300821', '11/05', '123.95', '2003:121:2003-05-02', 309, '20030502195205', 314);
INSERT INTO `buyers` VALUES ('Debra Moran', '131 Golden Oak Drive', '', 'Guyton', 'GA', '31312', '', '', '', '', 'AL', '', 'dmoran@estron.com', '912-728-6686', '', 1, 'Credit', 'MasterCard', '5490912000556748', '09/04', '47.00', '2003:131:2003-05-12', 310, '20030512090619', 315);
INSERT INTO `buyers` VALUES ('Josh Madans', '6716 Roundrock Road', '', 'Dallas', 'TX', '75248', 'Tracy Watts', 'Workplace Solutions', '1400 Turtle Creek Blvd., Suite 120', 'Dallas', 'TX', '75207', 'joshmadans@earthlink.net', '214-649-9399', '', 0, 'Credit', 'MasterCard', '5410 6584 0445 8794', '0703', '14.00', '2003:133:2003-05-14', 311, '20030514130634', 316);
INSERT INTO `buyers` VALUES ('Karen L Dayton', '1267 Lafayette St. #301', '', 'Denver', 'CO', '80218', 'Karen Dayton', 'HealthGrades', '44 Union Blvd. Ste. 600', 'Lakewood', 'CO', '80228', 'karenleigh74@hotmail.com', '303-716-6543', '303-839-5480', 0, 'Credit', 'Visa', '4323733089726705', '10/03', '59.95', '2003:134:2003-05-15', 312, '20030515114214', 317);
INSERT INTO `buyers` VALUES ('Patsy Boyle', '1406 Yellowstone Drive', '', 'Antioch', 'CA', '94509', '', '', '', '', 'AL', '', 'RayBoyle1@cs.com', '', '925.757.8739', 0, 'Credit', 'Visa', '4128003719857222', '03/06', '36.00', '2003:138:2003-05-19', 313, '20030518235936', 318);
INSERT INTO `buyers` VALUES ('laura silvers', 'p.o. box 22735', '', 'houston', 'TX', '77227', 'laura silvers', '5333 Lampasas st', '', 'houston', 'TX', '77056', 'broeker19@aol.com', '713-818-3380', '713-621-8044', 0, 'Credit', 'MasterCard', '5466160026323673', '06/03', '44.00', '2003:145:2003-05-26', 314, '20030526122150', 319);
INSERT INTO `buyers` VALUES ('dslfjdsfkdj', 'dslkfjdslfkdj', 'sdlkfjdsfjdslkfdsfk', 'dssfjdslkfj', 'AL', 'dskfjdsflk', '', '', '', '', 'AL', '', 'ldkfjdskj', 'kdsljfdslkfj', 'dslkfjdskf', 1, 'Check', 'Visa', '', '', '24.00', '2003:162:2003-06-12', 315, '20030612152921', 320);
INSERT INTO `buyers` VALUES ('Huayin Li', '830 W. Market St. Box 66', '', 'Greensboro', 'NC', '27401', '', '', '', '', 'AL', '', 'huayin_li@hotmail.com', '336-378-9887', '336-378-9887', 1, 'Credit', 'Visa', '4828510926328022', '05/05', '60.95', '2003:165:2003-06-15', 316, '20030615105735', 321);
INSERT INTO `buyers` VALUES ('kathy fitzgibbons', '1080 buffington st', '', 'upland', 'CA', '91784', '', '', '', '', 'AL', '', 'bhshopgirl11@aol.com', '909-982-5058', '', 1, 'Credit', 'Visa', '4308517131071973', '09/04', '36.00', '2003:166:2003-06-16', 317, '20030616235404', 322);
INSERT INTO `buyers` VALUES ('Patsy Boyle', '1406 Yellowstone Drive', '', 'Antioch', 'CA', '94509', 'Pat Heapy', '11143 Lakeshore North', '', 'Auburn', 'CA', '95602', 'rayboyle1@cs.com', '925-757-8739', '', 1, 'Credit', 'Visa', '4128003719857222', '03/06', '36.00', '2003:169:2003-06-19', 318, '20030619201925', 323);
INSERT INTO `buyers` VALUES ('KERRIE GRUOL', '17438 BOTHELL WAY NE #C-201', '', 'BOTHELL', 'WA', '98011', 'SALON RAE C/O KERRIE GRUOL', '9734 NE 117TH LANE', '', 'KIRKLAND', 'WA', '98034', 'KGRUOL@AOL.COM', '425-825-8323', '425-488-5971', 0, 'Credit', 'Visa', '4046486046639018', '0505', '42.00', '2003:171:2003-06-21', 319, '20030621013033', 324);
INSERT INTO `buyers` VALUES ('Ellen J. Bissett', '19 Fox Hollow Road', '', 'Old Saybrook', 'CT', '06475', 'Lorraine Graybill', '4175 Gregory Drive', '', 'Doylestown', 'PA', '18901', 'tabby19@comcast.net', '860.441.1637', '860.399.1741', 0, 'Credit', 'MasterCard', '5491041470008920', '03/05', '64.90', '2003:172:2003-06-22', 320, '20030622194742', 325);
INSERT INTO `buyers` VALUES ('Janine Vahle', '11950 SE 4th Place #402', '', 'Bellevue', 'WA', '98005', '', '', '', '', 'AL', '', 'janineroot@yahoo.com', '425-830-3313', '425-646-6332', 0, 'Credit', 'Visa', '4225812600003940', '09-05', '64.90', '2003:186:2003-07-06', 321, '20030706223043', 326);
INSERT INTO `buyers` VALUES ('Patsy Boyle', '1406 Yellowstone Dr.', '', 'Antioch', 'CA', '94509', '', '', '', '', 'AL', '', 'RayBoyle1@cs.com', '925-757-8839', '', 1, 'Credit', 'Visa', '4128003719857222', '03/06', '64.95', '2003:201:2003-07-21', 322, '20030721173454', 327);
INSERT INTO `buyers` VALUES ('Patsy Boyle', '1406 Yellowstone Dr.', '', 'Antioch', 'CA', '94509', 'Pomie Cheatheam', '601 C NW', '', 'Childress', 'TX', '79201', 'rayboyle1@cs.com', '925-757-8839', '', 1, 'Credit', 'Visa', '4128003719857222', '0306', '36.00', '2003:201:2003-07-21', 323, '20030721174414', 328);
INSERT INTO `buyers` VALUES ('Suzanne Hamel', '101 Federal Street', '', 'Boston', 'MA', '02110', '', '', '', '', 'AL', '', 'suzannephamel@yahoo.com', '617-951-3374', '', 0, 'Check', 'Visa', '', '', '80.95', '2003:212:2003-08-01', 324, '20030801115257', 329);
INSERT INTO `buyers` VALUES ('Regina Folken', '3211 Fremont Ave S', 'Apartment One', 'Minneapolis', 'MN', '55408', 'Amy Crehore', 'c/o Nancy Hauswirth', '650 Karl Street', 'Green Bay', 'WI', '54301', 'reginahebel@hotmail.com', '612 347 1851', '612 824 7139', 0, 'Credit', 'Visa', '4323891113153302', '07/04', '64.90', '2003:217:2003-08-06', 325, '20030806222149', 330);
INSERT INTO `buyers` VALUES ('Trisha Falb', '1463 N. Leavitt', 'Apt. 1', 'Chicago', 'IL', '60622', 'Carrie Cochran', '3232 N. Halsted', '#D6', 'Chicago', 'IL', '60657', 'tfalb@aol.com', '773-485-1220', '773-278-5119', 0, 'Credit', 'Visa', '4266851019172953', '02/06', '51.00', '2003:218:2003-08-07', 326, '20030807002636', 331);
INSERT INTO `buyers` VALUES ('Erica Matthews', '976 Holbrook Drive', '', 'Newport News', 'VA', '23602', 'Tabatha Smith', '904 Parkway Avenue', '', 'Madison', 'NC', '27025', 'erica.m.matthews.gpd4@statefarm.com', '(757) 303-2324', '', 0, 'Credit', 'Visa', '4305870384581039', '06/04', '21.00', '2003:280:2003-10-08', 327, '20031008170435', 332);
INSERT INTO `buyers` VALUES ('Erica Matthews', '976 Holbrook Drive', '', 'Newport News', 'VA', '23602', 'Marsha Slaughter', 'State Farm Insurance', '2700 International Parkway', 'Virginia Beach', 'VA', '23452', 'erica.m.matthews.gpd4@statefarm.com', '(757) 303-2324', '', 1, 'Credit', 'Visa', '4305870384581039', '06/04', '21.00', '2003:280:2003-10-08', 328, '20031008171447', 333);
INSERT INTO `buyers` VALUES ('Anna Markholt', '7525 14th Ave. S.W.', '', 'Seattle', 'WA', '98106', '', '', '', '', 'AL', '', 'kibble16@msn.com', '253-537-4490', '206-767-5352', 0, 'Credit', 'Visa', '4388575252003731', '09/05', '20.00', '2003:286:2003-10-14', 329, '20031014152518', 334);
INSERT INTO `buyers` VALUES ('Phylaine Nicholas', '12101 W. Lincoln Ave.', '', 'West Allis', 'WI', '53227', '', '', '', '', 'AL', '', 'pnicholas@parispresents.com', '8472634156', '4143214167', 1, 'Credit', 'Visa', '4417168326000241', '12/05', '35.00', '2003:310:2003-11-07', 330, '20031107123351', 335);
INSERT INTO `buyers` VALUES ('Phylaine Nicholas', '12101 W. Lincoln Ave.', '', 'West Allis', 'WI', '53227', 'Phylaine Nicholsa', '3800 Swanson Court', '', 'Gurnee', 'IL', '60031', 'pnicholas@parispresents.com', '8472634156', '4143214167', 1, 'Credit', 'Visa', '4417168326000241', '12/05', '35.00', '2003:310:2003-11-07', 331, '20031107123351', 336);
INSERT INTO `buyers` VALUES ('Phylaine Nicholas', '12101 W. Lincoln Ave.', '', 'West Allis', 'WI', '53227', 'Phylaine Nicholas', '3800 Swanson Court', '', 'Gurnee', 'IL', '60031', 'pnicholas@parispresents.com', '8472634156', '4143214167', 1, 'Credit', 'Visa', '4417168326000241', '12/05', '35.00', '2003:310:2003-11-07', 332, '20031107123351', 337);
INSERT INTO `buyers` VALUES ('Keri Selig-Addis c/o Murphy and Kress', '2401 Main Street', '', 'Santa Monica', 'CA', '90405', 'Keri Selig', '5608 Briarcliff Road', '', 'Los Angeles', 'CA', '90068', 'Keris_2000@yahoo.com', '(310) 652-1676', '(323) 962-2025', 1, 'Credit', 'MasterCard', '5466160133406486', '11/06', '72.95', '2003:313:2003-11-10', 333, '20031110161448', 338);
INSERT INTO `buyers` VALUES ('Patsy Boyle', '1406 Yellowstone Drive', '', 'Antioch', 'CA', '94509', '', '', '', '', 'AL', '', 'n/a', '925-757-8739', '', 1, 'Credit', 'MasterCard', '5466160143133088', '03/06', '92.95', '2003:327:2003-11-24', 334, '20031124124159', 339);
INSERT INTO `buyers` VALUES ('shana weinstein', '14720 81 street nw', '', 'edmonton', 'AB', 't5c-1p2', '', '', '', '', 'AL', '', 'lovesthelake@shaw.ca', '780-454-9080', '780-920-0703', 1, 'Check', 'Visa', '', '', '131.95', '2003:333:2003-11-30', 335, '20031130154138', 340);
INSERT INTO `buyers` VALUES ('Patsy Boyle', '1406 Yellowstone Dr.', '', 'Antioch', 'CA', '94509', '', '', '', '', 'AL', '', 'rayboyle1@cs.com', '925-757-8739', '', 1, 'Credit', 'MasterCard', '5466160143133088', '03/06', '92.95', '2003:334:2003-12-01', 336, '20031201174110', 341);
INSERT INTO `buyers` VALUES ('Anna Knochel', '365 NW Dillon St', '', 'Pullman', 'WA', '99163', 'Anna Knochel', '3900 N Homestead Ave', '', 'Tucson', 'AZ', '85749', 'anna06@vetmed.wsu.edu', '(509)334-7625', '(509)334-7625', 1, 'Credit', 'Visa', '4313027302009854', '0805', '46.00', '2003:337:2003-12-04', 337, '20031204134833', 342);
INSERT INTO `buyers` VALUES ('Emily J Clark', '4328 Willow Bend Dr.', '', 'Arlington', 'TX', '76017', '', '', '', '', 'AL', '', 'emclarkhms@hotmail.com', '8176888840', '8176888840', 0, 'Credit', 'Visa', '4225816150016947', '11/04', '61.95', '2003:347:2003-12-14', 338, '20031214202032', 343);
INSERT INTO `buyers` VALUES ('Twila Glaser', '3737 St. John\'s Bluff Rd #109', '', 'Jacksonville', 'FL', '32224', '', '', '', '', 'AL', '', 'twilamarie@comcast.net', '9042707981', '9048640709', 0, 'Credit', 'Visa', '4063151032861442', '0906', '22.00', '2003:348:2003-12-15', 339, '20031215145452', 344);
INSERT INTO `buyers` VALUES ('Debbie Moran', '131 Golden Oak Drive', '', 'Guyton', 'GA', '31312', '', '', '', '', 'AL', '', 'dmoran@estron.com', '912-728-6686', '', 1, 'Credit', 'MasterCard', '5490912000556748', '09/04', '64.95', '2003:349:2003-12-16', 340, '20031216134019', 345);
INSERT INTO `buyers` VALUES ('James Sandlin', 'Ignore', 'me', 'Portland', 'AL', 'OR', '', '', '', '', 'AL', '', 'laptop@caffeinewebdesign.com', '777-888-9999', '', 1, 'Check', 'Visa', '', '', '42.00', '2003:349:2003-12-16', 341, '20031216211937', 346);
INSERT INTO `buyers` VALUES ('Greg Brandriet', '13086 Pony Express', '', 'Piedmont', 'SD', '57769', 'Greg Brandriet', '1820 Samco Rd.', '', 'Rapid City', 'SD', '57702', 'gbrandriet@yahoo.com', '(605)737-4200', '(605)390-9776', 0, 'Credit', 'MasterCard', '5490350321452331', '0804', '30.00', '2003:351:2003-12-18', 342, '20031218161829', 347);
INSERT INTO `buyers` VALUES ('Carolyn Cozier', '5826 Timbercrest Dr.', '', 'Arlington', 'TX', '76017', '', '', '', '', 'AL', '', 'lady238bug@att.net', '817-472-0244', '', 0, 'Credit', 'MasterCard', '5114110051121340', '06/04', '56.00', '2003:364:2003-12-31', 343, '20031231073225', 348);
INSERT INTO `buyers` VALUES ('Cynthia Odell', '5614 Assateague Pl.', '', 'Manassas', 'VA', '20112', '', '', '', '', 'AL', '', 'cinzia1966@hotmail.com', '703-897-1948', '', 1, 'Credit', 'Visa', '4294041000482092', '04/04', '36.00', '2003:364:2003-12-31', 344, '20030423173834', 349);
INSERT INTO `buyers` VALUES ('Jean B. Gwynn', '2205 Poplar Ave.', '', 'Memphis', 'TN', '38104', 'Liz Smith', '13401 Sutton Park Dr. S.', 'Apt. 412', 'Jacksonville', 'FL', '32224', 'jdgwynn@bellsouth.net', '901-274-8503', '901-274-8503', 1, 'Credit', 'Visa', '4607171210030522', '03/07', '24.00', '2004:9:2004-01-10', 345, '20040110105705', 350);

# --------------------------------------------------------

#
# Table structure for table `cartItems`
#
# Creation: Jan 28, 2003 at 07:32 PM
# Last update: Feb 05, 2004 at 04:31 AM
# Last check: Apr 10, 2003 at 04:54 PM
#

DROP TABLE IF EXISTS `cartItems`;
CREATE TABLE `cartItems` (
  `UserID` varchar(100) NOT NULL default '',
  `ItemID` varchar(25) NOT NULL default '',
  `ItemQuantity` int(4) NOT NULL default '0',
  `Date` varchar(100) NOT NULL default '',
  `cartItemsID` bigint(20) NOT NULL auto_increment,
  PRIMARY KEY  (`cartItemsID`)
) TYPE=MyISAM AUTO_INCREMENT=1500 ;

#
# Dumping data for table `cartItems`
#

INSERT INTO `cartItems` VALUES ('20021120125800', '14', 1, '20021120131322', 1);
INSERT INTO `cartItems` VALUES ('20021120214051', '8', 1, '2002:323:2002-11-20', 2);
INSERT INTO `cartItems` VALUES ('20021120214111', '2', 2, '2002:323:2002-11-20', 3);
INSERT INTO `cartItems` VALUES ('20021120214111', '6', 1, '2002:323:2002-11-20', 4);
INSERT INTO `cartItems` VALUES ('20021120214135', '8', 1, '2002:323:2002-11-20', 5);
INSERT INTO `cartItems` VALUES ('20021120214135', '13', 1, '2002:323:2002-11-20', 6);
INSERT INTO `cartItems` VALUES ('20021121100226', '8', 1, '2002:324:2002-11-21', 7);
INSERT INTO `cartItems` VALUES ('20021121174550', '2', 4, '2002:324:2002-11-21', 8);
INSERT INTO `cartItems` VALUES ('20021121174902', '5', 1, '2002:324:2002-11-21', 9);
INSERT INTO `cartItems` VALUES ('20021121175134', '5', 5, '2002:324:2002-11-21', 10);
INSERT INTO `cartItems` VALUES ('20021121175134', '7', 10, '2002:324:2002-11-21', 11);
INSERT INTO `cartItems` VALUES ('20021121175134', '15', 1, '2002:324:2002-11-21', 13);
INSERT INTO `cartItems` VALUES ('20021121205106', '2', 2, '2002:324:2002-11-21', 15);
INSERT INTO `cartItems` VALUES ('20021124155737', '12', 1, '2002:327:2002-11-24', 16);
INSERT INTO `cartItems` VALUES ('20021124181355', '2', 2, '2002:327:2002-11-24', 17);
INSERT INTO `cartItems` VALUES ('20021124181355', '6', 1, '2002:327:2002-11-24', 18);
INSERT INTO `cartItems` VALUES ('20021124181355', '10', 1, '2002:327:2002-11-24', 19);
INSERT INTO `cartItems` VALUES ('20021125191027', '13', 1, '2002:328:2002-11-25', 35);
INSERT INTO `cartItems` VALUES ('20021125185033', '2', 1, '2002:328:2002-11-25', 25);
INSERT INTO `cartItems` VALUES ('20021125183510', '6', 1, '2002:328:2002-11-25', 24);
INSERT INTO `cartItems` VALUES ('20021125191027', '5', 1, '2002:328:2002-11-25', 34);
INSERT INTO `cartItems` VALUES ('20021125191027', '6', 3, '2002:328:2002-11-25', 33);
INSERT INTO `cartItems` VALUES ('20021125214430', '5', 1, '2002:328:2002-11-25', 41);
INSERT INTO `cartItems` VALUES ('20021125194655', '6', 10, '2002:328:2002-11-25', 38);
INSERT INTO `cartItems` VALUES ('20021126193240', '2', 1, '2002:329:2002-11-26', 42);
INSERT INTO `cartItems` VALUES ('20021126195059', '5', 1, '2002:329:2002-11-26', 43);
INSERT INTO `cartItems` VALUES ('20021126195059', '7', 2, '2002:329:2002-11-26', 44);
INSERT INTO `cartItems` VALUES ('20021126195059', '13', 2, '2002:329:2002-11-26', 45);
INSERT INTO `cartItems` VALUES ('20021126195059', '2', 1, '2002:329:2002-11-26', 46);
INSERT INTO `cartItems` VALUES ('20021127073918', '7', 1, '2002:330:2002-11-27', 47);
INSERT INTO `cartItems` VALUES ('20021127073918', '5', 1, '2002:330:2002-11-27', 48);
INSERT INTO `cartItems` VALUES ('20021127073918', '4', 1, '2002:330:2002-11-27', 49);
INSERT INTO `cartItems` VALUES ('20021127073918', '10', 6, '2002:330:2002-11-27', 50);
INSERT INTO `cartItems` VALUES ('20021129120724', '2', 2, '2002:332:2002-11-29', 53);
INSERT INTO `cartItems` VALUES ('20021201155117', '2', 1, '2002:334:2002-12-01', 55);
INSERT INTO `cartItems` VALUES ('20021205002630', '5', 1, '2002:338:2002-12-05', 56);
INSERT INTO `cartItems` VALUES ('20021205002630', '10', 1, '2002:338:2002-12-05', 57);
INSERT INTO `cartItems` VALUES ('20021205113202', '4', 1, '2002:338:2002-12-05', 58);
INSERT INTO `cartItems` VALUES ('20021205113202', '5', 2, '2002:338:2002-12-05', 59);
INSERT INTO `cartItems` VALUES ('20021205161318', '5', 1, '2002:338:2002-12-05', 60);
INSERT INTO `cartItems` VALUES ('20021206053807', '2', 2, '2002:339:2002-12-06', 61);
INSERT INTO `cartItems` VALUES ('20021206053807', '5', 3, '2002:339:2002-12-06', 62);
INSERT INTO `cartItems` VALUES ('20021207093411', '4', 1, '2002:340:2002-12-07', 63);
INSERT INTO `cartItems` VALUES ('20021207093411', '5', 1, '2002:340:2002-12-07', 64);
INSERT INTO `cartItems` VALUES ('20021207134539', '5', 6, '2002:340:2002-12-07', 66);
INSERT INTO `cartItems` VALUES ('20021207221421', '3', 1, '2002:340:2002-12-07', 73);
INSERT INTO `cartItems` VALUES ('20021207184503', '5', 1, '2002:340:2002-12-07', 71);
INSERT INTO `cartItems` VALUES ('20021208000700', '5', 1, '2002:341:2002-12-08', 74);
INSERT INTO `cartItems` VALUES ('20021208012234', '5', 3, '2002:341:2002-12-08', 77);
INSERT INTO `cartItems` VALUES ('20021208000700', '4', 2, '2002:341:2002-12-08', 76);
INSERT INTO `cartItems` VALUES ('20021208055605', '5', 1, '2002:341:2002-12-08', 78);
INSERT INTO `cartItems` VALUES ('20021208080951', '5', 1, '2002:341:2002-12-08', 79);
INSERT INTO `cartItems` VALUES ('20021208125815', '2', 1, '2002:341:2002-12-08', 91);
INSERT INTO `cartItems` VALUES ('20021208120900', '5', 4, '2002:341:2002-12-08', 90);
INSERT INTO `cartItems` VALUES ('20021210190714', '5', 2, '2002:343:2002-12-10', 173);
INSERT INTO `cartItems` VALUES ('20021208120511', '4', 1, '2002:341:2002-12-08', 87);
INSERT INTO `cartItems` VALUES ('20021208120511', '5', 3, '2002:341:2002-12-08', 86);
INSERT INTO `cartItems` VALUES ('20021208155502', '5', 3, '2002:341:2002-12-08', 94);
INSERT INTO `cartItems` VALUES ('20021208174002', '5', 1, '2002:341:2002-12-08', 95);
INSERT INTO `cartItems` VALUES ('20021208181345', '5', 2, '2002:341:2002-12-08', 96);
INSERT INTO `cartItems` VALUES ('20021209101107', '5', 2, '2002:342:2002-12-09', 109);
INSERT INTO `cartItems` VALUES ('20021209091006', '5', 1, '2002:342:2002-12-09', 102);
INSERT INTO `cartItems` VALUES ('20021209090751', '2', 3, '2002:342:2002-12-09', 101);
INSERT INTO `cartItems` VALUES ('20021209100311', '4', 1, '2002:342:2002-12-09', 107);
INSERT INTO `cartItems` VALUES ('20021209142406', '5', 1, '2002:342:2002-12-09', 118);
INSERT INTO `cartItems` VALUES ('20021209142406', '2', 2, '2002:342:2002-12-09', 117);
INSERT INTO `cartItems` VALUES ('20021209141517', '5', 1, '2002:342:2002-12-09', 116);
INSERT INTO `cartItems` VALUES ('20021209142542', '4', 1, '2002:342:2002-12-09', 119);
INSERT INTO `cartItems` VALUES ('20021209142542', '5', 1, '2002:342:2002-12-09', 120);
INSERT INTO `cartItems` VALUES ('20021209153246', '5', 2, '2002:342:2002-12-09', 121);
INSERT INTO `cartItems` VALUES ('20021209160323', '4', 1, '2002:342:2002-12-09', 126);
INSERT INTO `cartItems` VALUES ('20021209155401', '5', 2, '2002:342:2002-12-09', 123);
INSERT INTO `cartItems` VALUES ('20021209170315', '4', 1, '2002:342:2002-12-09', 129);
INSERT INTO `cartItems` VALUES ('20021209170450', '5', 1, '2002:342:2002-12-09', 130);
INSERT INTO `cartItems` VALUES ('20021209170450', '4', 1, '2002:342:2002-12-09', 131);
INSERT INTO `cartItems` VALUES ('20021209173828', '4', 1, '2002:342:2002-12-09', 135);
INSERT INTO `cartItems` VALUES ('20021209172831', '12', 1, '2002:342:2002-12-09', 134);
INSERT INTO `cartItems` VALUES ('20021209175018', '4', 1, '2002:342:2002-12-09', 136);
INSERT INTO `cartItems` VALUES ('20021209181100', '5', 1, '2002:342:2002-12-09', 138);
INSERT INTO `cartItems` VALUES ('20021209193332', '3', 1, '2002:342:2002-12-09', 142);
INSERT INTO `cartItems` VALUES ('20021209193332', '2', 1, '2002:342:2002-12-09', 141);
INSERT INTO `cartItems` VALUES ('20021209211422', '5', 1, '2002:342:2002-12-09', 150);
INSERT INTO `cartItems` VALUES ('20021209202029', '4', 1, '2002:342:2002-12-09', 147);
INSERT INTO `cartItems` VALUES ('20021209202029', '5', 2, '2002:342:2002-12-09', 146);
INSERT INTO `cartItems` VALUES ('20021209211756', '4', 1, '2002:342:2002-12-09', 151);
INSERT INTO `cartItems` VALUES ('20021209212211', '2', 1, '2002:342:2002-12-09', 152);
INSERT INTO `cartItems` VALUES ('20021209212211', '3', 1, '2002:342:2002-12-09', 153);
INSERT INTO `cartItems` VALUES ('20021209222119', '5', 1, '2002:342:2002-12-09', 154);
INSERT INTO `cartItems` VALUES ('20021210142052', '5', 1, '2002:343:2002-12-10', 155);
INSERT INTO `cartItems` VALUES ('20021210142052', '3', 1, '2002:343:2002-12-10', 156);
INSERT INTO `cartItems` VALUES ('20021210151740', '6', 1, '2002:343:2002-12-10', 158);
INSERT INTO `cartItems` VALUES ('20021210154053', '5', 1, '2002:343:2002-12-10', 159);
INSERT INTO `cartItems` VALUES ('20021210161141', '5', 3, '2002:343:2002-12-10', 161);
INSERT INTO `cartItems` VALUES ('20021210165322', '5', 1, '2002:343:2002-12-10', 162);
INSERT INTO `cartItems` VALUES ('20021210165414', '2', 1, '2002:343:2002-12-10', 163);
INSERT INTO `cartItems` VALUES ('20021210171820', '5', 1, '2002:343:2002-12-10', 166);
INSERT INTO `cartItems` VALUES ('20021210171820', '13', 1, '2002:343:2002-12-10', 167);
INSERT INTO `cartItems` VALUES ('20021210181716', '4', 2, '2002:343:2002-12-10', 168);
INSERT INTO `cartItems` VALUES ('20021210193157', '5', 1, '2002:343:2002-12-10', 176);
INSERT INTO `cartItems` VALUES ('20021210192829', '2', 2, '2002:343:2002-12-10', 175);
INSERT INTO `cartItems` VALUES ('20021210192110', '5', 1, '2002:343:2002-12-10', 174);
INSERT INTO `cartItems` VALUES ('20021210182403', '2', 1, '2002:343:2002-12-10', 172);
INSERT INTO `cartItems` VALUES ('20021210193157', '13', 1, '2002:343:2002-12-10', 177);
INSERT INTO `cartItems` VALUES ('20021210193935', '2', 1, '2002:343:2002-12-10', 178);
INSERT INTO `cartItems` VALUES ('20021210210347', '5', 1, '2002:343:2002-12-10', 186);
INSERT INTO `cartItems` VALUES ('20021210202735', '4', 5, '2002:343:2002-12-10', 181);
INSERT INTO `cartItems` VALUES ('20021210202927', '5', 5, '2002:343:2002-12-10', 182);
INSERT INTO `cartItems` VALUES ('20021210203209', '2', 1, '2002:343:2002-12-10', 183);
INSERT INTO `cartItems` VALUES ('20021210203322', '4', 8, '2002:343:2002-12-10', 184);
INSERT INTO `cartItems` VALUES ('20021210203322', '5', 8, '2002:343:2002-12-10', 185);
INSERT INTO `cartItems` VALUES ('20021211060619', '2', 1, '2002:344:2002-12-11', 193);
INSERT INTO `cartItems` VALUES ('20021211060619', '5', 1, '2002:344:2002-12-11', 194);
INSERT INTO `cartItems` VALUES ('20021211060619', '3', 1, '2002:344:2002-12-11', 195);
INSERT INTO `cartItems` VALUES ('20021211065401', '5', 1, '2002:344:2002-12-11', 196);
INSERT INTO `cartItems` VALUES ('20021211065614', '2', 2, '2002:344:2002-12-11', 197);
INSERT INTO `cartItems` VALUES ('20021211074712', '2', 1, '2002:344:2002-12-11', 198);
INSERT INTO `cartItems` VALUES ('20021211074919', '2', 2, '2002:344:2002-12-11', 199);
INSERT INTO `cartItems` VALUES ('20021211075635', '4', 1, '2002:344:2002-12-11', 201);
INSERT INTO `cartItems` VALUES ('20021211103714', '5', 5, '2002:344:2002-12-11', 206);
INSERT INTO `cartItems` VALUES ('20021211103707', '12', 1, '2002:344:2002-12-11', 205);
INSERT INTO `cartItems` VALUES ('20021211104308', '4', 3, '2002:344:2002-12-11', 207);
INSERT INTO `cartItems` VALUES ('20021211104308', '5', 3, '2002:344:2002-12-11', 208);
INSERT INTO `cartItems` VALUES ('20021211104809', '5', 1, '2002:344:2002-12-11', 209);
INSERT INTO `cartItems` VALUES ('20021211113015', '5', 2, '2002:344:2002-12-11', 210);
INSERT INTO `cartItems` VALUES ('20021211113039', '5', 2, '2002:344:2002-12-11', 211);
INSERT INTO `cartItems` VALUES ('20021211131823', '5', 1, '2002:344:2002-12-11', 212);
INSERT INTO `cartItems` VALUES ('20021211134122', '5', 1, '2002:344:2002-12-11', 214);
INSERT INTO `cartItems` VALUES ('20021211135531', '4', 2, '2002:344:2002-12-11', 215);
INSERT INTO `cartItems` VALUES ('20021211154742', '5', 3, '2002:344:2002-12-11', 231);
INSERT INTO `cartItems` VALUES ('20021211143722', '4', 1, '2002:344:2002-12-11', 217);
INSERT INTO `cartItems` VALUES ('20021211143722', '5', 1, '2002:344:2002-12-11', 218);
INSERT INTO `cartItems` VALUES ('20021211152716', '4', 1, '2002:344:2002-12-11', 227);
INSERT INTO `cartItems` VALUES ('20021211144837', '5', 8, '2002:344:2002-12-11', 222);
INSERT INTO `cartItems` VALUES ('20021211153956', '5', 3, '2002:344:2002-12-11', 229);
INSERT INTO `cartItems` VALUES ('20021211153537', '5', 5, '2002:344:2002-12-11', 230);
INSERT INTO `cartItems` VALUES ('20021211160845', '2', 1, '2002:344:2002-12-11', 234);
INSERT INTO `cartItems` VALUES ('20021211163717', '2', 1, '2002:344:2002-12-11', 235);
INSERT INTO `cartItems` VALUES ('20021211165915', '5', 2, '2002:344:2002-12-11', 236);
INSERT INTO `cartItems` VALUES ('20021211170249', '4', 1, '2002:344:2002-12-11', 237);
INSERT INTO `cartItems` VALUES ('20021211170249', '5', 1, '2002:344:2002-12-11', 238);
INSERT INTO `cartItems` VALUES ('20021211183508', '2', 1, '2002:344:2002-12-11', 241);
INSERT INTO `cartItems` VALUES ('20021211183508', '12', 1, '2002:344:2002-12-11', 242);
INSERT INTO `cartItems` VALUES ('20021211193338', '5', 1, '2002:344:2002-12-11', 244);
INSERT INTO `cartItems` VALUES ('20021212064106', '4', 1, '2002:345:2002-12-12', 252);
INSERT INTO `cartItems` VALUES ('20021212000731', '4', 1, '2002:345:2002-12-12', 250);
INSERT INTO `cartItems` VALUES ('20021212064106', '2', 1, '2002:345:2002-12-12', 254);
INSERT INTO `cartItems` VALUES ('20021212065528', '2', 1, '2002:345:2002-12-12', 255);
INSERT INTO `cartItems` VALUES ('20021212084858', '5', 2, '2002:345:2002-12-12', 258);
INSERT INTO `cartItems` VALUES ('20021212083629', '5', 1, '2002:345:2002-12-12', 257);
INSERT INTO `cartItems` VALUES ('20021212084858', '13', 1, '2002:345:2002-12-12', 259);
INSERT INTO `cartItems` VALUES ('20021212091210', '5', 1, '2002:345:2002-12-12', 260);
INSERT INTO `cartItems` VALUES ('20021212102653', '11', 1, '2002:345:2002-12-12', 265);
INSERT INTO `cartItems` VALUES ('20021212102653', '5', 2, '2002:345:2002-12-12', 264);
INSERT INTO `cartItems` VALUES ('20021212105646', '5', 2, '2002:345:2002-12-12', 267);
INSERT INTO `cartItems` VALUES ('20021212105646', '11', 1, '2002:345:2002-12-12', 268);
INSERT INTO `cartItems` VALUES ('20021212105743', '6', 1, '2002:345:2002-12-12', 269);
INSERT INTO `cartItems` VALUES ('20021212105743', '5', 2, '2002:345:2002-12-12', 270);
INSERT INTO `cartItems` VALUES ('20021212105743', '11', 1, '2002:345:2002-12-12', 271);
INSERT INTO `cartItems` VALUES ('20021212173127', '5', 1, '2002:345:2002-12-12', 289);
INSERT INTO `cartItems` VALUES ('20021212174509', '4', 8, '2002:345:2002-12-12', 290);
INSERT INTO `cartItems` VALUES ('20021212132249', '4', 1, '2002:345:2002-12-12', 277);
INSERT INTO `cartItems` VALUES ('20021212110242', '5', 2, '2002:345:2002-12-12', 275);
INSERT INTO `cartItems` VALUES ('20021212172108', '5', 1, '2002:345:2002-12-12', 288);
INSERT INTO `cartItems` VALUES ('20021212155957', '5', 1, '2002:345:2002-12-12', 292);
INSERT INTO `cartItems` VALUES ('20021212212018', '5', 1, '2002:345:2002-12-12', 293);
INSERT INTO `cartItems` VALUES ('20021212235330', '5', 1, '2002:345:2002-12-12', 296);
INSERT INTO `cartItems` VALUES ('20021213061004', '12', 1, '2002:346:2002-12-13', 301);
INSERT INTO `cartItems` VALUES ('20021213061004', '4', 1, '2002:346:2002-12-13', 300);
INSERT INTO `cartItems` VALUES ('20021213061004', '5', 2, '2002:346:2002-12-13', 299);
INSERT INTO `cartItems` VALUES ('20021213061004', '14', 1, '2002:346:2002-12-13', 302);
INSERT INTO `cartItems` VALUES ('20021213063335', '5', 2, '2002:346:2002-12-13', 303);
INSERT INTO `cartItems` VALUES ('20021213064548', '5', 1, '2002:346:2002-12-13', 304);
INSERT INTO `cartItems` VALUES ('20021213064548', '4', 1, '2002:346:2002-12-13', 305);
INSERT INTO `cartItems` VALUES ('20021213100427', '5', 7, '2002:346:2002-12-13', 318);
INSERT INTO `cartItems` VALUES ('20021213081134', '5', 1, '2002:346:2002-12-13', 307);
INSERT INTO `cartItems` VALUES ('20021213081134', '8', 1, '2002:346:2002-12-13', 308);
INSERT INTO `cartItems` VALUES ('20021213081134', '13', 1, '2002:346:2002-12-13', 309);
INSERT INTO `cartItems` VALUES ('20021213081134', '4', 1, '2002:346:2002-12-13', 310);
INSERT INTO `cartItems` VALUES ('20021213084403', '4', 3, '2002:346:2002-12-13', 312);
INSERT INTO `cartItems` VALUES ('20021213081501', '2', 1, '2002:346:2002-12-13', 317);
INSERT INTO `cartItems` VALUES ('20021213091532', '2', 1, '2002:346:2002-12-13', 315);
INSERT INTO `cartItems` VALUES ('20021213100729', '5', 7, '2002:346:2002-12-13', 320);
INSERT INTO `cartItems` VALUES ('20021213115334', '4', 1, '2002:346:2002-12-13', 321);
INSERT INTO `cartItems` VALUES ('20021213123403', '4', 3, '2002:346:2002-12-13', 323);
INSERT INTO `cartItems` VALUES ('20021213123403', '5', 2, '2002:346:2002-12-13', 325);
INSERT INTO `cartItems` VALUES ('20021213151708', '4', 1, '2002:346:2002-12-13', 330);
INSERT INTO `cartItems` VALUES ('20021213145021', '2', 1, '2002:346:2002-12-13', 329);
INSERT INTO `cartItems` VALUES ('20021213151708', '3', 1, '2002:346:2002-12-13', 331);
INSERT INTO `cartItems` VALUES ('20021213152046', '3', 1, '2002:346:2002-12-13', 332);
INSERT INTO `cartItems` VALUES ('20021213152046', '4', 1, '2002:346:2002-12-13', 333);
INSERT INTO `cartItems` VALUES ('20021213162120', '3', 1, '2002:346:2002-12-13', 334);
INSERT INTO `cartItems` VALUES ('20021213162120', '4', 1, '2002:346:2002-12-13', 335);
INSERT INTO `cartItems` VALUES ('20021213163044', '2', 1, '2002:346:2002-12-13', 336);
INSERT INTO `cartItems` VALUES ('20021213163026', '2', 1, '2002:346:2002-12-13', 337);
INSERT INTO `cartItems` VALUES ('20021213164929', '5', 2, '2002:346:2002-12-13', 343);
INSERT INTO `cartItems` VALUES ('20021213164929', '6', 1, '2002:346:2002-12-13', 344);
INSERT INTO `cartItems` VALUES ('20021213164929', '11', 1, '2002:346:2002-12-13', 342);
INSERT INTO `cartItems` VALUES ('20021213190618', '6', 1, '2002:346:2002-12-13', 352);
INSERT INTO `cartItems` VALUES ('20021213190618', '5', 2, '2002:346:2002-12-13', 351);
INSERT INTO `cartItems` VALUES ('20021213190618', '11', 1, '2002:346:2002-12-13', 350);
INSERT INTO `cartItems` VALUES ('20021213200637', '5', 3, '2002:346:2002-12-13', 353);
INSERT INTO `cartItems` VALUES ('20021214053343', '5', 6, '2002:347:2002-12-14', 354);
INSERT INTO `cartItems` VALUES ('20021214072536', '5', 1, '2002:347:2002-12-14', 355);
INSERT INTO `cartItems` VALUES ('20021214073909', '5', 6, '2002:347:2002-12-14', 356);
INSERT INTO `cartItems` VALUES ('20021214110258', '5', 4, '2002:347:2002-12-14', 357);
INSERT INTO `cartItems` VALUES ('20021214130127', '13', 7, '2002:347:2002-12-14', 362);
INSERT INTO `cartItems` VALUES ('20021214164351', '2', 1, '2002:347:2002-12-14', 367);
INSERT INTO `cartItems` VALUES ('20021214164351', '5', 1, '2002:347:2002-12-14', 368);
INSERT INTO `cartItems` VALUES ('20021214173800', '8', 1, '2002:347:2002-12-14', 373);
INSERT INTO `cartItems` VALUES ('20021214173800', '13', 1, '2002:347:2002-12-14', 372);
INSERT INTO `cartItems` VALUES ('20021214173800', '5', 1, '2002:347:2002-12-14', 371);
INSERT INTO `cartItems` VALUES ('20021215174923', '5', 1, '2002:348:2002-12-15', 425);
INSERT INTO `cartItems` VALUES ('20021214173344', '5', 3, '2002:347:2002-12-14', 385);
INSERT INTO `cartItems` VALUES ('20021215165029', '4', 1, '2002:348:2002-12-15', 423);
INSERT INTO `cartItems` VALUES ('20021215173040', '5', 2, '2002:348:2002-12-15', 424);
INSERT INTO `cartItems` VALUES ('20021214183800', '2', 1, '2002:347:2002-12-14', 386);
INSERT INTO `cartItems` VALUES ('20021214200618', '5', 1, '2002:347:2002-12-14', 390);
INSERT INTO `cartItems` VALUES ('20021214200434', '5', 2, '2002:347:2002-12-14', 389);
INSERT INTO `cartItems` VALUES ('20021214225624', '5', 2, '2002:347:2002-12-14', 395);
INSERT INTO `cartItems` VALUES ('20021214200907', '5', 3, '2002:347:2002-12-14', 392);
INSERT INTO `cartItems` VALUES ('20021214204528', '4', 1, '2002:347:2002-12-14', 394);
INSERT INTO `cartItems` VALUES ('20021214225624', '2', 1, '2002:347:2002-12-14', 396);
INSERT INTO `cartItems` VALUES ('20021215074846', '5', 1, '2002:348:2002-12-15', 402);
INSERT INTO `cartItems` VALUES ('20021215074846', '2', 1, '2002:348:2002-12-15', 401);
INSERT INTO `cartItems` VALUES ('20021215074506', '5', 1, '2002:348:2002-12-15', 400);
INSERT INTO `cartItems` VALUES ('20021215075235', '4', 2, '2002:348:2002-12-15', 403);
INSERT INTO `cartItems` VALUES ('20021215075235', '5', 1, '2002:348:2002-12-15', 404);
INSERT INTO `cartItems` VALUES ('20021215101701', '4', 1, '2002:348:2002-12-15', 405);
INSERT INTO `cartItems` VALUES ('20021215101701', '12', 1, '2002:348:2002-12-15', 407);
INSERT INTO `cartItems` VALUES ('20021215104044', '5', 8, '2002:348:2002-12-15', 412);
INSERT INTO `cartItems` VALUES ('20021215102731', '5', 1, '2002:348:2002-12-15', 411);
INSERT INTO `cartItems` VALUES ('20021215102731', '2', 2, '2002:348:2002-12-15', 410);
INSERT INTO `cartItems` VALUES ('20021215111143', '4', 1, '2002:348:2002-12-15', 413);
INSERT INTO `cartItems` VALUES ('20021215111143', '5', 2, '2002:348:2002-12-15', 414);
INSERT INTO `cartItems` VALUES ('20021216001326', '4', 1, '2002:349:2002-12-16', 433);
INSERT INTO `cartItems` VALUES ('20021215185107', '5', 2, '2002:348:2002-12-15', 426);
INSERT INTO `cartItems` VALUES ('20021216001326', '5', 3, '2002:349:2002-12-16', 432);
INSERT INTO `cartItems` VALUES ('20021215233248', '5', 3, '2002:348:2002-12-15', 431);
INSERT INTO `cartItems` VALUES ('20021216014430', '17', 1, '2002:349:2002-12-16', 441);
INSERT INTO `cartItems` VALUES ('20021216060750', '2', 3, '2002:349:2002-12-16', 442);
INSERT INTO `cartItems` VALUES ('20021216010939', '15', 1, '2002:349:2002-12-16', 440);
INSERT INTO `cartItems` VALUES ('20021216090016', '2', 2, '2002:349:2002-12-16', 446);
INSERT INTO `cartItems` VALUES ('20021216090408', '5', 1, '2002:349:2002-12-16', 447);
INSERT INTO `cartItems` VALUES ('20021216111000', '5', 1, '2002:349:2002-12-16', 449);
INSERT INTO `cartItems` VALUES ('20021216112643', '4', 1, '2002:349:2002-12-16', 450);
INSERT INTO `cartItems` VALUES ('20021216122947', '5', 1, '2002:349:2002-12-16', 451);
INSERT INTO `cartItems` VALUES ('20021216123737', '2', 1, '2002:349:2002-12-16', 452);
INSERT INTO `cartItems` VALUES ('20021216124049', '2', 1, '2002:349:2002-12-16', 453);
INSERT INTO `cartItems` VALUES ('20021216124049', '3', 1, '2002:349:2002-12-16', 454);
INSERT INTO `cartItems` VALUES ('20021216124049', '5', 2, '2002:349:2002-12-16', 455);
INSERT INTO `cartItems` VALUES ('20021216123953', '2', 1, '2002:349:2002-12-16', 456);
INSERT INTO `cartItems` VALUES ('20021216132019', '5', 8, '2002:349:2002-12-16', 457);
INSERT INTO `cartItems` VALUES ('20021216132304', '2', 1, '2002:349:2002-12-16', 458);
INSERT INTO `cartItems` VALUES ('20021216151900', '5', 2, '2002:349:2002-12-16', 462);
INSERT INTO `cartItems` VALUES ('20021216151900', '4', 1, '2002:349:2002-12-16', 461);
INSERT INTO `cartItems` VALUES ('20021216151900', '2', 1, '2002:349:2002-12-16', 463);
INSERT INTO `cartItems` VALUES ('20021216173421', '6', 1, '2002:349:2002-12-16', 468);
INSERT INTO `cartItems` VALUES ('20021216153759', '5', 1, '2002:349:2002-12-16', 466);
INSERT INTO `cartItems` VALUES ('20021216173421', '5', 4, '2002:349:2002-12-16', 469);
INSERT INTO `cartItems` VALUES ('20021216173421', '2', 1, '2002:349:2002-12-16', 470);
INSERT INTO `cartItems` VALUES ('20021216173421', '18', 1, '2002:349:2002-12-16', 471);
INSERT INTO `cartItems` VALUES ('20021216173421', '3', 1, '2002:349:2002-12-16', 472);
INSERT INTO `cartItems` VALUES ('20021216173421', '12', 2, '2002:349:2002-12-16', 473);
INSERT INTO `cartItems` VALUES ('20021216175835', '2', 2, '2002:349:2002-12-16', 476);
INSERT INTO `cartItems` VALUES ('20021216180036', '2', 1, '2002:349:2002-12-16', 475);
INSERT INTO `cartItems` VALUES ('20021216194112', '5', 1, '2002:349:2002-12-16', 478);
INSERT INTO `cartItems` VALUES ('20021216194112', '2', 2, '2002:349:2002-12-16', 479);
INSERT INTO `cartItems` VALUES ('20021216194112', '3', 1, '2002:349:2002-12-16', 480);
INSERT INTO `cartItems` VALUES ('20021216202428', '5', 2, '2002:349:2002-12-16', 482);
INSERT INTO `cartItems` VALUES ('20021216203040', '4', 1, '2002:349:2002-12-16', 483);
INSERT INTO `cartItems` VALUES ('20021217125052', '5', 7, '2002:350:2002-12-17', 501);
INSERT INTO `cartItems` VALUES ('20021217093421', '5', 2, '2002:350:2002-12-17', 492);
INSERT INTO `cartItems` VALUES ('20021217084401', '5', 3, '2002:350:2002-12-17', 490);
INSERT INTO `cartItems` VALUES ('20021217114012', '5', 1, '2002:350:2002-12-17', 499);
INSERT INTO `cartItems` VALUES ('20021217105425', '2', 1, '2002:350:2002-12-17', 503);
INSERT INTO `cartItems` VALUES ('20021217130023', '4', 1, '2002:350:2002-12-17', 502);
INSERT INTO `cartItems` VALUES ('20021217182418', '4', 1, '2002:350:2002-12-17', 505);
INSERT INTO `cartItems` VALUES ('20021218132337', '2', 1, '2002:351:2002-12-18', 522);
INSERT INTO `cartItems` VALUES ('20021217201328', '2', 1, '2002:350:2002-12-17', 508);
INSERT INTO `cartItems` VALUES ('20021218125652', '6', 1, '2002:351:2002-12-18', 521);
INSERT INTO `cartItems` VALUES ('20021218125652', '2', 1, '2002:351:2002-12-18', 520);
INSERT INTO `cartItems` VALUES ('20021218132337', '5', 1, '2002:351:2002-12-18', 523);
INSERT INTO `cartItems` VALUES ('20021218133155', '4', 1, '2002:351:2002-12-18', 524);
INSERT INTO `cartItems` VALUES ('20021218183229', '5', 1, '2002:351:2002-12-18', 531);
INSERT INTO `cartItems` VALUES ('20021218183652', '5', 1, '2002:351:2002-12-18', 532);
INSERT INTO `cartItems` VALUES ('20021218194008', '4', 1, '2002:351:2002-12-18', 533);
INSERT INTO `cartItems` VALUES ('20021218230720', '2', 1, '2002:351:2002-12-18', 536);
INSERT INTO `cartItems` VALUES ('20021218230720', '6', 2, '2002:351:2002-12-18', 537);
INSERT INTO `cartItems` VALUES ('20021218233742', '13', 1, '2002:351:2002-12-18', 538);
INSERT INTO `cartItems` VALUES ('20021219111516', '2', 1, '2002:352:2002-12-19', 539);
INSERT INTO `cartItems` VALUES ('20021219114134', '5', 1, '2002:352:2002-12-19', 540);
INSERT INTO `cartItems` VALUES ('20021219114805', '5', 2, '2002:352:2002-12-19', 541);
INSERT INTO `cartItems` VALUES ('20021219134214', '4', 1, '2002:352:2002-12-19', 543);
INSERT INTO `cartItems` VALUES ('20021219155333', '5', 3, '2002:352:2002-12-19', 544);
INSERT INTO `cartItems` VALUES ('20021219221227', '2', 1, '2002:352:2002-12-19', 548);
INSERT INTO `cartItems` VALUES ('20021219221227', '3', 1, '2002:352:2002-12-19', 549);
INSERT INTO `cartItems` VALUES ('20021219221227', '5', 1, '2002:352:2002-12-19', 550);
INSERT INTO `cartItems` VALUES ('20021219234611', '4', 3, '2002:352:2002-12-19', 551);
INSERT INTO `cartItems` VALUES ('20021220090021', '2', 1, '2002:353:2002-12-20', 552);
INSERT INTO `cartItems` VALUES ('20021220091332', '2', 1, '2002:353:2002-12-20', 553);
INSERT INTO `cartItems` VALUES ('20021220113200', '5', 1, '2002:353:2002-12-20', 554);
INSERT INTO `cartItems` VALUES ('20021220113200', '4', 1, '2002:353:2002-12-20', 555);
INSERT INTO `cartItems` VALUES ('20021220135450', '5', 1, '2002:353:2002-12-20', 557);
INSERT INTO `cartItems` VALUES ('20021220135450', '6', 1, '2002:353:2002-12-20', 558);
INSERT INTO `cartItems` VALUES ('20021220135450', '13', 1, '2002:353:2002-12-20', 559);
INSERT INTO `cartItems` VALUES ('20021220202409', '2', 1, '2002:353:2002-12-20', 560);
INSERT INTO `cartItems` VALUES ('20021220202624', '5', 2, '2002:353:2002-12-20', 561);
INSERT INTO `cartItems` VALUES ('20021220202624', '2', 1, '2002:353:2002-12-20', 562);
INSERT INTO `cartItems` VALUES ('20021220212112', '4', 2, '2002:353:2002-12-20', 563);
INSERT INTO `cartItems` VALUES ('20021220212401', '4', 1, '2002:353:2002-12-20', 564);
INSERT INTO `cartItems` VALUES ('20021220212401', '5', 1, '2002:353:2002-12-20', 565);
INSERT INTO `cartItems` VALUES ('20021221004443', '5', 4, '2002:354:2002-12-21', 566);
INSERT INTO `cartItems` VALUES ('20021221004606', '6', 1, '2002:354:2002-12-21', 567);
INSERT INTO `cartItems` VALUES ('20021221004606', '5', 3, '2002:354:2002-12-21', 568);
INSERT INTO `cartItems` VALUES ('20021221005318', '2', 1, '2002:354:2002-12-21', 569);
INSERT INTO `cartItems` VALUES ('20021221004443', '6', 1, '2002:354:2002-12-21', 570);
INSERT INTO `cartItems` VALUES ('20021221075010', '5', 2, '2002:354:2002-12-21', 571);
INSERT INTO `cartItems` VALUES ('20021221084230', '4', 1, '2002:354:2002-12-21', 572);
INSERT INTO `cartItems` VALUES ('20021221084230', '5', 1, '2002:354:2002-12-21', 573);
INSERT INTO `cartItems` VALUES ('20021222071917', '4', 1, '2002:355:2002-12-22', 580);
INSERT INTO `cartItems` VALUES ('20021221131300', '5', 1, '2002:354:2002-12-21', 575);
INSERT INTO `cartItems` VALUES ('20021222085553', '5', 1, '2002:355:2002-12-22', 581);
INSERT INTO `cartItems` VALUES ('20021222110959', '5', 2, '2002:355:2002-12-22', 583);
INSERT INTO `cartItems` VALUES ('20021222110959', '8', 1, '2002:355:2002-12-22', 584);
INSERT INTO `cartItems` VALUES ('20021222132821', '2', 1, '2002:355:2002-12-22', 585);
INSERT INTO `cartItems` VALUES ('20021222140137', '2', 1, '2002:355:2002-12-22', 586);
INSERT INTO `cartItems` VALUES ('20021222140137', '3', 1, '2002:355:2002-12-22', 587);
INSERT INTO `cartItems` VALUES ('20021222140137', '5', 1, '2002:355:2002-12-22', 588);
INSERT INTO `cartItems` VALUES ('20021222182015', '5', 1, '2002:355:2002-12-22', 589);
INSERT INTO `cartItems` VALUES ('20021222235007', '4', 2, '2002:355:2002-12-22', 590);
INSERT INTO `cartItems` VALUES ('20021223113036', '2', 1, '2002:356:2002-12-23', 591);
INSERT INTO `cartItems` VALUES ('20021223120635', '5', 1, '2002:356:2002-12-23', 592);
INSERT INTO `cartItems` VALUES ('20021223120635', '3', 1, '2002:356:2002-12-23', 593);
INSERT INTO `cartItems` VALUES ('20021223121154', '5', 1, '2002:356:2002-12-23', 594);
INSERT INTO `cartItems` VALUES ('20021223121154', '3', 1, '2002:356:2002-12-23', 595);
INSERT INTO `cartItems` VALUES ('20021223132722', '3', 1, '2002:356:2002-12-23', 596);
INSERT INTO `cartItems` VALUES ('20021223132722', '5', 1, '2002:356:2002-12-23', 597);
INSERT INTO `cartItems` VALUES ('20021223155555', '5', 1, '2002:356:2002-12-23', 599);
INSERT INTO `cartItems` VALUES ('20021223174159', '2', 1, '2002:356:2002-12-23', 600);
INSERT INTO `cartItems` VALUES ('20021224001042', '5', 1, '2002:357:2002-12-24', 601);
INSERT INTO `cartItems` VALUES ('20021224073143', '4', 2, '2002:357:2002-12-24', 602);
INSERT INTO `cartItems` VALUES ('20021224073143', '6', 1, '2002:357:2002-12-24', 603);
INSERT INTO `cartItems` VALUES ('20021224073143', '5', 1, '2002:357:2002-12-24', 604);
INSERT INTO `cartItems` VALUES ('20021224073143', '8', 1, '2002:357:2002-12-24', 605);
INSERT INTO `cartItems` VALUES ('20021224073143', '19', 1, '2002:357:2002-12-24', 606);
INSERT INTO `cartItems` VALUES ('20021224184557', '5', 3, '2002:357:2002-12-24', 607);
INSERT INTO `cartItems` VALUES ('20021225115807', '4', 1, '2002:358:2002-12-25', 608);
INSERT INTO `cartItems` VALUES ('20021225115807', '5', 1, '2002:358:2002-12-25', 609);
INSERT INTO `cartItems` VALUES ('20021225120419', '4', 1, '2002:358:2002-12-25', 610);
INSERT INTO `cartItems` VALUES ('20021225120419', '5', 1, '2002:358:2002-12-25', 611);
INSERT INTO `cartItems` VALUES ('20021225140701', '4', 2, '2002:358:2002-12-25', 613);
INSERT INTO `cartItems` VALUES ('20021225193311', '4', 1, '2002:358:2002-12-25', 614);
INSERT INTO `cartItems` VALUES ('20021226100703', '5', 2, '2002:359:2002-12-26', 615);
INSERT INTO `cartItems` VALUES ('20021226111416', '2', 2, '2002:359:2002-12-26', 616);
INSERT INTO `cartItems` VALUES ('20021226111508', '4', 12, '2002:359:2002-12-26', 617);
INSERT INTO `cartItems` VALUES ('20021226130117', '5', 1, '2002:359:2002-12-26', 618);
INSERT INTO `cartItems` VALUES ('20021226130117', '2', 1, '2002:359:2002-12-26', 619);
INSERT INTO `cartItems` VALUES ('20021226170255', '3', 1, '2002:359:2002-12-26', 620);
INSERT INTO `cartItems` VALUES ('20021226170255', '5', 1, '2002:359:2002-12-26', 621);
INSERT INTO `cartItems` VALUES ('20021226190408', '2', 1, '2002:359:2002-12-26', 622);
INSERT INTO `cartItems` VALUES ('20021226190408', '5', 1, '2002:359:2002-12-26', 623);
INSERT INTO `cartItems` VALUES ('20021226190900', '2', 1, '2002:359:2002-12-26', 624);
INSERT INTO `cartItems` VALUES ('20021226190408', '8', 1, '2002:359:2002-12-26', 625);
INSERT INTO `cartItems` VALUES ('20021226190408', '11', 1, '2002:359:2002-12-26', 626);
INSERT INTO `cartItems` VALUES ('20021226190408', '14', 1, '2002:359:2002-12-26', 627);
INSERT INTO `cartItems` VALUES ('20021228022956', '4', 1, '2002:361:2002-12-28', 631);
INSERT INTO `cartItems` VALUES ('20021227205152', '4', 1, '2002:360:2002-12-27', 630);
INSERT INTO `cartItems` VALUES ('20021228022956', '5', 1, '2002:361:2002-12-28', 632);
INSERT INTO `cartItems` VALUES ('20021228022956', '13', 1, '2002:361:2002-12-28', 633);
INSERT INTO `cartItems` VALUES ('20021228123008', '5', 8, '2002:361:2002-12-28', 634);
INSERT INTO `cartItems` VALUES ('20021228123008', '4', 1, '2002:361:2002-12-28', 635);
INSERT INTO `cartItems` VALUES ('20021228140751', '8', 1, '2002:361:2002-12-28', 636);
INSERT INTO `cartItems` VALUES ('20021228140751', '2', 2, '2002:361:2002-12-28', 637);
INSERT INTO `cartItems` VALUES ('20021228142142', '3', 1, '2002:361:2002-12-28', 638);
INSERT INTO `cartItems` VALUES ('20021228185848', '3', 1, '2002:361:2002-12-28', 639);
INSERT INTO `cartItems` VALUES ('20021228192647', '4', 1, '2002:361:2002-12-28', 640);
INSERT INTO `cartItems` VALUES ('20021229110818', '3', 1, '2002:362:2002-12-29', 642);
INSERT INTO `cartItems` VALUES ('20021229132811', '5', 1, '2002:362:2002-12-29', 643);
INSERT INTO `cartItems` VALUES ('20021229135945', '4', 1, '2002:362:2002-12-29', 644);
INSERT INTO `cartItems` VALUES ('20021229135945', '5', 2, '2002:362:2002-12-29', 646);
INSERT INTO `cartItems` VALUES ('20021229150149', '5', 1, '2002:362:2002-12-29', 647);
INSERT INTO `cartItems` VALUES ('20021229151239', '5', 2, '2002:362:2002-12-29', 648);
INSERT INTO `cartItems` VALUES ('20021229173029', '4', 7, '2002:362:2002-12-29', 651);
INSERT INTO `cartItems` VALUES ('20021229171307', '5', 4, '2002:362:2002-12-29', 650);
INSERT INTO `cartItems` VALUES ('20021229185314', '2', 2, '2002:362:2002-12-29', 652);
INSERT INTO `cartItems` VALUES ('20021229185314', '6', 1, '2002:362:2002-12-29', 653);
INSERT INTO `cartItems` VALUES ('20021230093846', '2', 1, '2002:363:2002-12-30', 654);
INSERT INTO `cartItems` VALUES ('20021230100638', '5', 6, '2002:363:2002-12-30', 655);
INSERT INTO `cartItems` VALUES ('20021230133654', '4', 1, '2002:363:2002-12-30', 656);
INSERT INTO `cartItems` VALUES ('20021230133933', '4', 1, '2002:363:2002-12-30', 657);
INSERT INTO `cartItems` VALUES ('20021230162237', '5', 1, '2002:363:2002-12-30', 658);
INSERT INTO `cartItems` VALUES ('20021230204525', '5', 1, '2002:363:2002-12-30', 659);
INSERT INTO `cartItems` VALUES ('20021230222508', '5', 5, '2002:363:2002-12-30', 660);
INSERT INTO `cartItems` VALUES ('20021231073945', '3', 1, '2002:364:2002-12-31', 661);
INSERT INTO `cartItems` VALUES ('20021231075735', '4', 1, '2002:364:2002-12-31', 662);
INSERT INTO `cartItems` VALUES ('20021231075735', '2', 1, '2002:364:2002-12-31', 663);
INSERT INTO `cartItems` VALUES ('20021231112351', '5', 1, '2002:364:2002-12-31', 664);
INSERT INTO `cartItems` VALUES ('20021231121229', '5', 1, '2002:364:2002-12-31', 665);
INSERT INTO `cartItems` VALUES ('20021231121724', '4', 1, '2002:364:2002-12-31', 666);
INSERT INTO `cartItems` VALUES ('20021231121724', '5', 1, '2002:364:2002-12-31', 667);
INSERT INTO `cartItems` VALUES ('20021231210423', '4', 1, '2002:364:2002-12-31', 668);
INSERT INTO `cartItems` VALUES ('20021231210423', '5', 1, '2002:364:2002-12-31', 669);
INSERT INTO `cartItems` VALUES ('20021231210423', '8', 1, '2002:364:2002-12-31', 670);
INSERT INTO `cartItems` VALUES ('20030102080125', '5', 1, '2003:1:2003-01-02', 671);
INSERT INTO `cartItems` VALUES ('20030102080229', '3', 1, '2003:1:2003-01-02', 672);
INSERT INTO `cartItems` VALUES ('20030102111051', '5', 1, '2003:1:2003-01-02', 673);
INSERT INTO `cartItems` VALUES ('20030103101932', '5', 1, '2003:2:2003-01-03', 682);
INSERT INTO `cartItems` VALUES ('20030103101932', '4', 1, '2003:2:2003-01-03', 681);
INSERT INTO `cartItems` VALUES ('20030102221220', '4', 1, '2003:1:2003-01-02', 679);
INSERT INTO `cartItems` VALUES ('20030103144404', '5', 2, '2003:2:2003-01-03', 686);
INSERT INTO `cartItems` VALUES ('20030103141726', '2', 1, '2003:2:2003-01-03', 685);
INSERT INTO `cartItems` VALUES ('20030103160231', '4', 1, '2003:2:2003-01-03', 687);
INSERT INTO `cartItems` VALUES ('20030103160231', '5', 2, '2003:2:2003-01-03', 688);
INSERT INTO `cartItems` VALUES ('20030103170249', '5', 2, '2003:2:2003-01-03', 689);
INSERT INTO `cartItems` VALUES ('20030104103641', '5', 1, '2003:3:2003-01-04', 693);
INSERT INTO `cartItems` VALUES ('20030104134313', '2', 1, '2003:3:2003-01-04', 694);
INSERT INTO `cartItems` VALUES ('20030104134313', '5', 1, '2003:3:2003-01-04', 695);
INSERT INTO `cartItems` VALUES ('20030104134901', '2', 1, '2003:3:2003-01-04', 696);
INSERT INTO `cartItems` VALUES ('20030104134901', '5', 1, '2003:3:2003-01-04', 697);
INSERT INTO `cartItems` VALUES ('20030104153218', '3', 4, '2003:3:2003-01-04', 698);
INSERT INTO `cartItems` VALUES ('20030104194535', '4', 1, '2003:3:2003-01-04', 699);
INSERT INTO `cartItems` VALUES ('20030105094643', '10', 1, '2003:4:2003-01-05', 709);
INSERT INTO `cartItems` VALUES ('20030104235350', '4', 1, '2003:3:2003-01-04', 703);
INSERT INTO `cartItems` VALUES ('20030105094643', '6', 1, '2003:4:2003-01-05', 708);
INSERT INTO `cartItems` VALUES ('20030105094643', '2', 1, '2003:4:2003-01-05', 707);
INSERT INTO `cartItems` VALUES ('20030105094643', '13', 1, '2003:4:2003-01-05', 710);
INSERT INTO `cartItems` VALUES ('20030105132414', '5', 1, '2003:4:2003-01-05', 711);
INSERT INTO `cartItems` VALUES ('20030105150505', '2', 1, '2003:4:2003-01-05', 712);
INSERT INTO `cartItems` VALUES ('20030105183144', '4', 1, '2003:4:2003-01-05', 721);
INSERT INTO `cartItems` VALUES ('20030105175824', '5', 3, '2003:4:2003-01-05', 720);
INSERT INTO `cartItems` VALUES ('20030105202757', '2', 1, '2003:4:2003-01-05', 722);
INSERT INTO `cartItems` VALUES ('20030105213035', '5', 1, '2003:4:2003-01-05', 723);
INSERT INTO `cartItems` VALUES ('20030106071647', '5', 5, '2003:5:2003-01-06', 728);
INSERT INTO `cartItems` VALUES ('20030105225034', '15', 1, '2003:4:2003-01-05', 727);
INSERT INTO `cartItems` VALUES ('20030106094840', '5', 3, '2003:5:2003-01-06', 731);
INSERT INTO `cartItems` VALUES ('20030106112133', '2', 1, '2003:5:2003-01-06', 736);
INSERT INTO `cartItems` VALUES ('20030106105732', '5', 5, '2003:5:2003-01-06', 735);
INSERT INTO `cartItems` VALUES ('20030106112133', '13', 1, '2003:5:2003-01-06', 737);
INSERT INTO `cartItems` VALUES ('20030106114558', '4', 1, '2003:5:2003-01-06', 738);
INSERT INTO `cartItems` VALUES ('20030106193222', '5', 1, '2003:5:2003-01-06', 749);
INSERT INTO `cartItems` VALUES ('20030106121714', '2', 1, '2003:5:2003-01-06', 741);
INSERT INTO `cartItems` VALUES ('20030106193222', '4', 1, '2003:5:2003-01-06', 748);
INSERT INTO `cartItems` VALUES ('20030106182355', '5', 2, '2003:5:2003-01-06', 746);
INSERT INTO `cartItems` VALUES ('20030106213547', '2', 1, '2003:5:2003-01-06', 750);
INSERT INTO `cartItems` VALUES ('20030106213547', '5', 1, '2003:5:2003-01-06', 751);
INSERT INTO `cartItems` VALUES ('20030107102740', '5', 1, '2003:6:2003-01-07', 752);
INSERT INTO `cartItems` VALUES ('20030107162449', '2', 1, '2003:6:2003-01-07', 754);
INSERT INTO `cartItems` VALUES ('20030107163930', '5', 1, '2003:6:2003-01-07', 758);
INSERT INTO `cartItems` VALUES ('20030107180224', '4', 1, '2003:6:2003-01-07', 759);
INSERT INTO `cartItems` VALUES ('20030108194517', '5', 2, '2003:7:2003-01-08', 768);
INSERT INTO `cartItems` VALUES ('20030107200643', '5', 6, '2003:6:2003-01-07', 761);
INSERT INTO `cartItems` VALUES ('20030108175401', '3', 1, '2003:7:2003-01-08', 766);
INSERT INTO `cartItems` VALUES ('20030108194517', '4', 2, '2003:7:2003-01-08', 769);
INSERT INTO `cartItems` VALUES ('20030110102102', '4', 1, '2003:9:2003-01-10', 780);
INSERT INTO `cartItems` VALUES ('20030110102102', '5', 1, '2003:9:2003-01-10', 779);
INSERT INTO `cartItems` VALUES ('20030110101550', '4', 1, '2003:9:2003-01-10', 778);
INSERT INTO `cartItems` VALUES ('20030110160911', '2', 2, '2003:9:2003-01-10', 784);
INSERT INTO `cartItems` VALUES ('20030110160911', '5', 4, '2003:9:2003-01-10', 783);
INSERT INTO `cartItems` VALUES ('20030110174109', '4', 1, '2003:9:2003-01-10', 785);
INSERT INTO `cartItems` VALUES ('20030110175209', '2', 1, '2003:9:2003-01-10', 786);
INSERT INTO `cartItems` VALUES ('20030110175209', '11', 1, '2003:9:2003-01-10', 787);
INSERT INTO `cartItems` VALUES ('20030111073158', '5', 1, '2003:10:2003-01-11', 790);
INSERT INTO `cartItems` VALUES ('20030111073158', '4', 1, '2003:10:2003-01-11', 791);
INSERT INTO `cartItems` VALUES ('20030111093439', '8', 1, '2003:10:2003-01-11', 792);
INSERT INTO `cartItems` VALUES ('20030111093439', '5', 6, '2003:10:2003-01-11', 793);
INSERT INTO `cartItems` VALUES ('20030111110036', '5', 1, '2003:10:2003-01-11', 794);
INSERT INTO `cartItems` VALUES ('20030111110036', '2', 1, '2003:10:2003-01-11', 795);
INSERT INTO `cartItems` VALUES ('20030111181924', '5', 2, '2003:10:2003-01-11', 796);
INSERT INTO `cartItems` VALUES ('20030111202440', '5', 1, '2003:10:2003-01-11', 799);
INSERT INTO `cartItems` VALUES ('20030111202440', '2', 1, '2003:10:2003-01-11', 800);
INSERT INTO `cartItems` VALUES ('20030112105606', '4', 1, '2003:11:2003-01-12', 801);
INSERT INTO `cartItems` VALUES ('20030112131857', '5', 1, '2003:11:2003-01-12', 802);
INSERT INTO `cartItems` VALUES ('20030112135712', '2', 1, '2003:11:2003-01-12', 805);
INSERT INTO `cartItems` VALUES ('20030113103054', '2', 1, '2003:12:2003-01-13', 806);
INSERT INTO `cartItems` VALUES ('20030113104957', '4', 3, '2003:12:2003-01-13', 807);
INSERT INTO `cartItems` VALUES ('20030113142632', '5', 1, '2003:12:2003-01-13', 808);
INSERT INTO `cartItems` VALUES ('20030113142632', '14', 1, '2003:12:2003-01-13', 809);
INSERT INTO `cartItems` VALUES ('20030114083244', '5', 1, '2003:13:2003-01-14', 810);
INSERT INTO `cartItems` VALUES ('20030114144932', '4', 1, '2003:13:2003-01-14', 811);
INSERT INTO `cartItems` VALUES ('20030114144932', '5', 1, '2003:13:2003-01-14', 812);
INSERT INTO `cartItems` VALUES ('20030114145059', '5', 2, '2003:13:2003-01-14', 813);
INSERT INTO `cartItems` VALUES ('20030114145059', '4', 1, '2003:13:2003-01-14', 814);
INSERT INTO `cartItems` VALUES ('20030114151312', '5', 1, '2003:13:2003-01-14', 815);
INSERT INTO `cartItems` VALUES ('20030114210307', '2', 2, '2003:13:2003-01-14', 816);
INSERT INTO `cartItems` VALUES ('20030114210307', '5', 2, '2003:13:2003-01-14', 817);
INSERT INTO `cartItems` VALUES ('20030116125654', '5', 1, '2003:15:2003-01-16', 823);
INSERT INTO `cartItems` VALUES ('20030116125654', '2', 1, '2003:15:2003-01-16', 822);
INSERT INTO `cartItems` VALUES ('20030116060621', '5', 1, '2003:15:2003-01-16', 821);
INSERT INTO `cartItems` VALUES ('20030116140808', '4', 1, '2003:15:2003-01-16', 824);
INSERT INTO `cartItems` VALUES ('20030116213632', '2', 1, '2003:15:2003-01-16', 825);
INSERT INTO `cartItems` VALUES ('20030117004535', '2', 1, '2003:16:2003-01-17', 826);
INSERT INTO `cartItems` VALUES ('20030117004535', '3', 1, '2003:16:2003-01-17', 827);
INSERT INTO `cartItems` VALUES ('20030117004535', '5', 1, '2003:16:2003-01-17', 828);
INSERT INTO `cartItems` VALUES ('20030117141059', '4', 2, '2003:16:2003-01-17', 829);
INSERT INTO `cartItems` VALUES ('20030117141059', '5', 1, '2003:16:2003-01-17', 830);
INSERT INTO `cartItems` VALUES ('20030117141059', '6', 1, '2003:16:2003-01-17', 831);
INSERT INTO `cartItems` VALUES ('20030117150908', '2', 1, '2003:16:2003-01-17', 832);
INSERT INTO `cartItems` VALUES ('20030118073455', '5', 1, '2003:17:2003-01-18', 836);
INSERT INTO `cartItems` VALUES ('20030117183812', '2', 1, '2003:16:2003-01-17', 835);
INSERT INTO `cartItems` VALUES ('20030118073455', '3', 1, '2003:17:2003-01-18', 837);
INSERT INTO `cartItems` VALUES ('20030119075826', '5', 1, '2003:18:2003-01-19', 838);
INSERT INTO `cartItems` VALUES ('20030119075826', '3', 1, '2003:18:2003-01-19', 839);
INSERT INTO `cartItems` VALUES ('20030119165437', '5', 1, '2003:18:2003-01-19', 842);
INSERT INTO `cartItems` VALUES ('20030119190340', '5', 1, '2003:18:2003-01-19', 843);
INSERT INTO `cartItems` VALUES ('20030119190624', '4', 3, '2003:18:2003-01-19', 844);
INSERT INTO `cartItems` VALUES ('20030120060611', '6', 1, '2003:19:2003-01-20', 846);
INSERT INTO `cartItems` VALUES ('20030122063326', '2', 1, '2003:21:2003-01-22', 850);
INSERT INTO `cartItems` VALUES ('20030120175957', '3', 1, '2003:19:2003-01-20', 849);
INSERT INTO `cartItems` VALUES ('20030122080912', '5', 6, '2003:21:2003-01-22', 851);
INSERT INTO `cartItems` VALUES ('20030122093433', '5', 1, '2003:21:2003-01-22', 852);
INSERT INTO `cartItems` VALUES ('20030122093433', '4', 1, '2003:21:2003-01-22', 853);
INSERT INTO `cartItems` VALUES ('20030122094105', '5', 1, '2003:21:2003-01-22', 854);
INSERT INTO `cartItems` VALUES ('20030122094105', '2', 1, '2003:21:2003-01-22', 855);
INSERT INTO `cartItems` VALUES ('20030122192717', '10', 1, '2003:21:2003-01-22', 859);
INSERT INTO `cartItems` VALUES ('20030123132449', '12', 1, '2003:22:2003-01-23', 860);
INSERT INTO `cartItems` VALUES ('20030123132449', '2', 1, '2003:22:2003-01-23', 861);
INSERT INTO `cartItems` VALUES ('20030123142228', '5', 2, '2003:22:2003-01-23', 862);
INSERT INTO `cartItems` VALUES ('20030124110913', '2', 1, '2003:23:2003-01-24', 865);
INSERT INTO `cartItems` VALUES ('20030124111106', '2', 1, '2003:23:2003-01-24', 866);
INSERT INTO `cartItems` VALUES ('20030124182950', '4', 6, '2003:23:2003-01-24', 867);
INSERT INTO `cartItems` VALUES ('20030124194110', '5', 6, '2003:23:2003-01-24', 868);
INSERT INTO `cartItems` VALUES ('20030124194613', '5', 3, '2003:23:2003-01-24', 869);
INSERT INTO `cartItems` VALUES ('20030124201308', '3', 2, '2003:23:2003-01-24', 870);
INSERT INTO `cartItems` VALUES ('20030127183146', '2', 2, '2003:26:2003-01-27', 882);
INSERT INTO `cartItems` VALUES ('20030127151224', '2', 1, '2003:26:2003-01-27', 881);
INSERT INTO `cartItems` VALUES ('20030127125914', '2', 1, '2003:26:2003-01-27', 880);
INSERT INTO `cartItems` VALUES ('20030127123331', '2', 1, '2003:26:2003-01-27', 879);
INSERT INTO `cartItems` VALUES ('20030127091728', '4', 1, '2003:26:2003-01-27', 878);
INSERT INTO `cartItems` VALUES ('20030127190227', '4', 1, '2003:26:2003-01-27', 883);
INSERT INTO `cartItems` VALUES ('20030128062803', '2', 1, '2003:27:2003-01-28', 884);
INSERT INTO `cartItems` VALUES ('20030128200740', '2', 1, '2003:27:2003-01-28', 885);
INSERT INTO `cartItems` VALUES ('20030128205154', '2', 1, '2003:27:2003-01-28', 886);
INSERT INTO `cartItems` VALUES ('20030128205200', '2', 2, '2003:27:2003-01-28', 887);
INSERT INTO `cartItems` VALUES ('20030128211854', '5', 1, '2003:27:2003-01-28', 888);
INSERT INTO `cartItems` VALUES ('20030128212941', '5', 2, '2003:27:2003-01-28', 889);
INSERT INTO `cartItems` VALUES ('20030128233622', '5', 1, '2003:27:2003-01-28', 890);
INSERT INTO `cartItems` VALUES ('20030128233806', '4', 1, '2003:27:2003-01-28', 891);
INSERT INTO `cartItems` VALUES ('20030128233832', '5', 1, '2003:27:2003-01-28', 892);
INSERT INTO `cartItems` VALUES ('20030128233832', '4', 1, '2003:27:2003-01-28', 893);
INSERT INTO `cartItems` VALUES ('20030129105654', '2', 1, '2003:28:2003-01-29', 894);
INSERT INTO `cartItems` VALUES ('20030129134243', '16', 1, '2003:28:2003-01-29', 897);
INSERT INTO `cartItems` VALUES ('20030129153722', '2', 1, '2003:28:2003-01-29', 898);
INSERT INTO `cartItems` VALUES ('20030129204928', '5', 6, '2003:28:2003-01-29', 899);
INSERT INTO `cartItems` VALUES ('20030130155313', '5', 1, '2003:29:2003-01-30', 900);
INSERT INTO `cartItems` VALUES ('20030130155313', '12', 1, '2003:29:2003-01-30', 901);
INSERT INTO `cartItems` VALUES ('20030130193736', '2', 1, '2003:29:2003-01-30', 902);
INSERT INTO `cartItems` VALUES ('20030203125853', '5', 4, '2003:33:2003-02-03', 905);
INSERT INTO `cartItems` VALUES ('20030204104323', '5', 1, '2003:34:2003-02-04', 911);
INSERT INTO `cartItems` VALUES ('20030204005556', '2', 1, '2003:34:2003-02-04', 910);
INSERT INTO `cartItems` VALUES ('20030204160218', '4', 1, '2003:34:2003-02-04', 912);
INSERT INTO `cartItems` VALUES ('20030204160218', '5', 2, '2003:34:2003-02-04', 913);
INSERT INTO `cartItems` VALUES ('20030204162351', '4', 1, '2003:34:2003-02-04', 914);
INSERT INTO `cartItems` VALUES ('20030204162351', '5', 1, '2003:34:2003-02-04', 915);
INSERT INTO `cartItems` VALUES ('20030204183738', '5', 1, '2003:34:2003-02-04', 916);
INSERT INTO `cartItems` VALUES ('20030207001528', '2', 1, '2003:37:2003-02-07', 921);
INSERT INTO `cartItems` VALUES ('20030206014416', '2', 1, '2003:36:2003-02-06', 919);
INSERT INTO `cartItems` VALUES ('20030207002757', '2', 1, '2003:37:2003-02-07', 922);
INSERT INTO `cartItems` VALUES ('20030207002850', '5', 1, '2003:37:2003-02-07', 923);
INSERT INTO `cartItems` VALUES ('20030207002850', '4', 1, '2003:37:2003-02-07', 924);
INSERT INTO `cartItems` VALUES ('20030207003211', '2', 1, '2003:37:2003-02-07', 925);
INSERT INTO `cartItems` VALUES ('20030207004312', '2', 1, '2003:37:2003-02-07', 926);
INSERT INTO `cartItems` VALUES ('20030207110721', '2', 1, '2003:37:2003-02-07', 927);
INSERT INTO `cartItems` VALUES ('20030207115040', '2', 1, '2003:37:2003-02-07', 928);
INSERT INTO `cartItems` VALUES ('20030207115116', '2', 1, '2003:37:2003-02-07', 929);
INSERT INTO `cartItems` VALUES ('20030207115614', '2', 1, '2003:37:2003-02-07', 930);
INSERT INTO `cartItems` VALUES ('20030207115715', '2', 1, '2003:37:2003-02-07', 931);
INSERT INTO `cartItems` VALUES ('20030207122617128.241.21.30', '2', 1, '2003:37:2003-02-07', 932);
INSERT INTO `cartItems` VALUES ('20030207204308', '5', 3, '2003:37:2003-02-07', 933);
INSERT INTO `cartItems` VALUES ('20030207220829', '2', 1, '2003:37:2003-02-07', 935);
INSERT INTO `cartItems` VALUES ('20030208073805', '18', 1, '2003:38:2003-02-08', 940);
INSERT INTO `cartItems` VALUES ('20030208073805', '4', 15, '2003:38:2003-02-08', 941);
INSERT INTO `cartItems` VALUES ('20030208073805', '5', 10, '2003:38:2003-02-08', 942);
INSERT INTO `cartItems` VALUES ('20030208073805', '13', 1, '2003:38:2003-02-08', 943);
INSERT INTO `cartItems` VALUES ('20030209005812', '2', 1, '2003:39:2003-02-09', 944);
INSERT INTO `cartItems` VALUES ('20030210112823', '4', 15, '2003:40:2003-02-10', 945);
INSERT INTO `cartItems` VALUES ('20030210112823', '5', 10, '2003:40:2003-02-10', 946);
INSERT INTO `cartItems` VALUES ('20030210112823', '13', 1, '2003:40:2003-02-10', 947);
INSERT INTO `cartItems` VALUES ('20030210112823', '12', 2, '2003:40:2003-02-10', 948);
INSERT INTO `cartItems` VALUES ('20030210112823', '18', 1, '2003:40:2003-02-10', 949);
INSERT INTO `cartItems` VALUES ('20030210112823', '19', 1, '2003:40:2003-02-10', 950);
INSERT INTO `cartItems` VALUES ('20030210112823', '20', 1, '2003:40:2003-02-10', 951);
INSERT INTO `cartItems` VALUES ('20030212202803', '12', 1, '2003:42:2003-02-12', 981);
INSERT INTO `cartItems` VALUES ('20030210113809', '2', 2, '2003:40:2003-02-10', 953);
INSERT INTO `cartItems` VALUES ('20030212202803', '11', 1, '2003:42:2003-02-12', 980);
INSERT INTO `cartItems` VALUES ('20030212202803', '2', 1, '2003:42:2003-02-12', 979);
INSERT INTO `cartItems` VALUES ('20030212142948', '5', 1, '2003:42:2003-02-12', 977);
INSERT INTO `cartItems` VALUES ('20030210233241', '3', 1, '2003:40:2003-02-10', 970);
INSERT INTO `cartItems` VALUES ('20030210195945', '13', 1, '2003:40:2003-02-10', 969);
INSERT INTO `cartItems` VALUES ('20030210195945', '2', 1, '2003:40:2003-02-10', 968);
INSERT INTO `cartItems` VALUES ('20030210124915', '5', 1, '2003:40:2003-02-10', 967);
INSERT INTO `cartItems` VALUES ('20030212202803', '14', 1, '2003:42:2003-02-12', 982);
INSERT INTO `cartItems` VALUES ('20030212202803', '18', 1, '2003:42:2003-02-12', 983);
INSERT INTO `cartItems` VALUES ('20030212202803', '5', 1, '2003:42:2003-02-12', 984);
INSERT INTO `cartItems` VALUES ('20030212202803', '6', 1, '2003:42:2003-02-12', 985);
INSERT INTO `cartItems` VALUES ('20030212202803', '8', 1, '2003:42:2003-02-12', 986);
INSERT INTO `cartItems` VALUES ('20030212202803', '13', 1, '2003:42:2003-02-12', 987);
INSERT INTO `cartItems` VALUES ('20030212202803', '15', 1, '2003:42:2003-02-12', 988);
INSERT INTO `cartItems` VALUES ('20030212202803', '16', 1, '2003:42:2003-02-12', 989);
INSERT INTO `cartItems` VALUES ('20030212202803', '17', 1, '2003:42:2003-02-12', 990);
INSERT INTO `cartItems` VALUES ('20030212202803', '19', 1, '2003:42:2003-02-12', 991);
INSERT INTO `cartItems` VALUES ('20030212202803', '20', 1, '2003:42:2003-02-12', 992);
INSERT INTO `cartItems` VALUES ('20030212211508', '4', 1, '2003:42:2003-02-12', 993);
INSERT INTO `cartItems` VALUES ('20030213221915', '2', 1, '2003:43:2003-02-13', 997);
INSERT INTO `cartItems` VALUES ('20030213211921', '2', 1, '2003:43:2003-02-13', 996);
INSERT INTO `cartItems` VALUES ('20030213230752', '2', 1, '2003:43:2003-02-13', 998);
INSERT INTO `cartItems` VALUES ('20030213230954', '2', 1, '2003:43:2003-02-13', 999);
INSERT INTO `cartItems` VALUES ('20030213231027', '2', 1, '2003:43:2003-02-13', 1000);
INSERT INTO `cartItems` VALUES ('20030213231158', '2', 1, '2003:43:2003-02-13', 1001);
INSERT INTO `cartItems` VALUES ('20030213231241', '2', 4, '2003:43:2003-02-13', 1002);
INSERT INTO `cartItems` VALUES ('20030213232339', '6', 1, '2003:43:2003-02-13', 1003);
INSERT INTO `cartItems` VALUES ('20030213232531', '2', 1, '2003:43:2003-02-13', 1004);
INSERT INTO `cartItems` VALUES ('20030213232531', '6', 1, '2003:43:2003-02-13', 1005);
INSERT INTO `cartItems` VALUES ('20030216123647', '2', 1, '2003:46:2003-02-16', 1009);
INSERT INTO `cartItems` VALUES ('20030218162639', '16', 1, '2003:48:2003-02-18', 1013);
INSERT INTO `cartItems` VALUES ('20030218192247', '5', 1, '2003:48:2003-02-18', 1014);
INSERT INTO `cartItems` VALUES ('20030218220936', '4', 1, '2003:48:2003-02-18', 1017);
INSERT INTO `cartItems` VALUES ('20030219160441', '4', 2, '2003:49:2003-02-19', 1018);
INSERT INTO `cartItems` VALUES ('20030227135253', '5', 7, '2003:57:2003-02-27', 1039);
INSERT INTO `cartItems` VALUES ('20030225102813', '5', 1, '2003:55:2003-02-25', 1032);
INSERT INTO `cartItems` VALUES ('20030221143959', '2', 1, '2003:51:2003-02-21', 1022);
INSERT INTO `cartItems` VALUES ('20030226121542', '13', 1, '2003:56:2003-02-26', 1034);
INSERT INTO `cartItems` VALUES ('20030225102358', '5', 1, '2003:55:2003-02-25', 1030);
INSERT INTO `cartItems` VALUES ('20030227135253', '8', 1, '2003:57:2003-02-27', 1038);
INSERT INTO `cartItems` VALUES ('20030228224344', '2', 1, '2003:58:2003-02-28', 1041);
INSERT INTO `cartItems` VALUES ('20030228224344', '5', 1, '2003:58:2003-02-28', 1042);
INSERT INTO `cartItems` VALUES ('20030301040023', '4', 1, '2003:59:2003-03-01', 1043);
INSERT INTO `cartItems` VALUES ('20030301132734', '4', 1, '2003:59:2003-03-01', 1044);
INSERT INTO `cartItems` VALUES ('20030301132953', '5', 1, '2003:59:2003-03-01', 1045);
INSERT INTO `cartItems` VALUES ('20030305104813', '14', 1, '2003:63:2003-03-05', 1049);
INSERT INTO `cartItems` VALUES ('20030307105756', '2', 1, '2003:65:2003-03-07', 1055);
INSERT INTO `cartItems` VALUES ('20030307105020', '16', 1, '2003:65:2003-03-07', 1054);
INSERT INTO `cartItems` VALUES ('20030312115651', '5', 1, '2003:70:2003-03-12', 1068);
INSERT INTO `cartItems` VALUES ('20030309211201', '8', 1, '2003:67:2003-03-09', 1063);
INSERT INTO `cartItems` VALUES ('20030309211201', '4', 1, '2003:67:2003-03-09', 1062);
INSERT INTO `cartItems` VALUES ('20030309053929', '4', 1, '2003:67:2003-03-09', 1060);
INSERT INTO `cartItems` VALUES ('20030310235412', '5', 1, '2003:68:2003-03-10', 1066);
INSERT INTO `cartItems` VALUES ('20030312115651', '2', 1, '2003:70:2003-03-12', 1069);
INSERT INTO `cartItems` VALUES ('20030312115651', '12', 1, '2003:70:2003-03-12', 1070);
INSERT INTO `cartItems` VALUES ('20030312115651', '11', 1, '2003:70:2003-03-12', 1071);
INSERT INTO `cartItems` VALUES ('20030312160108', '13', 1, '2003:70:2003-03-12', 1073);
INSERT INTO `cartItems` VALUES ('20030313002813', '4', 1, '2003:71:2003-03-13', 1074);
INSERT INTO `cartItems` VALUES ('20030313002813', '5', 2, '2003:71:2003-03-13', 1075);
INSERT INTO `cartItems` VALUES ('20030313002813', '2', 1, '2003:71:2003-03-13', 1076);
INSERT INTO `cartItems` VALUES ('20030316213739', '11', 1, '2003:74:2003-03-16', 1087);
INSERT INTO `cartItems` VALUES ('20030314144645', '4', 1, '2003:72:2003-03-14', 1081);
INSERT INTO `cartItems` VALUES ('20030316213739', '8', 1, '2003:74:2003-03-16', 1086);
INSERT INTO `cartItems` VALUES ('20030314171538', '5', 4, '2003:72:2003-03-14', 1085);
INSERT INTO `cartItems` VALUES ('20030322233200', '5', 8, '2003:80:2003-03-22', 1097);
INSERT INTO `cartItems` VALUES ('20030318122323', '2', 1, '2003:76:2003-03-18', 1090);
INSERT INTO `cartItems` VALUES ('20030322191001', '3', 1, '2003:80:2003-03-22', 1096);
INSERT INTO `cartItems` VALUES ('20030323152632', '5', 1, '2003:81:2003-03-23', 1105);
INSERT INTO `cartItems` VALUES ('20030322233456', '14', 1, '2003:80:2003-03-22', 1099);
INSERT INTO `cartItems` VALUES ('20030323152632', '3', 2, '2003:81:2003-03-23', 1104);
INSERT INTO `cartItems` VALUES ('20030323152632', '2', 1, '2003:81:2003-03-23', 1103);
INSERT INTO `cartItems` VALUES ('20030326142743216.120.224.149', '5', 1, '2003:84:2003-03-26', 1107);
INSERT INTO `cartItems` VALUES ('20030327144019', '5', 1, '2003:85:2003-03-27', 1108);
INSERT INTO `cartItems` VALUES ('20030327144019', '2', 1, '2003:85:2003-03-27', 1109);
INSERT INTO `cartItems` VALUES ('20030327144019', '13', 1, '2003:85:2003-03-27', 1110);
INSERT INTO `cartItems` VALUES ('20030327144404', '2', 1, '2003:85:2003-03-27', 1111);
INSERT INTO `cartItems` VALUES ('20030327144404', '5', 1, '2003:85:2003-03-27', 1112);
INSERT INTO `cartItems` VALUES ('20030327144404', '13', 1, '2003:85:2003-03-27', 1113);
INSERT INTO `cartItems` VALUES ('20030331002556', '8', 1, '2003:89:2003-03-31', 1125);
INSERT INTO `cartItems` VALUES ('20030327213656', '4', 1, '2003:85:2003-03-27', 1119);
INSERT INTO `cartItems` VALUES ('20030327184548', '8', 1, '2003:85:2003-03-27', 1117);
INSERT INTO `cartItems` VALUES ('20030331002556', '4', 1, '2003:89:2003-03-31', 1124);
INSERT INTO `cartItems` VALUES ('20030401175142', '11', 1, '2003:90:2003-04-01', 1128);
INSERT INTO `cartItems` VALUES ('20030401175142', '5', 1, '2003:90:2003-04-01', 1129);
INSERT INTO `cartItems` VALUES ('20030401223752', '2', 1, '2003:90:2003-04-01', 1130);
INSERT INTO `cartItems` VALUES ('20030402001643', '4', 1, '2003:91:2003-04-02', 1131);
INSERT INTO `cartItems` VALUES ('20030402130455', '5', 2, '2003:91:2003-04-02', 1132);
INSERT INTO `cartItems` VALUES ('20030402130455', '6', 1, '2003:91:2003-04-02', 1133);
INSERT INTO `cartItems` VALUES ('20030402130455', '14', 1, '2003:91:2003-04-02', 1134);
INSERT INTO `cartItems` VALUES ('20030404151428', '11', 1, '2003:93:2003-04-04', 1136);
INSERT INTO `cartItems` VALUES ('20030404151428', '5', 1, '2003:93:2003-04-04', 1137);
INSERT INTO `cartItems` VALUES ('20030404151428', '2', 1, '2003:93:2003-04-04', 1138);
INSERT INTO `cartItems` VALUES ('20030404192942', '2', 2, '2003:93:2003-04-04', 1139);
INSERT INTO `cartItems` VALUES ('20030404212715', '5', 1, '2003:93:2003-04-04', 1140);
INSERT INTO `cartItems` VALUES ('20030405135818', '11', 1, '2003:94:2003-04-05', 1144);
INSERT INTO `cartItems` VALUES ('20030404212715', '4', 1, '2003:93:2003-04-04', 1142);
INSERT INTO `cartItems` VALUES ('20030406035700', '5', 1, '2003:95:2003-04-06', 1145);
INSERT INTO `cartItems` VALUES ('20030407002650', '3', 1, '2003:96:2003-04-07', 1146);
INSERT INTO `cartItems` VALUES ('20030408182333', '11', 1, '2003:97:2003-04-08', 1147);
INSERT INTO `cartItems` VALUES ('20030408203744', '6', 1, '2003:97:2003-04-08', 1148);
INSERT INTO `cartItems` VALUES ('20030409113803', '13', 1, '2003:98:2003-04-09', 1150);
INSERT INTO `cartItems` VALUES ('20030410213329', '3', 1, '2003:99:2003-04-10', 1151);
INSERT INTO `cartItems` VALUES ('20030410213445', '3', 2, '2003:99:2003-04-10', 1152);
INSERT INTO `cartItems` VALUES ('20030410213622', '3', 1, '2003:99:2003-04-10', 1153);
INSERT INTO `cartItems` VALUES ('20030410213717', '5', 1, '2003:99:2003-04-10', 1154);
INSERT INTO `cartItems` VALUES ('20030410213717', '6', 1, '2003:99:2003-04-10', 1155);
INSERT INTO `cartItems` VALUES ('20030410214818', '3', 1, '2003:99:2003-04-10', 1156);
INSERT INTO `cartItems` VALUES ('20030411100009', '3', 1, '2003:100:2003-04-11', 1157);
INSERT INTO `cartItems` VALUES ('20030411100456', '3', 2, '2003:100:2003-04-11', 1158);
INSERT INTO `cartItems` VALUES ('20030411100909', '3', 1, '2003:100:2003-04-11', 1159);
INSERT INTO `cartItems` VALUES ('20030411110559', '3', 1, '2003:100:2003-04-11', 1160);
INSERT INTO `cartItems` VALUES ('20030411111017', '4', 10, '2003:100:2003-04-11', 1161);
INSERT INTO `cartItems` VALUES ('20030414134623', '3', 1, '2003:103:2003-04-14', 1164);
INSERT INTO `cartItems` VALUES ('20030415115646', '5', 1, '2003:104:2003-04-15', 1165);
INSERT INTO `cartItems` VALUES ('20030415115646', '4', 1, '2003:104:2003-04-15', 1166);
INSERT INTO `cartItems` VALUES ('20030415141110', '3', 1, '2003:104:2003-04-15', 1167);
INSERT INTO `cartItems` VALUES ('20030418162122', '5', 2, '2003:107:2003-04-18', 1175);
INSERT INTO `cartItems` VALUES ('20030419110117', '5', 1, '2003:108:2003-04-19', 1176);
INSERT INTO `cartItems` VALUES ('20030421102940', '8', 1, '2003:110:2003-04-21', 1177);
INSERT INTO `cartItems` VALUES ('20030421102940', '5', 1, '2003:110:2003-04-21', 1178);
INSERT INTO `cartItems` VALUES ('20030422021207', '3', 1, '2003:111:2003-04-22', 1179);
INSERT INTO `cartItems` VALUES ('20030427020139', '10', 1, '2003:116:2003-04-27', 1180);
INSERT INTO `cartItems` VALUES ('20030427020139', '11', 1, '2003:116:2003-04-27', 1181);
INSERT INTO `cartItems` VALUES ('20030427163810', '5', 1, '2003:116:2003-04-27', 1182);
INSERT INTO `cartItems` VALUES ('20030428214525', '8', 1, '2003:117:2003-04-28', 1184);
INSERT INTO `cartItems` VALUES ('20030501150725', '5', 2, '2003:120:2003-05-01', 1185);
INSERT INTO `cartItems` VALUES ('20030502195040', '6', 1, '2003:121:2003-05-02', 1191);
INSERT INTO `cartItems` VALUES ('20030502195040', '5', 1, '2003:121:2003-05-02', 1190);
INSERT INTO `cartItems` VALUES ('20030502195040', '8', 1, '2003:121:2003-05-02', 1192);
INSERT INTO `cartItems` VALUES ('20030511011201', '34', 1, '2003:130:2003-05-11', 1204);
INSERT INTO `cartItems` VALUES ('20030511011201', '5', 1, '2003:130:2003-05-11', 1203);
INSERT INTO `cartItems` VALUES ('20030510134713', '34', 1, '2003:129:2003-05-10', 1202);
INSERT INTO `cartItems` VALUES ('20030510134713', '5', 1, '2003:129:2003-05-10', 1201);
INSERT INTO `cartItems` VALUES ('20030506162112', '5', 1, '2003:125:2003-05-06', 1200);
INSERT INTO `cartItems` VALUES ('20030504200004', '5', 1, '2003:123:2003-05-04', 1199);
INSERT INTO `cartItems` VALUES ('20030517211558', '11', 1, '2003:136:2003-05-17', 1215);
INSERT INTO `cartItems` VALUES ('20030517211558', '34', 1, '2003:136:2003-05-17', 1214);
INSERT INTO `cartItems` VALUES ('20030517211558', '10', 1, '2003:136:2003-05-17', 1213);
INSERT INTO `cartItems` VALUES ('20030517212421', '8', 1, '2003:136:2003-05-17', 1219);
INSERT INTO `cartItems` VALUES ('20030517212421', '34', 1, '2003:136:2003-05-17', 1217);
INSERT INTO `cartItems` VALUES ('20030517212421', '11', 1, '2003:136:2003-05-17', 1218);
INSERT INTO `cartItems` VALUES ('20030526140249', '34', 1, '2003:145:2003-05-26', 1222);
INSERT INTO `cartItems` VALUES ('20030602135520', '34', 3, '2003:152:2003-06-02', 1224);
INSERT INTO `cartItems` VALUES ('20030609205951', '34', 1, '2003:159:2003-06-09', 1225);
INSERT INTO `cartItems` VALUES ('20030609232924', '11', 1, '2003:159:2003-06-09', 1226);
INSERT INTO `cartItems` VALUES ('20030611223942', '34', 1, '2003:161:2003-06-11', 1227);
INSERT INTO `cartItems` VALUES ('20030611223942', '47', 1, '2003:161:2003-06-11', 1228);
INSERT INTO `cartItems` VALUES ('20030613001114', '47', 1, '2003:163:2003-06-13', 1230);
INSERT INTO `cartItems` VALUES ('20030613164003', '6', 1, '2003:163:2003-06-13', 1231);
INSERT INTO `cartItems` VALUES ('20030614211922', '11', 1, '2003:164:2003-06-14', 1232);
INSERT INTO `cartItems` VALUES ('20030619214917', '11', 1, '2003:169:2003-06-19', 1242);
INSERT INTO `cartItems` VALUES ('20030619214147', '11', 1, '2003:169:2003-06-19', 1241);
INSERT INTO `cartItems` VALUES ('20030618175904', '47', 2, '2003:168:2003-06-18', 1239);
INSERT INTO `cartItems` VALUES ('20030616235030', '14', 1, '2003:166:2003-06-16', 1237);
INSERT INTO `cartItems` VALUES ('20030628152856', '6', 1, '2003:183:2003-07-03', 1247);
INSERT INTO `cartItems` VALUES ('20030702142151', '6', 1, '2003:182:2003-07-02', 1246);
INSERT INTO `cartItems` VALUES ('20030703222659', '8', 1, '2003:183:2003-07-03', 1248);
INSERT INTO `cartItems` VALUES ('20030703222659', '11', 1, '2003:183:2003-07-03', 1249);
INSERT INTO `cartItems` VALUES ('20030703222659', '12', 1, '2003:183:2003-07-03', 1250);
INSERT INTO `cartItems` VALUES ('20030703222659', '20', 1, '2003:183:2003-07-03', 1251);
INSERT INTO `cartItems` VALUES ('20030707194330', '10', 1, '2003:187:2003-07-07', 1253);
INSERT INTO `cartItems` VALUES ('20030708220403', '47', 6, '2003:188:2003-07-08', 1254);
INSERT INTO `cartItems` VALUES ('20030709102504', '37', 3, '2003:189:2003-07-09', 1255);
INSERT INTO `cartItems` VALUES ('20030717051707', '6', 1, '2003:197:2003-07-17', 1256);
INSERT INTO `cartItems` VALUES ('20030720185016', '18', 2, '2003:200:2003-07-20', 1257);
INSERT INTO `cartItems` VALUES ('20030725230809', '8', 1, '2003:205:2003-07-25', 1260);
INSERT INTO `cartItems` VALUES ('20030725230809', '13', 1, '2003:205:2003-07-25', 1261);
INSERT INTO `cartItems` VALUES ('20030725230809', '34', 1, '2003:205:2003-07-25', 1262);
INSERT INTO `cartItems` VALUES ('20030725230809', '47', 1, '2003:205:2003-07-25', 1263);
INSERT INTO `cartItems` VALUES ('20030806120511', '47', 1, '2003:217:2003-08-06', 1271);
INSERT INTO `cartItems` VALUES ('20030806120511', '12', 2, '2003:217:2003-08-06', 1270);
INSERT INTO `cartItems` VALUES ('20030806120402', '11', 2, '2003:217:2003-08-06', 1269);
INSERT INTO `cartItems` VALUES ('20030804214119', '10', 1, '2003:215:2003-08-04', 1268);
INSERT INTO `cartItems` VALUES ('20030806120511', '34', 1, '2003:217:2003-08-06', 1272);
INSERT INTO `cartItems` VALUES ('20030806172132', '8', 1, '2003:217:2003-08-06', 1273);
INSERT INTO `cartItems` VALUES ('20030806172132', '13', 1, '2003:217:2003-08-06', 1274);
INSERT INTO `cartItems` VALUES ('20030806172254', '47', 1, '2003:217:2003-08-06', 1275);
INSERT INTO `cartItems` VALUES ('20030812135630216.120.224.212', '34', 1, '2003:223:2003-08-12', 1280);
INSERT INTO `cartItems` VALUES ('20030807005921', '6', 1, '2003:218:2003-08-07', 1279);
INSERT INTO `cartItems` VALUES ('20030812135630216.120.224.212', '47', 1, '2003:223:2003-08-12', 1281);
INSERT INTO `cartItems` VALUES ('20030813202406216.120.224.212', '14', 1, '2003:224:2003-08-13', 1282);
INSERT INTO `cartItems` VALUES ('20030816215202', '34', 1, '2003:227:2003-08-16', 1283);
INSERT INTO `cartItems` VALUES ('20030818160037', '47', 1, '2003:229:2003-08-18', 1284);
INSERT INTO `cartItems` VALUES ('20030822172622', '6', 1, '2003:233:2003-08-22', 1285);
INSERT INTO `cartItems` VALUES ('20030831005703', '6', 1, '2003:242:2003-08-31', 1289);
INSERT INTO `cartItems` VALUES ('20030827160440', '47', 1, '2003:238:2003-08-27', 1288);
INSERT INTO `cartItems` VALUES ('20030902180202', '11', 1, '2003:244:2003-09-02', 1290);
INSERT INTO `cartItems` VALUES ('20030902180202', '6', 1, '2003:244:2003-09-02', 1291);
INSERT INTO `cartItems` VALUES ('20030902180202', '8', 1, '2003:244:2003-09-02', 1292);
INSERT INTO `cartItems` VALUES ('20030904230938', '6', 3, '2003:246:2003-09-04', 1296);
INSERT INTO `cartItems` VALUES ('20030904224917', '6', 1, '2003:246:2003-09-04', 1295);
INSERT INTO `cartItems` VALUES ('20030904231207', '6', 1, '2003:246:2003-09-04', 1298);
INSERT INTO `cartItems` VALUES ('20030904224917', '18', 1, '2003:246:2003-09-04', 1299);
INSERT INTO `cartItems` VALUES ('20030904224917', '12', 1, '2003:246:2003-09-04', 1300);
INSERT INTO `cartItems` VALUES ('20030904224917', '34', 1, '2003:246:2003-09-04', 1301);
INSERT INTO `cartItems` VALUES ('20030904224917', '13', 1, '2003:246:2003-09-04', 1302);
INSERT INTO `cartItems` VALUES ('20030904224917', '11', 1, '2003:246:2003-09-04', 1303);
INSERT INTO `cartItems` VALUES ('20030904224917', '47', 1, '2003:246:2003-09-04', 1304);
INSERT INTO `cartItems` VALUES ('20030904224917', '14', 1, '2003:246:2003-09-04', 1305);
INSERT INTO `cartItems` VALUES ('20030904224917', '8', 1, '2003:246:2003-09-04', 1306);
INSERT INTO `cartItems` VALUES ('20030904224917', '16', 1, '2003:246:2003-09-04', 1307);
INSERT INTO `cartItems` VALUES ('20030904224917', '17', 1, '2003:246:2003-09-04', 1308);
INSERT INTO `cartItems` VALUES ('20030904224917', '15', 1, '2003:246:2003-09-04', 1309);
INSERT INTO `cartItems` VALUES ('20030904224917', '20', 1, '2003:246:2003-09-04', 1310);
INSERT INTO `cartItems` VALUES ('20030904224917', '19', 1, '2003:246:2003-09-04', 1311);
INSERT INTO `cartItems` VALUES ('20030906231450', '6', 1, '2003:248:2003-09-06', 1314);
INSERT INTO `cartItems` VALUES ('20030906231450', '34', 2, '2003:248:2003-09-06', 1315);
INSERT INTO `cartItems` VALUES ('20030908013646', '6', 3, '2003:250:2003-09-08', 1316);
INSERT INTO `cartItems` VALUES ('20030908161652', '6', 1, '2003:250:2003-09-08', 1319);
INSERT INTO `cartItems` VALUES ('20030908013646', '47', 4, '2003:250:2003-09-08', 1318);
INSERT INTO `cartItems` VALUES ('20030921020305', '47', 1, '2003:263:2003-09-21', 1320);
INSERT INTO `cartItems` VALUES ('20030923132543', '47', 1, '2003:265:2003-09-23', 1321);
INSERT INTO `cartItems` VALUES ('20030923132543', '34', 1, '2003:265:2003-09-23', 1322);
INSERT INTO `cartItems` VALUES ('20030923220814', '47', 3, '2003:265:2003-09-23', 1323);
INSERT INTO `cartItems` VALUES ('20031007173551', '47', 2, '2003:279:2003-10-07', 1326);
INSERT INTO `cartItems` VALUES ('20031007173551', '34', 2, '2003:279:2003-10-07', 1327);
INSERT INTO `cartItems` VALUES ('20031025170930', '8', 1, '2003:297:2003-10-25', 1338);
INSERT INTO `cartItems` VALUES ('20031012220217', '16', 1, '2003:284:2003-10-12', 1334);
INSERT INTO `cartItems` VALUES ('20031023005532', '47', 1, '2003:295:2003-10-23', 1337);
INSERT INTO `cartItems` VALUES ('20031029173355', '34', 1, '2003:301:2003-10-29', 1340);
INSERT INTO `cartItems` VALUES ('20031029173355', '47', 1, '2003:301:2003-10-29', 1341);
INSERT INTO `cartItems` VALUES ('20031031212953', '67', 1, '2003:303:2003-10-31', 1342);
INSERT INTO `cartItems` VALUES ('20030228141827', '5', 8, '2003:308:2003-11-05', 1343);
INSERT INTO `cartItems` VALUES ('20031106163231', '47', 1, '2003:309:2003-11-06', 1344);
INSERT INTO `cartItems` VALUES ('20031107123101', '38', 1, '2003:310:2003-11-07', 1345);
INSERT INTO `cartItems` VALUES ('20031107123101', '34', 1, '2003:310:2003-11-07', 1346);
INSERT INTO `cartItems` VALUES ('20031107123101', '47', 1, '2003:310:2003-11-07', 1347);
INSERT INTO `cartItems` VALUES ('20031108145238', '88', 1, '2003:311:2003-11-08', 1352);
INSERT INTO `cartItems` VALUES ('20031108144827', '87', 1, '2003:311:2003-11-08', 1351);
INSERT INTO `cartItems` VALUES ('20030228141827', '6', 4, '2003:312:2003-11-09', 1353);
INSERT INTO `cartItems` VALUES ('20031117192231', '87', 1, '2003:320:2003-11-17', 1361);
INSERT INTO `cartItems` VALUES ('20031117123844', '89', 1, '2003:320:2003-11-17', 1360);
INSERT INTO `cartItems` VALUES ('20030228141827', '47', 3, '2003:317:2003-11-14', 1359);
INSERT INTO `cartItems` VALUES ('20031119165928', '97', 1, '2003:322:2003-11-19', 1362);
INSERT INTO `cartItems` VALUES ('20031119165951', '97', 1, '2003:322:2003-11-19', 1363);
INSERT INTO `cartItems` VALUES ('20031119165956', '97', 1, '2003:322:2003-11-19', 1364);
INSERT INTO `cartItems` VALUES ('20031119194710', '87', 1, '2003:322:2003-11-19', 1365);
INSERT INTO `cartItems` VALUES ('20031111153821', '87', 1, '2003:322:2003-11-19', 1366);
INSERT INTO `cartItems` VALUES ('20031201090137', '100', 1, '2003:334:2003-12-01', 1378);
INSERT INTO `cartItems` VALUES ('20031128154113', '172', 3, '2003:331:2003-11-28', 1370);
INSERT INTO `cartItems` VALUES ('20031116224122', '87', 1, '2003:333:2003-11-30', 1377);
INSERT INTO `cartItems` VALUES ('20031130182706', '162', 1, '2003:333:2003-11-30', 1376);
INSERT INTO `cartItems` VALUES ('20031130163655', '173', 3, '2003:333:2003-11-30', 1375);
INSERT INTO `cartItems` VALUES ('20031111153850', '97', 2, '2003:334:2003-12-01', 1379);
INSERT INTO `cartItems` VALUES ('20030228141827', '127', 4, '2003:334:2003-12-01', 1380);
INSERT INTO `cartItems` VALUES ('20031204041002', '87', 1, '2003:337:2003-12-04', 1382);
INSERT INTO `cartItems` VALUES ('20030929203910', '102', 3, '2003:337:2003-12-04', 1383);
INSERT INTO `cartItems` VALUES ('20031216115356', '172', 1, '2003:349:2003-12-16', 1394);
INSERT INTO `cartItems` VALUES ('20031214233219', '102', 1, '2003:347:2003-12-14', 1390);
INSERT INTO `cartItems` VALUES ('20031202055410', '97', 1, '2003:338:2003-12-05', 1387);
INSERT INTO `cartItems` VALUES ('20031216115356', '162', 5, '2003:349:2003-12-16', 1393);
INSERT INTO `cartItems` VALUES ('20031216132831', '162', 2, '2003:349:2003-12-16', 1395);
INSERT INTO `cartItems` VALUES ('20031216132831', '172', 2, '2003:349:2003-12-16', 1396);
INSERT INTO `cartItems` VALUES ('20031216133145', '163', 2, '2003:349:2003-12-16', 1397);
INSERT INTO `cartItems` VALUES ('20031216133145', '162', 2, '2003:349:2003-12-16', 1398);
INSERT INTO `cartItems` VALUES ('20031216133145', '172', 2, '2003:349:2003-12-16', 1399);
INSERT INTO `cartItems` VALUES ('20031216133243', '173', 2, '2003:349:2003-12-16', 1400);
INSERT INTO `cartItems` VALUES ('20031216133243', '172', 2, '2003:349:2003-12-16', 1401);
INSERT INTO `cartItems` VALUES ('20031216133243', '162', 2, '2003:349:2003-12-16', 1402);
INSERT INTO `cartItems` VALUES ('20031216133818', '162', 2, '2003:349:2003-12-16', 1403);
INSERT INTO `cartItems` VALUES ('20031216133818', '172', 2, '2003:349:2003-12-16', 1404);
INSERT INTO `cartItems` VALUES ('20031216133903', '163', 2, '2003:349:2003-12-16', 1405);
INSERT INTO `cartItems` VALUES ('20031216133933', '162', 2, '2003:349:2003-12-16', 1406);
INSERT INTO `cartItems` VALUES ('20031216133933', '172', 2, '2003:349:2003-12-16', 1407);
INSERT INTO `cartItems` VALUES ('20031216171402127.0.0.1', '127', 1, '2003:349:2003-12-16', 1411);
INSERT INTO `cartItems` VALUES ('20031216200649', '162', 3, '2003:349:2003-12-16', 1410);
INSERT INTO `cartItems` VALUES ('20031216171402127.0.0.1', '162', 3, '2003:349:2003-12-16', 1412);
INSERT INTO `cartItems` VALUES ('20031216204734', '162', 3, '2003:349:2003-12-16', 1413);
INSERT INTO `cartItems` VALUES ('20031216204734', '163', 3, '2003:349:2003-12-16', 1414);
INSERT INTO `cartItems` VALUES ('20031216212512', '163', 1, '2003:349:2003-12-16', 1420);
INSERT INTO `cartItems` VALUES ('20031216212512', '162', 1, '2003:349:2003-12-16', 1419);
INSERT INTO `cartItems` VALUES ('20031216212440', '173', 1, '2003:349:2003-12-16', 1418);
INSERT INTO `cartItems` VALUES ('20030929203910', '87', 1, '2003:351:2003-12-18', 1421);
INSERT INTO `cartItems` VALUES ('20031218161204', '134', 1, '2003:351:2003-12-18', 1422);
INSERT INTO `cartItems` VALUES ('20031218192720', '97', 1, '2003:351:2003-12-18', 1424);
INSERT INTO `cartItems` VALUES ('20031218192720', '102', 1, '2003:351:2003-12-18', 1425);
INSERT INTO `cartItems` VALUES ('20031218192720', '134', 1, '2003:351:2003-12-18', 1426);
INSERT INTO `cartItems` VALUES ('20031218192720', '135', 1, '2003:351:2003-12-18', 1427);
INSERT INTO `cartItems` VALUES ('20031218192720', '127', 1, '2003:351:2003-12-18', 1428);
INSERT INTO `cartItems` VALUES ('20031218192720', '162', 1, '2003:351:2003-12-18', 1429);
INSERT INTO `cartItems` VALUES ('20031218192720', '172', 1, '2003:351:2003-12-18', 1430);
INSERT INTO `cartItems` VALUES ('20031218192720', '175', 1, '2003:351:2003-12-18', 1431);
INSERT INTO `cartItems` VALUES ('20031218192720', '176', 1, '2003:351:2003-12-18', 1432);
INSERT INTO `cartItems` VALUES ('20031218192720', '168', 1, '2003:351:2003-12-18', 1433);
INSERT INTO `cartItems` VALUES ('20031218192720', '181', 1, '2003:351:2003-12-18', 1434);
INSERT INTO `cartItems` VALUES ('20031218192720', '148', 1, '2003:351:2003-12-18', 1435);
INSERT INTO `cartItems` VALUES ('20031218192720', '177', 1, '2003:351:2003-12-18', 1436);
INSERT INTO `cartItems` VALUES ('20031218192720', '179', 1, '2003:351:2003-12-18', 1437);
INSERT INTO `cartItems` VALUES ('20031218192720', '180', 1, '2003:351:2003-12-18', 1438);
INSERT INTO `cartItems` VALUES ('20031218192720', '185', 1, '2003:351:2003-12-18', 1439);
INSERT INTO `cartItems` VALUES ('20030228141827', '162', 3, '2003:352:2003-12-19', 1440);
INSERT INTO `cartItems` VALUES ('20031219020125', '100', 1, '2003:352:2003-12-19', 1441);
INSERT INTO `cartItems` VALUES ('20030228141827', '175', 3, '2003:352:2003-12-19', 1442);
INSERT INTO `cartItems` VALUES ('20031219020753', '87', 1, '2003:352:2003-12-19', 1443);
INSERT INTO `cartItems` VALUES ('20030228141827', '97', 3, '2003:352:2003-12-19', 1444);
INSERT INTO `cartItems` VALUES ('20031219021159', '97', 1, '2003:352:2003-12-19', 1445);
INSERT INTO `cartItems` VALUES ('20031217073708', '172', 1, '2004:2:2004-01-03', 1453);
INSERT INTO `cartItems` VALUES ('20031111153829', '97', 3, '2004:1:2004-01-02', 1451);
INSERT INTO `cartItems` VALUES ('20030228141827', '172', 2, '2004:1:2004-01-02', 1450);
INSERT INTO `cartItems` VALUES ('20031217073708', '164', 1, '2004:2:2004-01-03', 1454);
INSERT INTO `cartItems` VALUES ('20040106015907', '162', 2, '2004:5:2004-01-06', 1455);
INSERT INTO `cartItems` VALUES ('20040106021837', '162', 1, '2004:5:2004-01-06', 1456);
INSERT INTO `cartItems` VALUES ('20040106022700', '127', 1, '2004:5:2004-01-06', 1457);
INSERT INTO `cartItems` VALUES ('20040106202206', '97', 1, '2004:5:2004-01-06', 1458);
INSERT INTO `cartItems` VALUES ('20031111153821', '175', 2, '2004:6:2004-01-07', 1459);
INSERT INTO `cartItems` VALUES ('20040107002346', '100', 1, '2004:6:2004-01-07', 1460);
INSERT INTO `cartItems` VALUES ('20031111153829', '176', 2, '2004:6:2004-01-07', 1461);
INSERT INTO `cartItems` VALUES ('20031111153829', '134', 2, '2004:6:2004-01-07', 1462);
INSERT INTO `cartItems` VALUES ('20031111153829', '175', 2, '2004:6:2004-01-07', 1463);
INSERT INTO `cartItems` VALUES ('20031111153821', '97', 2, '2004:6:2004-01-07', 1464);
INSERT INTO `cartItems` VALUES ('20040108120438', '163', 1, '2004:7:2004-01-08', 1465);
INSERT INTO `cartItems` VALUES ('20040108120612', '172', 1, '2004:7:2004-01-08', 1466);
INSERT INTO `cartItems` VALUES ('20040108120612', '177', 1, '2004:7:2004-01-08', 1467);
INSERT INTO `cartItems` VALUES ('20040108120952', '172', 1, '2004:7:2004-01-08', 1468);
INSERT INTO `cartItems` VALUES ('20040108120952', '162', 1, '2004:7:2004-01-08', 1469);
INSERT INTO `cartItems` VALUES ('20040108120952', '177', 1, '2004:7:2004-01-08', 1470);
INSERT INTO `cartItems` VALUES ('20031111153829', '135', 2, '2004:11:2004-01-12', 1474);
INSERT INTO `cartItems` VALUES ('20031201090925', '97', 2, '2004:11:2004-01-12', 1473);
INSERT INTO `cartItems` VALUES ('20040112210900', '97', 2, '2004:11:2004-01-12', 1475);
INSERT INTO `cartItems` VALUES ('20031111153829', '127', 2, '2004:11:2004-01-12', 1476);
INSERT INTO `cartItems` VALUES ('20040119104658', '201', 1, '2004:19:2004-01-20', 1477);
INSERT INTO `cartItems` VALUES ('20040120232249', '201', 1, '2004:19:2004-01-20', 1478);
INSERT INTO `cartItems` VALUES ('20030228141827', '201', 1, '2004:20:2004-01-21', 1479);
INSERT INTO `cartItems` VALUES ('20031111153829', '212', 1, '2004:20:2004-01-21', 1480);
INSERT INTO `cartItems` VALUES ('20040121143957', '209', 1, '2004:20:2004-01-21', 1481);
INSERT INTO `cartItems` VALUES ('20040121143957', '206', 1, '2004:20:2004-01-21', 1482);
INSERT INTO `cartItems` VALUES ('20040124195054', '209', 1, '2004:23:2004-01-24', 1484);
INSERT INTO `cartItems` VALUES ('20040126161647', '234', 1, '2004:25:2004-01-26', 1485);
INSERT INTO `cartItems` VALUES ('20040126214744', '247', 1, '2004:25:2004-01-26', 1486);
INSERT INTO `cartItems` VALUES ('20040129200726', '223', 1, '2004:28:2004-01-29', 1487);
INSERT INTO `cartItems` VALUES ('20030912235325', '18', 1, '2004:29:2004-01-30', 1488);
INSERT INTO `cartItems` VALUES ('20030912235325', '19', 1, '2004:31:2004-02-01', 1489);
INSERT INTO `cartItems` VALUES ('20040202004348', '223', 1, '2004:32:2004-02-02', 1490);
INSERT INTO `cartItems` VALUES ('20030228141827', '211', 1, '2004:32:2004-02-02', 1491);
INSERT INTO `cartItems` VALUES ('20040202030136', '100', 1, '2004:32:2004-02-02', 1492);
INSERT INTO `cartItems` VALUES ('20031111153821', '215', 1, '2004:32:2004-02-02', 1493);
INSERT INTO `cartItems` VALUES ('20030228141827', '206', 1, '2004:32:2004-02-02', 1494);
INSERT INTO `cartItems` VALUES ('20031111153821', '214', 1, '2004:32:2004-02-02', 1495);
INSERT INTO `cartItems` VALUES ('20031111153821', '212', 1, '2004:32:2004-02-02', 1496);
INSERT INTO `cartItems` VALUES ('20031111153829', '201', 1, '2004:32:2004-02-02', 1497);
INSERT INTO `cartItems` VALUES ('20040202031949', '97', 1, '2004:32:2004-02-02', 1498);
INSERT INTO `cartItems` VALUES ('20031111153829', '223', 1, '2004:35:2004-02-05', 1499);

# --------------------------------------------------------

#
# Table structure for table `category`
#
# Creation: Jan 28, 2003 at 07:32 PM
# Last update: Feb 08, 2004 at 08:20 PM
# Last check: Apr 10, 2003 at 04:54 PM
#

DROP TABLE IF EXISTS `category`;
CREATE TABLE `category` (
  `Category` varchar(100) NOT NULL default '',
  `CategoryID` bigint(20) NOT NULL auto_increment,
  PRIMARY KEY  (`CategoryID`)
) TYPE=MyISAM AUTO_INCREMENT=6 ;

#
# Dumping data for table `category`
#

INSERT INTO `category` VALUES ('Treat Bath', 1);
INSERT INTO `category` VALUES ('Treat Body', 2);
INSERT INTO `category` VALUES ('Treat Face', 3);
INSERT INTO `category` VALUES ('Treat Feet', 4);
INSERT INTO `category` VALUES ('Treat Gifts', 5);

# --------------------------------------------------------

#
# Table structure for table `flavorDef`
#
# Creation: Jan 28, 2003 at 07:32 PM
# Last update: Feb 09, 2004 at 01:23 AM
# Last check: Apr 10, 2003 at 04:54 PM
#

DROP TABLE IF EXISTS `flavorDef`;
CREATE TABLE `flavorDef` (
  `flavorID` int(11) NOT NULL auto_increment,
  `flavor` varchar(100) default NULL,
  PRIMARY KEY  (`flavorID`)
) TYPE=MyISAM AUTO_INCREMENT=32 ;

#
# Dumping data for table `flavorDef`
#

INSERT INTO `flavorDef` VALUES (1, 'Tangerine');
INSERT INTO `flavorDef` VALUES (2, 'Pink Grapefruit');
INSERT INTO `flavorDef` VALUES (3, 'Double Trouble (1 pink grapefruit, 1 tangerine)');
INSERT INTO `flavorDef` VALUES (4, 'Chocolate Tangerine');
INSERT INTO `flavorDef` VALUES (5, 'Lavender Lemongrass');
INSERT INTO `flavorDef` VALUES (6, 'Lavender Vanilla');
INSERT INTO `flavorDef` VALUES (7, 'Lavender Pink Grapefruit');
INSERT INTO `flavorDef` VALUES (8, 'Juicy');
INSERT INTO `flavorDef` VALUES (9, 'Tempting');
INSERT INTO `flavorDef` VALUES (10, 'N/A');
INSERT INTO `flavorDef` VALUES (11, 'Double Trouble');
INSERT INTO `flavorDef` VALUES (12, 'Grapefruit and Ginger');
INSERT INTO `flavorDef` VALUES (13, 'Lavender, Grapefruit and Basil');
INSERT INTO `flavorDef` VALUES (14, 'Tangerine and Pink Grapefruit');
INSERT INTO `flavorDef` VALUES (15, '0');
INSERT INTO `flavorDef` VALUES (16, 'Cinnamon');
INSERT INTO `flavorDef` VALUES (17, 'Vanilla Mint');
INSERT INTO `flavorDef` VALUES (18, 'Chocolate Mint');
INSERT INTO `flavorDef` VALUES (19, 'Pink Spice');
INSERT INTO `flavorDef` VALUES (20, 'Purple Vanilla (Lavender Vanilla)');
INSERT INTO `flavorDef` VALUES (21, 'Pink Spice (Pink Grapefruit & Ginger)');
INSERT INTO `flavorDef` VALUES (22, 'Double Trouble (Pink Grapefruit & Tangerine)');
INSERT INTO `flavorDef` VALUES (23, 'Green Tea/White Tea');
INSERT INTO `flavorDef` VALUES (24, 'Bubble Gum');
INSERT INTO `flavorDef` VALUES (25, 'Vanilla');
INSERT INTO `flavorDef` VALUES (26, 'Lemon');
INSERT INTO `flavorDef` VALUES (27, 'Lemon Vanilla');
INSERT INTO `flavorDef` VALUES (28, 'Peppermint');
INSERT INTO `flavorDef` VALUES (29, 'unscented');
INSERT INTO `flavorDef` VALUES (30, 'Lavender');
INSERT INTO `flavorDef` VALUES (31, 'Relax Blend');

# --------------------------------------------------------

#
# Table structure for table `itemDef`
#
# Creation: Feb 10, 2003 at 10:35 PM
# Last update: Feb 09, 2004 at 02:21 AM
# Last check: Apr 10, 2003 at 04:54 PM
#

DROP TABLE IF EXISTS `itemDef`;
CREATE TABLE `itemDef` (
  `SKU` varchar(25) NOT NULL default '',
  `categoryID` int(11) default NULL,
  `nameID` int(11) default NULL,
  `flavorID` int(11) default NULL,
  `sizeID` int(11) default NULL,
  `cost_retail` decimal(7,2) NOT NULL default '0.00',
  `itemID` bigint(20) NOT NULL auto_increment,
  `active` int(11) NOT NULL default '1',
  PRIMARY KEY  (`itemID`)
) TYPE=MyISAM AUTO_INCREMENT=333 ;

#
# Dumping data for table `itemDef`
#

INSERT INTO `itemDef` VALUES ('TM1', 1, 1, 1, 1, '7.00', 2, 0);
INSERT INTO `itemDef` VALUES ('TM2', 1, 1, 2, 1, '7.00', 3, 0);
INSERT INTO `itemDef` VALUES ('TM3', 1, 1, 11, 1, '7.00', 4, 0);
INSERT INTO `itemDef` VALUES ('CT1', 1, 2, 4, 2, '6.00', 5, 0);
INSERT INTO `itemDef` VALUES ('LL8', 1, 3, 5, 3, '16.00', 6, 0);
INSERT INTO `itemDef` VALUES ('BS2', 1, 4, 6, 5, '22.00', 8, 0);
INSERT INTO `itemDef` VALUES ('BS4', 1, 4, 7, 5, '22.00', 10, 0);
INSERT INTO `itemDef` VALUES ('BSS1', 2, 5, 1, 5, '28.00', 11, 0);
INSERT INTO `itemDef` VALUES ('CT4', 3, 6, 7, 4, '16.00', 12, 0);
INSERT INTO `itemDef` VALUES ('FM8', 1, 7, 9, 3, '16.00', 13, 0);
INSERT INTO `itemDef` VALUES ('Box1', 4, 8, 10, 6, '50.00', 14, 0);
INSERT INTO `itemDef` VALUES ('Box2', 4, 9, 10, 6, '50.00', 15, 0);
INSERT INTO `itemDef` VALUES ('Box3', 4, 10, 10, 6, '50.00', 16, 0);
INSERT INTO `itemDef` VALUES ('Box4', 4, 11, 10, 6, '50.00', 17, 0);
INSERT INTO `itemDef` VALUES ('TTB', 5, 12, 12, 2, '18.00', 18, 0);
INSERT INTO `itemDef` VALUES ('TTR', 5, 13, 13, 2, '16.00', 19, 0);
INSERT INTO `itemDef` VALUES ('TTS', 5, 14, 14, 2, '14.00', 20, 0);
INSERT INTO `itemDef` VALUES ('BS1', 1, 4, 6, 4, '8.00', 21, 0);
INSERT INTO `itemDef` VALUES ('BSBC1', 1, 4, 15, 4, '8.00', 22, 0);
INSERT INTO `itemDef` VALUES ('BSBC1', 1, 4, 6, 4, '8.00', 23, 0);
INSERT INTO `itemDef` VALUES ('BS1', 1, 4, 6, 4, '8.00', 24, 0);
INSERT INTO `itemDef` VALUES ('BS1', 1, 4, 6, 4, '8.00', 25, 0);
INSERT INTO `itemDef` VALUES ('TM1', 1, 15, 1, 1, '7.00', 26, 0);
INSERT INTO `itemDef` VALUES ('TM1', 1, 15, 1, 1, '7.00', 27, 0);
INSERT INTO `itemDef` VALUES ('TM1', 1, 15, 1, 1, '7.00', 28, 0);
INSERT INTO `itemDef` VALUES ('TM2', 1, 15, 2, 1, '7.00', 29, 0);
INSERT INTO `itemDef` VALUES ('TM3', 1, 15, 11, 1, '7.00', 30, 0);
INSERT INTO `itemDef` VALUES ('TM1', 1, 1, 1, 1, '7.00', 31, 0);
INSERT INTO `itemDef` VALUES ('TM1', 1, 15, 1, 1, '7.00', 32, 0);
INSERT INTO `itemDef` VALUES ('TM2', 1, 15, 2, 1, '7.00', 33, 0);
INSERT INTO `itemDef` VALUES ('TM3', 1, 15, 11, 1, '7.00', 34, 0);
INSERT INTO `itemDef` VALUES ('TM1', 1, 15, 1, 1, '7.00', 35, 0);
INSERT INTO `itemDef` VALUES ('TM1', 1, 15, 1, 1, '7.00', 36, 0);
INSERT INTO `itemDef` VALUES ('TM1', 1, 15, 1, 1, '7.00', 37, 0);
INSERT INTO `itemDef` VALUES ('TM2', 1, 15, 2, 1, '7.00', 38, 0);
INSERT INTO `itemDef` VALUES ('TM1', 1, 1, 1, 1, '7.00', 39, 0);
INSERT INTO `itemDef` VALUES ('TM2', 1, 1, 2, 1, '7.00', 40, 0);
INSERT INTO `itemDef` VALUES ('TM3', 1, 1, 11, 1, '7.00', 41, 0);
INSERT INTO `itemDef` VALUES ('TM1', 1, 1, 1, 1, '7.00', 42, 0);
INSERT INTO `itemDef` VALUES ('TM1', 1, 15, 1, 1, '7.00', 43, 0);
INSERT INTO `itemDef` VALUES ('CT1', 1, 2, 4, 2, '6.00', 44, 0);
INSERT INTO `itemDef` VALUES ('CT1', 1, 2, 4, 2, '6.00', 45, 0);
INSERT INTO `itemDef` VALUES ('CT1', 1, 2, 4, 2, '6.00', 46, 0);
INSERT INTO `itemDef` VALUES ('CT1', 1, 2, 4, 2, '6.00', 47, 0);
INSERT INTO `itemDef` VALUES ('TM1', 1, 15, 1, 1, '7.00', 48, 0);
INSERT INTO `itemDef` VALUES ('BSS0', 2, 16, 16, 5, '28.00', 49, 0);
INSERT INTO `itemDef` VALUES ('BSS0', 2, 16, 16, 5, '28.00', 50, 0);
INSERT INTO `itemDef` VALUES ('BSS0', 2, 16, 16, 5, '28.00', 51, 0);
INSERT INTO `itemDef` VALUES ('FM8', 1, 7, 9, 5, '22.00', 52, 0);
INSERT INTO `itemDef` VALUES ('FM8', 1, 7, 9, 5, '22.00', 53, 0);
INSERT INTO `itemDef` VALUES ('FM8', 1, 7, 9, 5, '22.00', 54, 0);
INSERT INTO `itemDef` VALUES ('BSS0', 2, 16, 16, 5, '28.00', 55, 0);
INSERT INTO `itemDef` VALUES ('BSS0', 2, 16, 16, 5, '28.00', 56, 0);
INSERT INTO `itemDef` VALUES ('FM8', 1, 7, 9, 5, '22.00', 57, 0);
INSERT INTO `itemDef` VALUES ('BSS0', 2, 16, 16, 5, '28.00', 58, 0);
INSERT INTO `itemDef` VALUES ('BSS0', 2, 16, 16, 5, '28.00', 59, 0);
INSERT INTO `itemDef` VALUES ('BSS0', 2, 16, 16, 5, '28.00', 60, 0);
INSERT INTO `itemDef` VALUES ('BSS0', 2, 16, 16, 5, '28.00', 61, 0);
INSERT INTO `itemDef` VALUES ('BSS0', 2, 16, 16, 5, '28.00', 62, 0);
INSERT INTO `itemDef` VALUES ('BSS0', 2, 16, 16, 5, '28.00', 63, 0);
INSERT INTO `itemDef` VALUES ('FM8', 1, 7, 9, 5, '22.00', 64, 0);
INSERT INTO `itemDef` VALUES ('BS2', 1, 4, 6, 5, '22.00', 65, 0);
INSERT INTO `itemDef` VALUES ('BS4', 1, 4, 7, 5, '22.00', 66, 0);
INSERT INTO `itemDef` VALUES ('BS2', 1, 4, 6, 5, '22.00', 67, 0);
INSERT INTO `itemDef` VALUES ('LL8', 1, 3, 5, 5, '22.00', 68, 0);
INSERT INTO `itemDef` VALUES ('BS5', 1, 4, 17, 5, '22.00', 69, 0);
INSERT INTO `itemDef` VALUES ('BS5', 1, 4, 17, 5, '22.00', 70, 0);
INSERT INTO `itemDef` VALUES ('BS2', 1, 4, 6, 5, '22.00', 71, 0);
INSERT INTO `itemDef` VALUES ('CT1', 1, 2, 4, 2, '6.00', 72, 0);
INSERT INTO `itemDef` VALUES ('CT1', 1, 2, 4, 2, '6.00', 73, 0);
INSERT INTO `itemDef` VALUES ('CT1', 1, 2, 4, 2, '6.00', 74, 0);
INSERT INTO `itemDef` VALUES ('CT1', 1, 2, 4, 2, '6.00', 75, 0);
INSERT INTO `itemDef` VALUES ('BS2', 1, 4, 6, 5, '22.00', 76, 0);
INSERT INTO `itemDef` VALUES ('BS2', 1, 4, 6, 5, '22.00', 77, 0);
INSERT INTO `itemDef` VALUES ('BS2', 1, 4, 6, 5, '22.00', 78, 0);
INSERT INTO `itemDef` VALUES ('CT2', 1, 2, 18, 2, '6.00', 79, 0);
INSERT INTO `itemDef` VALUES ('TM1', 1, 15, 19, 1, '8.00', 80, 0);
INSERT INTO `itemDef` VALUES ('TM2', 1, 15, 20, 1, '7.00', 81, 0);
INSERT INTO `itemDef` VALUES ('TM1', 1, 15, 21, 1, '8.00', 82, 0);
INSERT INTO `itemDef` VALUES ('TM3', 1, 15, 11, 1, '8.00', 83, 0);
INSERT INTO `itemDef` VALUES ('TM1', 1, 15, 21, 1, '8.00', 84, 0);
INSERT INTO `itemDef` VALUES ('TM2', 1, 15, 20, 1, '7.00', 85, 0);
INSERT INTO `itemDef` VALUES ('TM2', 1, 15, 20, 1, '8.00', 86, 0);
INSERT INTO `itemDef` VALUES ('TM2', 1, 15, 20, 1, '8.00', 87, 0);
INSERT INTO `itemDef` VALUES ('TM3', 1, 15, 22, 1, '8.00', 88, 0);
INSERT INTO `itemDef` VALUES ('TM1', 1, 15, 21, 1, '8.00', 89, 0);
INSERT INTO `itemDef` VALUES ('FM8', 1, 7, 9, 5, '22.00', 90, 0);
INSERT INTO `itemDef` VALUES ('BS2', 1, 4, 6, 5, '22.00', 91, 0);
INSERT INTO `itemDef` VALUES ('BS4', 1, 4, 7, 5, '22.00', 92, 0);
INSERT INTO `itemDef` VALUES ('BS5', 1, 4, 17, 5, '22.00', 93, 0);
INSERT INTO `itemDef` VALUES ('BS2', 1, 4, 6, 5, '22.00', 94, 0);
INSERT INTO `itemDef` VALUES ('BS4', 1, 4, 7, 5, '22.00', 95, 0);
INSERT INTO `itemDef` VALUES ('BS5', 1, 4, 17, 5, '22.00', 96, 0);
INSERT INTO `itemDef` VALUES ('LL8', 1, 3, 5, 5, '22.00', 97, 0);
INSERT INTO `itemDef` VALUES ('CT1', 1, 2, 4, 2, '6.00', 98, 0);
INSERT INTO `itemDef` VALUES ('CT2', 1, 2, 18, 2, '6.00', 99, 0);
INSERT INTO `itemDef` VALUES ('CT1', 1, 2, 4, 2, '6.00', 100, 0);
INSERT INTO `itemDef` VALUES ('CT2', 1, 2, 18, 2, '6.00', 101, 0);
INSERT INTO `itemDef` VALUES ('BSS1', 2, 5, 1, 5, '28.00', 102, 0);
INSERT INTO `itemDef` VALUES ('BFC', 5, 17, 23, 4, '28.00', 103, 0);
INSERT INTO `itemDef` VALUES ('BFC', 5, 17, 23, 4, '28.00', 104, 0);
INSERT INTO `itemDef` VALUES ('CBB', 1, 18, 24, 3, '16.00', 105, 0);
INSERT INTO `itemDef` VALUES ('BSS0', 2, 16, 16, 5, '28.00', 106, 0);
INSERT INTO `itemDef` VALUES ('CBB', 1, 18, 24, 3, '16.00', 107, 0);
INSERT INTO `itemDef` VALUES ('HCC', 3, 19, 25, 4, '18.00', 108, 0);
INSERT INTO `itemDef` VALUES ('CBBL', 2, 20, 26, 3, '16.00', 109, 0);
INSERT INTO `itemDef` VALUES ('LHL', 3, 21, 27, 3, '20.00', 110, 0);
INSERT INTO `itemDef` VALUES ('PPP', 3, 22, 28, 3, '22.00', 111, 0);
INSERT INTO `itemDef` VALUES ('PPP', 3, 22, 28, 3, '22.00', 112, 0);
INSERT INTO `itemDef` VALUES ('PPP', 3, 22, 28, 3, '22.00', 113, 0);
INSERT INTO `itemDef` VALUES ('SF', 5, 23, 29, 4, '26.00', 114, 0);
INSERT INTO `itemDef` VALUES ('SF', 5, 23, 29, 4, '26.00', 115, 0);
INSERT INTO `itemDef` VALUES ('SF', 5, 23, 29, 4, '26.00', 116, 0);
INSERT INTO `itemDef` VALUES ('SF', 5, 23, 29, 4, '26.00', 117, 0);
INSERT INTO `itemDef` VALUES ('SF', 5, 23, 29, 4, '26.00', 118, 0);
INSERT INTO `itemDef` VALUES ('SF', 5, 23, 29, 4, '26.00', 119, 0);
INSERT INTO `itemDef` VALUES ('SF', 5, 23, 29, 4, '26.00', 120, 0);
INSERT INTO `itemDef` VALUES ('CBBL', 2, 20, 26, 3, '16.00', 121, 0);
INSERT INTO `itemDef` VALUES ('SFCM', 5, 24, 30, 3, '18.00', 122, 0);
INSERT INTO `itemDef` VALUES ('CSB', 5, 25, 29, 7, '38.00', 123, 0);
INSERT INTO `itemDef` VALUES ('SFCM', 5, 24, 30, 3, '18.00', 124, 0);
INSERT INTO `itemDef` VALUES ('BS2', 1, 4, 6, 5, '22.00', 125, 0);
INSERT INTO `itemDef` VALUES ('BS2', 1, 4, 6, 5, '22.00', 126, 0);
INSERT INTO `itemDef` VALUES ('BS2', 1, 4, 6, 5, '22.00', 127, 0);
INSERT INTO `itemDef` VALUES ('BS4', 1, 4, 7, 5, '22.00', 128, 0);
INSERT INTO `itemDef` VALUES ('BS5', 1, 4, 17, 5, '22.00', 129, 0);
INSERT INTO `itemDef` VALUES ('CBB', 1, 18, 24, 3, '16.00', 130, 0);
INSERT INTO `itemDef` VALUES ('CBB', 1, 18, 24, 3, '16.00', 131, 0);
INSERT INTO `itemDef` VALUES ('CBBL', 2, 20, 26, 3, '16.00', 132, 0);
INSERT INTO `itemDef` VALUES ('BSS0', 2, 16, 16, 5, '28.00', 133, 0);
INSERT INTO `itemDef` VALUES ('PPP', 3, 22, 28, 3, '22.00', 134, 0);
INSERT INTO `itemDef` VALUES ('BFC', 5, 17, 23, 4, '28.00', 135, 0);
INSERT INTO `itemDef` VALUES ('LHL', 3, 21, 27, 3, '20.00', 136, 0);
INSERT INTO `itemDef` VALUES ('FM8', 1, 7, 9, 5, '22.00', 137, 0);
INSERT INTO `itemDef` VALUES ('FM8', 1, 7, 9, 5, '22.00', 138, 0);
INSERT INTO `itemDef` VALUES ('FM8', 1, 7, 9, 5, '22.00', 139, 0);
INSERT INTO `itemDef` VALUES ('CBB', 1, 18, 24, 3, '16.00', 140, 0);
INSERT INTO `itemDef` VALUES ('FM8', 1, 7, 9, 5, '22.00', 141, 0);
INSERT INTO `itemDef` VALUES ('CBB', 1, 18, 24, 3, '16.00', 142, 0);
INSERT INTO `itemDef` VALUES ('CBB', 1, 18, 24, 3, '16.00', 143, 0);
INSERT INTO `itemDef` VALUES ('FM8', 1, 7, 9, 5, '22.00', 144, 0);
INSERT INTO `itemDef` VALUES ('LHL', 3, 21, 27, 3, '20.00', 145, 0);
INSERT INTO `itemDef` VALUES ('CBB', 1, 18, 24, 3, '16.00', 146, 0);
INSERT INTO `itemDef` VALUES ('FM8', 1, 7, 9, 5, '22.00', 147, 0);
INSERT INTO `itemDef` VALUES ('LHL', 3, 21, 27, 3, '20.00', 148, 0);
INSERT INTO `itemDef` VALUES ('CBBL', 2, 20, 26, 3, '16.00', 149, 0);
INSERT INTO `itemDef` VALUES ('TM1', 1, 15, 21, 1, '8.00', 150, 0);
INSERT INTO `itemDef` VALUES ('TM2', 1, 15, 20, 1, '8.00', 151, 0);
INSERT INTO `itemDef` VALUES ('TM3', 1, 15, 22, 1, '8.00', 152, 0);
INSERT INTO `itemDef` VALUES ('FM8', 1, 7, 9, 5, '22.00', 153, 0);
INSERT INTO `itemDef` VALUES ('TM1', 1, 15, 21, 1, '8.00', 154, 0);
INSERT INTO `itemDef` VALUES ('TM2', 1, 15, 20, 1, '8.00', 155, 0);
INSERT INTO `itemDef` VALUES ('TM3', 1, 15, 22, 1, '8.00', 156, 0);
INSERT INTO `itemDef` VALUES ('FM8', 1, 7, 9, 5, '22.00', 157, 0);
INSERT INTO `itemDef` VALUES ('TM1', 1, 15, 21, 1, '8.00', 158, 0);
INSERT INTO `itemDef` VALUES ('TM2', 1, 15, 20, 1, '8.00', 159, 0);
INSERT INTO `itemDef` VALUES ('TM3', 1, 15, 22, 1, '8.00', 160, 0);
INSERT INTO `itemDef` VALUES ('FM8', 1, 7, 9, 5, '22.00', 161, 0);
INSERT INTO `itemDef` VALUES ('TM1', 1, 15, 21, 1, '8.00', 162, 0);
INSERT INTO `itemDef` VALUES ('TM2', 1, 15, 20, 1, '8.00', 163, 0);
INSERT INTO `itemDef` VALUES ('TM3', 1, 15, 22, 1, '8.00', 164, 0);
INSERT INTO `itemDef` VALUES ('FM8', 1, 7, 9, 5, '22.00', 165, 0);
INSERT INTO `itemDef` VALUES ('CBB', 1, 18, 24, 3, '16.00', 166, 0);
INSERT INTO `itemDef` VALUES ('FM8', 1, 7, 9, 5, '22.00', 167, 0);
INSERT INTO `itemDef` VALUES ('CBBL', 2, 20, 26, 3, '16.00', 168, 0);
INSERT INTO `itemDef` VALUES ('CT1', 1, 2, 4, 2, '6.00', 169, 0);
INSERT INTO `itemDef` VALUES ('CT2', 1, 2, 18, 2, '6.00', 170, 0);
INSERT INTO `itemDef` VALUES ('FM8', 1, 7, 9, 5, '22.00', 171, 0);
INSERT INTO `itemDef` VALUES ('CT1', 1, 2, 4, 2, '6.00', 172, 0);
INSERT INTO `itemDef` VALUES ('CT2', 1, 2, 18, 2, '6.00', 173, 0);
INSERT INTO `itemDef` VALUES ('FM8', 1, 7, 9, 5, '22.00', 174, 0);
INSERT INTO `itemDef` VALUES ('CBB', 1, 18, 24, 3, '16.00', 175, 0);
INSERT INTO `itemDef` VALUES ('FM8', 1, 7, 9, 5, '22.00', 176, 0);
INSERT INTO `itemDef` VALUES ('HCC', 3, 19, 25, 4, '18.00', 177, 0);
INSERT INTO `itemDef` VALUES ('SF', 5, 23, 29, 4, '26.00', 178, 0);
INSERT INTO `itemDef` VALUES ('SFCM', 5, 24, 30, 3, '18.00', 179, 0);
INSERT INTO `itemDef` VALUES ('CSB', 5, 25, 29, 7, '38.00', 180, 0);
INSERT INTO `itemDef` VALUES ('BSS0', 2, 16, 16, 5, '28.00', 181, 0);
INSERT INTO `itemDef` VALUES ('SF', 5, 23, 29, 4, '26.00', 182, 0);
INSERT INTO `itemDef` VALUES ('SF', 5, 23, 29, 4, '26.00', 183, 0);
INSERT INTO `itemDef` VALUES ('SF', 5, 23, 29, 4, '26.00', 184, 0);
INSERT INTO `itemDef` VALUES ('SF', 5, 23, 29, 4, '26.00', 185, 0);
INSERT INTO `itemDef` VALUES ('BFC', 5, 17, 23, 4, '28.00', 186, 0);
INSERT INTO `itemDef` VALUES ('BFC', 5, 17, 23, 4, '28.00', 187, 0);
INSERT INTO `itemDef` VALUES ('BS2', 1, 4, 6, 5, '22.00', 188, 0);
INSERT INTO `itemDef` VALUES ('CBB', 1, 18, 24, 3, '16.00', 189, 0);
INSERT INTO `itemDef` VALUES ('BFC', 5, 17, 23, 4, '28.00', 190, 0);
INSERT INTO `itemDef` VALUES ('BFC', 5, 17, 23, 4, '28.00', 191, 0);
INSERT INTO `itemDef` VALUES ('BFC', 5, 17, 23, 4, '28.00', 192, 0);
INSERT INTO `itemDef` VALUES ('BS2', 1, 4, 6, 5, '22.00', 193, 0);
INSERT INTO `itemDef` VALUES ('BFC', 5, 17, 23, 4, '28.00', 194, 0);
INSERT INTO `itemDef` VALUES ('CBB', 1, 18, 24, 3, '16.00', 195, 0);
INSERT INTO `itemDef` VALUES ('BS2', 1, 4, 6, 5, '22.00', 196, 0);
INSERT INTO `itemDef` VALUES ('BFC', 5, 17, 23, 4, '28.00', 197, 0);
INSERT INTO `itemDef` VALUES ('BFC', 5, 17, 23, 4, '28.00', 198, 0);
INSERT INTO `itemDef` VALUES ('BFC', 5, 17, 23, 4, '28.00', 199, 0);
INSERT INTO `itemDef` VALUES ('BS2', 1, 4, 6, 5, '22.00', 200, 0);
INSERT INTO `itemDef` VALUES ('BS2', 1, 4, 6, 5, '22.00', 201, 0);
INSERT INTO `itemDef` VALUES ('BS4', 1, 4, 7, 5, '22.00', 202, 0);
INSERT INTO `itemDef` VALUES ('BS5', 1, 4, 17, 5, '22.00', 203, 0);
INSERT INTO `itemDef` VALUES ('BSS0', 2, 16, 16, 5, '28.00', 204, 0);
INSERT INTO `itemDef` VALUES ('BS2', 1, 4, 6, 5, '22.00', 205, 0);
INSERT INTO `itemDef` VALUES ('CBB', 1, 18, 24, 3, '16.00', 206, 0);
INSERT INTO `itemDef` VALUES ('CBBL', 2, 20, 26, 3, '16.00', 207, 0);
INSERT INTO `itemDef` VALUES ('CSB', 5, 25, 29, 7, '38.00', 208, 0);
INSERT INTO `itemDef` VALUES ('CT1', 1, 2, 4, 2, '6.00', 209, 0);
INSERT INTO `itemDef` VALUES ('CT2', 1, 2, 18, 2, '6.00', 210, 0);
INSERT INTO `itemDef` VALUES ('FM8', 1, 7, 9, 5, '22.00', 211, 0);
INSERT INTO `itemDef` VALUES ('HCC', 3, 19, 25, 4, '18.00', 212, 0);
INSERT INTO `itemDef` VALUES ('LHL', 3, 21, 27, 3, '20.00', 213, 0);
INSERT INTO `itemDef` VALUES ('LL8', 1, 3, 5, 5, '22.00', 214, 0);
INSERT INTO `itemDef` VALUES ('PPP', 3, 22, 28, 3, '22.00', 215, 0);
INSERT INTO `itemDef` VALUES ('SF', 5, 23, 29, 4, '26.00', 216, 0);
INSERT INTO `itemDef` VALUES ('SFCM', 5, 24, 30, 3, '18.00', 217, 0);
INSERT INTO `itemDef` VALUES ('TM1', 1, 15, 21, 1, '8.00', 218, 0);
INSERT INTO `itemDef` VALUES ('TM2', 1, 15, 20, 1, '8.00', 219, 0);
INSERT INTO `itemDef` VALUES ('TM3', 1, 15, 22, 1, '8.00', 220, 0);
INSERT INTO `itemDef` VALUES ('BSS1', 2, 5, 1, 5, '28.00', 221, 0);
INSERT INTO `itemDef` VALUES ('BS2', 1, 4, 6, 5, '22.00', 222, 0);
INSERT INTO `itemDef` VALUES ('BS2', 1, 4, 6, 5, '22.00', 223, 0);
INSERT INTO `itemDef` VALUES ('BS4', 1, 4, 7, 5, '22.00', 224, 0);
INSERT INTO `itemDef` VALUES ('BS5', 1, 4, 17, 5, '22.00', 225, 0);
INSERT INTO `itemDef` VALUES ('CBB', 1, 18, 24, 3, '16.00', 226, 0);
INSERT INTO `itemDef` VALUES ('BS2', 1, 4, 6, 5, '22.00', 227, 0);
INSERT INTO `itemDef` VALUES ('BS2', 1, 4, 6, 5, '22.00', 228, 0);
INSERT INTO `itemDef` VALUES ('BS4', 1, 4, 7, 5, '22.00', 229, 0);
INSERT INTO `itemDef` VALUES ('BS5', 1, 4, 17, 5, '22.00', 230, 0);
INSERT INTO `itemDef` VALUES ('BSS1', 2, 5, 1, 5, '28.00', 231, 0);
INSERT INTO `itemDef` VALUES ('CBBL', 2, 20, 26, 3, '16.00', 232, 0);
INSERT INTO `itemDef` VALUES ('BSS0', 2, 16, 16, 5, '28.00', 233, 0);
INSERT INTO `itemDef` VALUES ('CT1', 1, 2, 4, 2, '6.00', 234, 0);
INSERT INTO `itemDef` VALUES ('CT2', 1, 2, 18, 2, '6.00', 235, 0);
INSERT INTO `itemDef` VALUES ('FM8', 1, 7, 9, 5, '22.00', 236, 0);
INSERT INTO `itemDef` VALUES ('LL8', 1, 3, 5, 5, '22.00', 237, 0);
INSERT INTO `itemDef` VALUES ('TM1', 1, 15, 21, 1, '8.00', 238, 0);
INSERT INTO `itemDef` VALUES ('TM2', 1, 15, 20, 1, '8.00', 239, 0);
INSERT INTO `itemDef` VALUES ('TM3', 1, 15, 22, 1, '8.00', 240, 0);
INSERT INTO `itemDef` VALUES ('HCC', 3, 19, 25, 4, '18.00', 241, 0);
INSERT INTO `itemDef` VALUES ('HCC', 3, 19, 25, 4, '18.00', 242, 0);
INSERT INTO `itemDef` VALUES ('HCC', 3, 19, 25, 4, '18.00', 243, 0);
INSERT INTO `itemDef` VALUES ('HCC', 3, 19, 25, 4, '18.00', 244, 0);
INSERT INTO `itemDef` VALUES ('LHL', 3, 21, 27, 3, '20.00', 245, 0);
INSERT INTO `itemDef` VALUES ('PPP', 3, 22, 28, 3, '22.00', 246, 0);
INSERT INTO `itemDef` VALUES ('BFC', 5, 17, 23, 4, '28.00', 247, 0);
INSERT INTO `itemDef` VALUES ('SF', 5, 23, 29, 4, '26.00', 248, 0);
INSERT INTO `itemDef` VALUES ('SFCM', 5, 24, 30, 3, '18.00', 249, 0);
INSERT INTO `itemDef` VALUES ('CSB', 5, 25, 29, 7, '38.00', 250, 0);
INSERT INTO `itemDef` VALUES ('Box1', 4, 26, 10, 6, '55.00', 251, 0);
INSERT INTO `itemDef` VALUES ('Box1', 4, 26, 10, 6, '55.00', 252, 0);
INSERT INTO `itemDef` VALUES ('Box3', 4, 27, 15, 6, '22.00', 253, 0);
INSERT INTO `itemDef` VALUES ('Box2', 4, 28, 15, 6, '110.00', 254, 0);
INSERT INTO `itemDef` VALUES ('CT2', 1, 2, 18, 2, '6.00', 255, 0);
INSERT INTO `itemDef` VALUES ('CT1', 1, 2, 4, 2, '6.00', 256, 0);
INSERT INTO `itemDef` VALUES ('BS2', 1, 4, 6, 5, '22.00', 257, 0);
INSERT INTO `itemDef` VALUES ('BS2', 1, 4, 6, 5, '22.00', 258, 0);
INSERT INTO `itemDef` VALUES ('BS4', 1, 4, 7, 5, '22.00', 259, 0);
INSERT INTO `itemDef` VALUES ('BS5', 1, 4, 17, 5, '22.00', 260, 0);
INSERT INTO `itemDef` VALUES ('BS2', 1, 4, 6, 5, '22.00', 261, 0);
INSERT INTO `itemDef` VALUES ('BSS1', 2, 5, 1, 5, '28.00', 262, 0);
INSERT INTO `itemDef` VALUES ('CBB', 1, 18, 24, 3, '16.00', 263, 0);
INSERT INTO `itemDef` VALUES ('CBB', 1, 18, 24, 3, '16.00', 264, 0);
INSERT INTO `itemDef` VALUES ('CBB', 1, 18, 24, 3, '16.00', 265, 0);
INSERT INTO `itemDef` VALUES ('CBB', 1, 18, 24, 3, '16.00', 266, 0);
INSERT INTO `itemDef` VALUES ('FM8', 1, 7, 9, 5, '22.00', 267, 0);
INSERT INTO `itemDef` VALUES ('LL8', 1, 3, 5, 5, '22.00', 268, 0);
INSERT INTO `itemDef` VALUES ('LL8', 1, 3, 5, 5, '24.00', 269, 0);
INSERT INTO `itemDef` VALUES ('BS2', 1, 4, 6, 5, '24.00', 270, 0);
INSERT INTO `itemDef` VALUES ('BS2', 1, 4, 6, 5, '24.00', 271, 0);
INSERT INTO `itemDef` VALUES ('BS4', 1, 4, 7, 5, '24.00', 272, 0);
INSERT INTO `itemDef` VALUES ('BS5', 1, 4, 17, 5, '24.00', 273, 0);
INSERT INTO `itemDef` VALUES ('BS5', 1, 4, 17, 5, '22.00', 274, 0);
INSERT INTO `itemDef` VALUES ('BS2', 1, 4, 6, 5, '24.00', 275, 0);
INSERT INTO `itemDef` VALUES ('BS2', 1, 4, 6, 5, '24.00', 276, 0);
INSERT INTO `itemDef` VALUES ('FM8', 1, 7, 9, 5, '24.00', 277, 0);
INSERT INTO `itemDef` VALUES ('CBBL', 2, 20, 26, 3, '16.50', 278, 0);
INSERT INTO `itemDef` VALUES ('CBBL', 2, 20, 26, 3, '16.50', 279, 0);
INSERT INTO `itemDef` VALUES ('CBBL', 2, 20, 26, 3, '16.50', 280, 0);
INSERT INTO `itemDef` VALUES ('BSS1', 2, 5, 1, 5, '28.00', 281, 0);
INSERT INTO `itemDef` VALUES ('BSS1', 2, 5, 1, 5, '28.00', 282, 0);
INSERT INTO `itemDef` VALUES ('BSS1', 2, 5, 1, 5, '28.00', 283, 0);
INSERT INTO `itemDef` VALUES ('CBBL', 2, 20, 26, 3, '16.50', 284, 0);
INSERT INTO `itemDef` VALUES ('BSS0', 2, 16, 16, 5, '28.00', 285, 0);
INSERT INTO `itemDef` VALUES ('HCC', 3, 19, 25, 4, '18.00', 286, 0);
INSERT INTO `itemDef` VALUES ('HCC', 2, 19, 25, 4, '18.00', 287, 0);
INSERT INTO `itemDef` VALUES ('LHL', 2, 21, 27, 3, '20.00', 288, 0);
INSERT INTO `itemDef` VALUES ('PPP', 4, 22, 28, 3, '22.00', 289, 0);
INSERT INTO `itemDef` VALUES ('BFC', 3, 17, 23, 4, '28.00', 290, 0);
INSERT INTO `itemDef` VALUES ('Box1', 5, 26, 10, 6, '55.00', 291, 0);
INSERT INTO `itemDef` VALUES ('Box1', 5, 26, 10, 6, '55.00', 292, 0);
INSERT INTO `itemDef` VALUES ('Box1', 5, 26, 10, 6, '55.00', 293, 0);
INSERT INTO `itemDef` VALUES ('Box1', 5, 26, 10, 6, '55.00', 294, 0);
INSERT INTO `itemDef` VALUES ('Box1', 5, 26, 10, 6, '55.00', 295, 0);
INSERT INTO `itemDef` VALUES ('Box1', 5, 26, 10, 6, '55.00', 296, 0);
INSERT INTO `itemDef` VALUES ('Box2', 5, 28, 15, 6, '110.00', 297, 0);
INSERT INTO `itemDef` VALUES ('Box3', 5, 27, 15, 6, '22.00', 298, 0);
INSERT INTO `itemDef` VALUES ('CSB', 3, 25, 29, 7, '38.00', 299, 0);
INSERT INTO `itemDef` VALUES ('SFCM', 3, 24, 30, 3, '18.00', 300, 0);
INSERT INTO `itemDef` VALUES ('SF', 3, 23, 29, 4, '26.00', 301, 0);
INSERT INTO `itemDef` VALUES ('FM8', 1, 7, 31, 5, '24.00', 302, 0);
INSERT INTO `itemDef` VALUES ('CBB', 1, 18, 24, 3, '16.50', 303, 0);
INSERT INTO `itemDef` VALUES ('LHL', 2, 21, 27, 3, '20.00', 304, 0);
INSERT INTO `itemDef` VALUES ('LHL', 2, 21, 27, 3, '20.00', 305, 1);
INSERT INTO `itemDef` VALUES ('BFC', 3, 17, 23, 4, '28.00', 306, 1);
INSERT INTO `itemDef` VALUES ('Box3', 5, 27, 15, 6, '22.00', 307, 1);
INSERT INTO `itemDef` VALUES ('Box2', 5, 28, 15, 6, '110.00', 308, 1);
INSERT INTO `itemDef` VALUES ('Box1', 5, 26, 10, 6, '55.00', 309, 0);
INSERT INTO `itemDef` VALUES ('Box1', 5, 26, 10, 6, '55.00', 310, 0);
INSERT INTO `itemDef` VALUES ('Box1', 5, 26, 10, 6, '55.00', 311, 1);
INSERT INTO `itemDef` VALUES ('BS2', 1, 4, 6, 5, '24.00', 312, 0);
INSERT INTO `itemDef` VALUES ('BS2', 1, 4, 6, 5, '24.00', 313, 0);
INSERT INTO `itemDef` VALUES ('BS2', 1, 4, 6, 5, '24.00', 314, 1);
INSERT INTO `itemDef` VALUES ('BS4', 1, 4, 7, 5, '24.00', 315, 1);
INSERT INTO `itemDef` VALUES ('BS5', 1, 4, 17, 5, '22.00', 316, 1);
INSERT INTO `itemDef` VALUES ('BSS0', 2, 16, 16, 5, '28.00', 317, 1);
INSERT INTO `itemDef` VALUES ('BSS1', 2, 5, 1, 5, '28.00', 318, 1);
INSERT INTO `itemDef` VALUES ('CBB', 1, 18, 24, 3, '16.50', 319, 1);
INSERT INTO `itemDef` VALUES ('CBBL', 2, 20, 26, 3, '16.50', 320, 1);
INSERT INTO `itemDef` VALUES ('CSB', 3, 25, 29, 7, '38.00', 321, 1);
INSERT INTO `itemDef` VALUES ('CT1', 1, 2, 4, 2, '6.00', 322, 1);
INSERT INTO `itemDef` VALUES ('CT2', 1, 2, 18, 2, '6.00', 323, 1);
INSERT INTO `itemDef` VALUES ('FM8', 1, 7, 31, 5, '24.00', 324, 1);
INSERT INTO `itemDef` VALUES ('HCC', 2, 19, 25, 4, '18.00', 325, 1);
INSERT INTO `itemDef` VALUES ('LL8', 1, 3, 5, 5, '24.00', 326, 1);
INSERT INTO `itemDef` VALUES ('PPP', 4, 22, 28, 3, '22.00', 327, 1);
INSERT INTO `itemDef` VALUES ('SF', 3, 23, 29, 4, '26.00', 328, 1);
INSERT INTO `itemDef` VALUES ('SFCM', 3, 24, 30, 3, '18.00', 329, 1);
INSERT INTO `itemDef` VALUES ('TM1', 1, 15, 21, 1, '8.00', 330, 1);
INSERT INTO `itemDef` VALUES ('TM2', 1, 15, 20, 1, '8.00', 331, 1);
INSERT INTO `itemDef` VALUES ('TM3', 1, 15, 22, 1, '8.00', 332, 1);

# --------------------------------------------------------

#
# Table structure for table `nameDef`
#
# Creation: Jan 28, 2003 at 07:32 PM
# Last update: Jan 24, 2004 at 08:46 PM
# Last check: Apr 10, 2003 at 04:54 PM
#

DROP TABLE IF EXISTS `nameDef`;
CREATE TABLE `nameDef` (
  `nameID` int(11) NOT NULL auto_increment,
  `name` varchar(100) default NULL,
  `description` mediumtext NOT NULL,
  PRIMARY KEY  (`nameID`)
) TYPE=MyISAM AUTO_INCREMENT=29 ;

#
# Dumping data for table `nameDef`
#

INSERT INTO `nameDef` VALUES (1, 'Trouble Melts', 'Melt your troubles away with these small creamy truffles made from shea, kokum and cocoa butters designed to melt in the bath water to soften your skin and calm your troubled head. Tangerine is a sweet, peace inducing citrus great for lifting your spirits and soothing your nerves. Pink Grapefruit can help treat mood swings, anger and depression. Just the right Treat after a stressful day. (Our apologies but our truffles are only available for overnight or 2nd day shipping during the hot summer months.)');
INSERT INTO `nameDef` VALUES (2, 'Cocoa Truffle', 'How about some hot cocoa? Cocoa butter that is, made from the roasted seeds of the cocoa bean, combined with soothing shea butter and vitamin E to condition and soften the skin. As the truffle melts in the warm bath, your skin is scented with yummy chocolate. Your body will be so moisturized after this little dream there will be no need for lotion. (Our apologies but just like real chocolates during hot summer months these little yummies must be shipped to you overnight!) ');
INSERT INTO `nameDef` VALUES (3, 'Lavender LemonAid', 'A Treat for sore achy muscles, we combined dead sea salts for detoxifying with jojoba and evening primrose to moisturize. Green tea adds antioxidants while healthy doses of lavender and lemongrass relax and sooth aching muscles. ');
INSERT INTO `nameDef` VALUES (4, 'Brown Sugar Bath Crumbs', 'Feeling crumby? Treat yourself and soak in a warm sugar bath that will fizz your blues away while cocoa butter sprinkles sooth dry skin. Brown sugar helps treat and heal wounds when applied externally, combined with delicious flavors, soothing honey and vitamin E. Finally a sugary treat that\'s good for you, but you have to do your part as well so remember to walk your two miles a day, eat more fruits and veggies and cut out the sugar and cigs (you\'re sweet and smokin already). Pour in warm bath for a moisturizing treat. ');
INSERT INTO `nameDef` VALUES (5, 'Brown Sugar Smoothie', 'You\'ll be smooth and sweet after this moisturizing Treat. Pure brown sugar is blended with therapeutic oils, shea butter and vitamin E creating an entirely natural and moisturizing exfoliant, and its delicious smell lingers long after your shower. Use before self-tanner or shaving. Do not use on scraped or broken skin.');
INSERT INTO `nameDef` VALUES (6, 'Chronic Tonic', 'This Treat contains vitamin rich grape seed oil, combined with highly therapeutic avocado and hemp seed oils for their healing and regenerating properties. Jojoba and vitamin E provide antioxidants to protect the skin. Helps to soften and heal chronic dry skin. We added pink grapefruit because we love the yummy smell and lavender to sooth and heal. Use before, during or after bath.');
INSERT INTO `nameDef` VALUES (7, 'Fizzy Milk Treatment', 'Anti-stress treatment. Soak your cares away while softening your skin. This Treat contains minerals from the earth to relax you and milk and honey to tone an soften your skin. Use 3-5 tablespoons per bath. ');
INSERT INTO `nameDef` VALUES (18, 'Creamy Bubble Gum Bath', 'Dunk yourself in this creamy candy bath with soothing shea butter, cocoa butter and vitamin E. Bathe in this milky bubble gum flavored Treat and someone may try to take a bite out of you, delicious!');
INSERT INTO `nameDef` VALUES (8, 'Sweet Treat', 'White bakery box filled with yummy treats and wrapped with a red ribbon. Treat yourself or someone sweet to a Box O\'Treats.\r\n\r\nSweet Treat contains Brown Sugar Smoothie, Trouble Melts and .5oz Sweet Blend ');
INSERT INTO `nameDef` VALUES (9, 'Salty Treat', 'White bakery box filled with yummy treats and wrapped with a red ribbon. Treat yourself or someone sweet to a Box O\'Treats.\r\n\r\nSalty Treat contains 8oz Lavender LemonAid, Trouble Melts, Cocoa Truffle and Relax Blend');
INSERT INTO `nameDef` VALUES (10, 'Soothing Treat', 'White bakery box filled with yummy treats and wrapped with a red ribbon. Treat yourself or someone sweet to a Box O\'Treats.<br />\r\n<br />\r\nSoothing Treat contains 4oz Chronic Tonic, Trouble Melts, Cocoa Truffle and .5 Balance Blend');
INSERT INTO `nameDef` VALUES (11, 'Milky Treat', 'White bakery box filled with yummy treats and wrapped with a red ribbon. Treat yourself or someone sweet to a Box O\'Treats.\r\n\r\nMilky Treat contains 8oz Fizzy Milk Treatment, Trouble Melts, Cocoa Truffle and Balance Blend');
INSERT INTO `nameDef` VALUES (12, 'Balance Blend', 'With our pure essential oil blends you can Treat yourself to the healthful benefits of aromatherapy in a relaxing bath or massage.\r\n\r\n');
INSERT INTO `nameDef` VALUES (13, 'Relax Blend', 'With our pure essential oil blends you can Treat yourself to the healthful benefits of aromatherapy in a relaxing bath or massage.\r\n\r\n');
INSERT INTO `nameDef` VALUES (14, 'Sweet Blend', 'With our pure essential oil blends you can Treat yourself to the healthful benefits of aromatherapy in a relaxing bath or massage.\r\n\r\n');
INSERT INTO `nameDef` VALUES (15, 'Treat Trouble Melts', 'Melt your troubles away with these small creamy truffles made from shea, kokum and cocoa butters designed to melt in the bath water to soften your skin and calm your troubled head. Just the right Treat after a stressful day. Each Trouble Melt box contains 2 truffles. ');
INSERT INTO `nameDef` VALUES (17, 'Beauteaful Face Scrub', 'Treat\'s antioxidant rich Beauteaful Face Scrub contains organic polyphenols of Green Tea and White Tea to protect while it removes dead skin cells. Known to be nature\'s most powerful antioxidant, green tea extract provides  protection against free radicals and DNA damage. Aloe vera, olive butter, avocado butter and vitamin E soothe the newly revealed glowing skin. ');
INSERT INTO `nameDef` VALUES (16, 'Sugar & Spice Smoothie', 'You\'ll be smooth and sweet after this moisturizing Treat. Pure sugars blended with therapeutic oils, soothing shea butter, vitamin E and delicious cinnamon. Smooth on from head, to tush to toes. ');
INSERT INTO `nameDef` VALUES (19, 'Handy Candy Cream', 'Nourish and soothe dry overworked hands with this dreamy whipped cream. We blended decadent shea butter and milk to soften with white tea to protect and a dash of sweet vanilla to make a yummy Treat. ');
INSERT INTO `nameDef` VALUES (20, 'Lemon Drop Creamy Cleanser', 'Sweetie Pie we all have to be up earlier than we\'d like most mornings. Suds yourself with this refreshing shower cream with soothing cocoa butter, vitamin E and milk that brings back memories of cheeks filled with lemon drops. So rub this everywhere including your cheeks and start your day with a Treat. ');
INSERT INTO `nameDef` VALUES (21, 'Luscious Honey Lotion', 'Honey you\'ve never felt so sweet! Smother yourself from cheeks to toes with this luscious body lotion blended with soothing shea butter, honey and white tea to protect and heal damaged skin. Flavored with  vanilla and lemon to sweeten things up, this creamy dream will leave you soft and delicious. Your skin will love this milky Treat.');
INSERT INTO `nameDef` VALUES (22, 'Peppermint Patty', 'Your hands and feet will be soft and sweet after this nourishing Treat. Exfoliates and smoothes  with hemp and molasses as it moisturizes. Contains decadent shea butter, soothing aloe vera and vitamins. And best of all it smells like a candy cane, so delicious! ');
INSERT INTO `nameDef` VALUES (23, 'Saving Face', 'A moisturizing Treat to protect, smooth and heal. Contains soothing shea butter, sweet almond and camellia oil. Alpha lipoic acid helps to smooth fine lines, diminish discoloration of the skin and encourage cell renewal. Protects and prevents with vitamins A, C and E as well as antioxidant rich green tea and white tea. ');
INSERT INTO `nameDef` VALUES (24, 'Sweet Face Cleansing Milk', 'Gentle cleansing for sensitive or mature skin. This soothing Treat gently cleans and protects with orange peel tincture, shea butter and lavender. Removes makeup without stripping the skin and leaves skin smooth and moist.');
INSERT INTO `nameDef` VALUES (25, 'Clearly Sweet Blemish Gel', 'Heal and prevent blemishes with Treat\'s antiseptic and antioxidant treatment serum containing cucumber extract and calendula. Rich in antioxidants green tea, white tea and vitamins A, C and E to prevent scarring. Can be used as a spot treatment or lightly layered on the face. ');
INSERT INTO `nameDef` VALUES (26, 'Pretty Sweet', 'Treat yourself or someone sweet to a Box O\'Treats! Pretty Sweet contains Creamy Bubble Gum Bath, Handy Candy Cream and Peppermint Patty.');
INSERT INTO `nameDef` VALUES (27, 'Truffle Trio', 'Treat yourself or someone sweet to a Box O\'Treats! Truffle Trio contains 2 boxes of Trouble Melts and 1 Cocoa Truffle.');
INSERT INTO `nameDef` VALUES (28, 'Cheeky Treat', 'Treat yourself or someone sweet to a Box O\'Treats. Cheeky Treat contains Saving Face, Beauteaful Face Scrub, Sweet Face Cleansing Milk and Clearly Sweet Blemish Gel.');

# --------------------------------------------------------

#
# Table structure for table `names`
#
# Creation: Mar 22, 2003 at 07:36 PM
# Last update: Apr 10, 2003 at 04:54 PM
# Last check: Apr 10, 2003 at 04:54 PM
#

DROP TABLE IF EXISTS `names`;
CREATE TABLE `names` (
  `name_seq` int(11) NOT NULL auto_increment,
  `name` varchar(20) NOT NULL default '',
  `value` varchar(20) NOT NULL default '',
  PRIMARY KEY  (`name_seq`)
) TYPE=MyISAM AUTO_INCREMENT=3 ;

#
# Dumping data for table `names`
#

INSERT INTO `names` VALUES (1, 'txn_key', 'LZf2Dfl2ku0pNeWe');
INSERT INTO `names` VALUES (2, 'auth_login_id', 'MD9IMRFE');

# --------------------------------------------------------

#
# Table structure for table `orders`
#
# Creation: Apr 15, 2003 at 10:38 PM
# Last update: Jan 10, 2004 at 11:06 AM
#

DROP TABLE IF EXISTS `orders`;
CREATE TABLE `orders` (
  `BuyerID` bigint(20) NOT NULL default '0',
  `UserID` varchar(100) NOT NULL default '',
  `Date` varchar(100) NOT NULL default '',
  `Shipping` varchar(15) NOT NULL default 'ground',
  `giftWrap` text,
  `giftWrapLabel` text,
  `OrderTotal` decimal(8,2) NOT NULL default '0.00',
  `OrderNumber` bigint(20) NOT NULL auto_increment,
  PRIMARY KEY  (`OrderNumber`)
) TYPE=MyISAM AUTO_INCREMENT=346 ;

#
# Dumping data for table `orders`
#

INSERT INTO `orders` VALUES (134, '20021213175020', '2002:346:2002-12-13', '0', NULL, NULL, '16.45', 134);
INSERT INTO `orders` VALUES (133, '20021213171931', '2002:346:2002-12-13', '0', NULL, NULL, '38.95', 133);
INSERT INTO `orders` VALUES (132, '20021213164025', '2002:346:2002-12-13', '0', NULL, NULL, '11.45', 132);
INSERT INTO `orders` VALUES (131, '20021213163909', '2002:346:2002-12-13', '0', NULL, NULL, '27.45', 131);
INSERT INTO `orders` VALUES (130, '20021213124103', '2002:346:2002-12-13', '0', NULL, NULL, '27.95', 130);
INSERT INTO `orders` VALUES (129, '20021213121620', '2002:346:2002-12-13', '0', NULL, NULL, '24.95', 129);
INSERT INTO `orders` VALUES (128, '20021213091712', '2002:346:2002-12-13', '0', NULL, NULL, '14.95', 128);
INSERT INTO `orders` VALUES (127, '20021213081056', '2002:346:2002-12-13', '0', NULL, NULL, '14.95', 127);
INSERT INTO `orders` VALUES (126, '20021212224638', '2002:345:2002-12-12', '0', NULL, NULL, '9.95', 126);
INSERT INTO `orders` VALUES (125, '20021212181428', '2002:345:2002-12-12', '0', NULL, NULL, '24.45', 125);
INSERT INTO `orders` VALUES (124, '20021212165926', '2002:345:2002-12-12', '0', NULL, NULL, '38.45', 124);
INSERT INTO `orders` VALUES (123, '20021212153028', '2002:345:2002-12-12', '0', NULL, NULL, '14.95', 123);
INSERT INTO `orders` VALUES (122, '20021212142217', '2002:345:2002-12-12', '0', NULL, NULL, '17.95', 122);
INSERT INTO `orders` VALUES (121, '20021212135958', '2002:345:2002-12-12', '0', NULL, NULL, '17.95', 121);
INSERT INTO `orders` VALUES (120, '20021212140940', '2002:345:2002-12-12', '0', NULL, NULL, '30.95', 120);
INSERT INTO `orders` VALUES (119, '20021212114607', '2002:345:2002-12-12', '0', NULL, NULL, '24.95', 119);
INSERT INTO `orders` VALUES (118, '20021212110049', '2002:345:2002-12-12', '0', NULL, NULL, '59.95', 118);
INSERT INTO `orders` VALUES (117, '20021212104028', '2002:345:2002-12-12', '0', NULL, NULL, '24.95', 117);
INSERT INTO `orders` VALUES (116, '20021212101045', '2002:345:2002-12-12', '0', NULL, NULL, '24.95', 116);
INSERT INTO `orders` VALUES (115, '20021212095238', '2002:345:2002-12-12', '0', NULL, NULL, '19.95', 115);
INSERT INTO `orders` VALUES (114, '20021212083234', '2002:345:2002-12-12', '0', NULL, NULL, '29.95', 114);
INSERT INTO `orders` VALUES (113, '20021212055809', '2002:345:2002-12-12', '0', NULL, NULL, '24.95', 113);
INSERT INTO `orders` VALUES (112, '20021211214822', '2002:344:2002-12-11', '0', NULL, NULL, '24.95', 112);
INSERT INTO `orders` VALUES (111, '20021211185943', '2002:344:2002-12-11', '0', NULL, NULL, '25.95', 111);
INSERT INTO `orders` VALUES (110, '20021211183924', '2002:344:2002-12-11', '0', NULL, NULL, '9.95', 110);
INSERT INTO `orders` VALUES (109, '20021211180145', '2002:344:2002-12-11', '0', NULL, NULL, '14.95', 109);
INSERT INTO `orders` VALUES (108, '20021211145224', '2002:344:2002-12-11', '0', NULL, NULL, '55.95', 108);
INSERT INTO `orders` VALUES (107, '20021211153808', '2002:344:2002-12-11', '0', NULL, NULL, '30.95', 107);
INSERT INTO `orders` VALUES (106, '20021211150457', '2002:344:2002-12-11', '0', NULL, NULL, '27.95', 106);
INSERT INTO `orders` VALUES (105, '20021211144422', '2002:344:2002-12-11', '0', NULL, NULL, '131.00', 105);
INSERT INTO `orders` VALUES (104, '20021211102441', '2002:344:2002-12-11', '0', NULL, NULL, '39.45', 104);
INSERT INTO `orders` VALUES (103, '20021211090908', '2002:344:2002-12-11', '0', NULL, NULL, '24.45', 103);
INSERT INTO `orders` VALUES (102, '20021211075419', '2002:344:2002-12-11', '0', NULL, NULL, '17.95', 102);
INSERT INTO `orders` VALUES (101, '20021210212730', '2002:343:2002-12-10', '0', NULL, NULL, '16.45', 101);
INSERT INTO `orders` VALUES (100, '20021210210632', '2002:343:2002-12-10', '0', NULL, NULL, '16.45', 100);
INSERT INTO `orders` VALUES (99, '20021210201328', '2002:343:2002-12-10', '0', NULL, NULL, '19.95', 99);
INSERT INTO `orders` VALUES (98, '20021210181926', '2002:343:2002-12-10', '0', NULL, NULL, '72.45', 98);
INSERT INTO `orders` VALUES (97, '20021210170713', '2002:343:2002-12-10', '0', NULL, NULL, '9.95', 97);
INSERT INTO `orders` VALUES (96, '20021210170407', '2002:343:2002-12-10', '0', NULL, NULL, '17.95', 96);
INSERT INTO `orders` VALUES (95, '20021210155922', '2002:343:2002-12-10', '0', NULL, NULL, '19.95', 95);
INSERT INTO `orders` VALUES (94, '20021209205125', '2002:342:2002-12-09', '0', NULL, NULL, '49.95', 94);
INSERT INTO `orders` VALUES (93, '20021209194941', '2002:342:2002-12-09', '0', NULL, NULL, '45.95', 93);
INSERT INTO `orders` VALUES (92, '20021209183711', '2002:342:2002-12-09', '0', NULL, NULL, '26.45', 92);
INSERT INTO `orders` VALUES (91, '20021209175757', '2002:342:2002-12-09', '0', NULL, NULL, '17.95', 91);
INSERT INTO `orders` VALUES (72, '20021207104649', '2002:340:2002-12-07', '0', NULL, NULL, '9.95', 72);
INSERT INTO `orders` VALUES (73, '20021207153457', '2002:340:2002-12-07', '0', NULL, NULL, '19.95', 73);
INSERT INTO `orders` VALUES (74, '20021207171809', '2002:340:2002-12-07', '0', NULL, NULL, '9.95', 74);
INSERT INTO `orders` VALUES (75, '20021207215033', '2002:340:2002-12-07', '0', NULL, NULL, '83.95', 75);
INSERT INTO `orders` VALUES (76, '20021208093032', '2002:341:2002-12-08', '0', NULL, NULL, '11.45', 76);
INSERT INTO `orders` VALUES (77, '20021208102207', '2002:341:2002-12-08', '0', NULL, NULL, '69.45', 77);
INSERT INTO `orders` VALUES (78, '20021208152811', '2002:341:2002-12-08', '0', NULL, NULL, '14.95', 78);
INSERT INTO `orders` VALUES (79, '20021209084022', '2002:342:2002-12-09', '0', NULL, NULL, '176.00', 79);
INSERT INTO `orders` VALUES (80, '20021209091235', '2002:342:2002-12-09', '0', NULL, NULL, '21.45', 80);
INSERT INTO `orders` VALUES (81, '20021209095951', '2002:342:2002-12-09', '0', NULL, NULL, '16.45', 81);
INSERT INTO `orders` VALUES (82, '20021209111137', '2002:342:2002-12-09', '0', NULL, NULL, '125.00', 82);
INSERT INTO `orders` VALUES (83, '20021209112058', '2002:342:2002-12-09', '0', NULL, NULL, '24.95', 83);
INSERT INTO `orders` VALUES (84, '20021209115826', '2002:342:2002-12-09', '0', NULL, NULL, '9.95', 84);
INSERT INTO `orders` VALUES (85, '20021209125840', '2002:342:2002-12-09', '0', NULL, NULL, '24.95', 85);
INSERT INTO `orders` VALUES (86, '20021209154749', '2002:342:2002-12-09', '0', NULL, NULL, '14.95', 86);
INSERT INTO `orders` VALUES (87, '20021209155729', '2002:342:2002-12-09', '0', NULL, NULL, '14.95', 87);
INSERT INTO `orders` VALUES (88, '20021209161100', '2002:342:2002-12-09', '0', NULL, NULL, '9.95', 88);
INSERT INTO `orders` VALUES (89, '20021209162756', '2002:342:2002-12-09', '0', NULL, NULL, '49.95', 89);
INSERT INTO `orders` VALUES (90, '20021209171316', '2002:342:2002-12-09', '0', NULL, NULL, '16.45', 90);
INSERT INTO `orders` VALUES (141, '20021214122519', '2002:347:2002-12-14', '2nd_day', NULL, NULL, '126.90', 136);
INSERT INTO `orders` VALUES (142, '20021214124119', '2002:347:2002-12-14', 'overnight', NULL, NULL, '228.00', 137);
INSERT INTO `orders` VALUES (143, '20021214124237', '2002:347:2002-12-14', 'overnight', NULL, NULL, '244.00', 138);
INSERT INTO `orders` VALUES (144, '20021214124237', '2002:347:2002-12-14', 'overnight', NULL, NULL, '244.00', 139);
INSERT INTO `orders` VALUES (145, '20021214124237', '2002:347:2002-12-14', '2nd_day', NULL, NULL, '99.90', 140);
INSERT INTO `orders` VALUES (229, '20030106123225', '2003:5:2003-01-06', 'ground', NULL, NULL, '13.45', 224);
INSERT INTO `orders` VALUES (147, '20021214135639', '2002:347:2002-12-14', 'ground', NULL, NULL, '28.95', 142);
INSERT INTO `orders` VALUES (228, '20030106123027', '2003:5:2003-01-06', 'ground', NULL, NULL, '39.95', 223);
INSERT INTO `orders` VALUES (227, '20030106114900', '2003:5:2003-01-06', 'ground', NULL, NULL, '18.45', 222);
INSERT INTO `orders` VALUES (226, '20030106103539', '2003:5:2003-01-06', 'ground', NULL, NULL, '16.95', 221);
INSERT INTO `orders` VALUES (225, '20030106101946', '2003:5:2003-01-06', 'ground', NULL, NULL, '26.95', 220);
INSERT INTO `orders` VALUES (224, '20030106075756', '2003:5:2003-01-06', 'ground', NULL, NULL, '16.95', 219);
INSERT INTO `orders` VALUES (223, '20030106072028', '2003:5:2003-01-06', 'ground', NULL, NULL, '41.95', 218);
INSERT INTO `orders` VALUES (222, '20030105171612', '2003:4:2003-01-05', 'ground', NULL, NULL, '18.45', 217);
INSERT INTO `orders` VALUES (155, '20021214195311', '2002:347:2002-12-14', 'ground', NULL, NULL, '22.45', 150);
INSERT INTO `orders` VALUES (156, '20021215054400', '2002:348:2002-12-15', 'ground', NULL, NULL, '27.45', 151);
INSERT INTO `orders` VALUES (157, '20021215102233', '2002:348:2002-12-15', 'ground', NULL, NULL, '28.45', 152);
INSERT INTO `orders` VALUES (158, '20021215111732', '2002:348:2002-12-15', 'ground', NULL, NULL, '45.45', 153);
INSERT INTO `orders` VALUES (159, '20021214175335', '2002:347:2002-12-14', 'ground', NULL, NULL, '53.95', 154);
INSERT INTO `orders` VALUES (160, '20021215131952', '2002:348:2002-12-15', '3rd_day', NULL, NULL, '39.90', 155);
INSERT INTO `orders` VALUES (161, '20021215131952', '2002:348:2002-12-15', '3rd_day', NULL, NULL, '39.90', 156);
INSERT INTO `orders` VALUES (162, '20021215131952', '2002:348:2002-12-15', '3rd_day', NULL, NULL, '57.90', 157);
INSERT INTO `orders` VALUES (163, '20021215190042', '2002:348:2002-12-15', 'ground', NULL, NULL, '28.95', 158);
INSERT INTO `orders` VALUES (221, '20030105164026', '2003:4:2003-01-05', 'ground', NULL, NULL, '13.45', 216);
INSERT INTO `orders` VALUES (165, '20021216001630', '2002:349:2002-12-16', 'ground', NULL, NULL, '27.45', 160);
INSERT INTO `orders` VALUES (166, '20021216080322', '2002:349:2002-12-16', 'ground', NULL, NULL, '40.95', 161);
INSERT INTO `orders` VALUES (167, '20021216152749', '2002:349:2002-12-16', 'ground', NULL, NULL, '33.95', 162);
INSERT INTO `orders` VALUES (168, '20021216161145', '2002:349:2002-12-16', 'ground', NULL, NULL, '58.95', 163);
INSERT INTO `orders` VALUES (169, '20021209184915', '2002:349:2002-12-16', 'ground', NULL, NULL, '21.95', 164);
INSERT INTO `orders` VALUES (170, '20021217054824', '2002:350:2002-12-17', '3rd_day', NULL, NULL, '45.40', 165);
INSERT INTO `orders` VALUES (171, '20021217083551', '2002:350:2002-12-17', '2nd_day', NULL, NULL, '51.40', 166);
INSERT INTO `orders` VALUES (172, '20021217092603', '2002:350:2002-12-17', 'ground', NULL, NULL, '26.95', 167);
INSERT INTO `orders` VALUES (173, '20021217093905', '2002:350:2002-12-17', 'ground', NULL, NULL, '29.95', 168);
INSERT INTO `orders` VALUES (174, '20021217103733', '2002:350:2002-12-17', 'ground', NULL, NULL, '16.95', 169);
INSERT INTO `orders` VALUES (175, '20021217104854', '2002:350:2002-12-17', 'ground', NULL, NULL, '31.95', 170);
INSERT INTO `orders` VALUES (176, '20021217152201', '2002:350:2002-12-17', 'ground', NULL, NULL, '31.95', 171);
INSERT INTO `orders` VALUES (177, '20021217200543', '2002:350:2002-12-17', '3rd_day', NULL, NULL, '29.40', 172);
INSERT INTO `orders` VALUES (178, '20021217202212', '2002:350:2002-12-17', 'ground', NULL, NULL, '68.95', 173);
INSERT INTO `orders` VALUES (179, '20021217213829', '2002:350:2002-12-17', '3rd_day', NULL, NULL, '77.90', 174);
INSERT INTO `orders` VALUES (180, '20021218032814', '2002:351:2002-12-18', 'ground', NULL, NULL, '21.95', 175);
INSERT INTO `orders` VALUES (181, '20021218071341', '2002:351:2002-12-18', 'ground', NULL, NULL, '26.45', 176);
INSERT INTO `orders` VALUES (182, '20021218085241', '2002:351:2002-12-18', 'ground', NULL, NULL, '51.45', 177);
INSERT INTO `orders` VALUES (183, '20021218154445', '2002:351:2002-12-18', 'ground', NULL, NULL, '63.95', 178);
INSERT INTO `orders` VALUES (184, '20021218180920', '2002:351:2002-12-18', 'ground', NULL, NULL, '21.95', 179);
INSERT INTO `orders` VALUES (220, '20030105162833', '2003:4:2003-01-05', 'ground', NULL, NULL, '16.95', 215);
INSERT INTO `orders` VALUES (219, '20030105082633', '2003:4:2003-01-05', 'ground', NULL, NULL, '45.95', 214);
INSERT INTO `orders` VALUES (218, '20030104220017', '2003:3:2003-01-04', 'ground', NULL, NULL, '39.95', 213);
INSERT INTO `orders` VALUES (217, '20030104195130', '2003:3:2003-01-04', 'ground', NULL, NULL, '13.45', 212);
INSERT INTO `orders` VALUES (189, '20021219114805', '2002:352:2002-12-19', '3rd_day', NULL, NULL, '22.90', 184);
INSERT INTO `orders` VALUES (190, '20021220113200', '2002:353:2002-12-20', 'ground', NULL, NULL, '18.45', 185);
INSERT INTO `orders` VALUES (191, '20021220202624', '2002:353:2002-12-20', 'ground', NULL, NULL, '23.45', 186);
INSERT INTO `orders` VALUES (192, '20021220212112', '2002:353:2002-12-20', 'ground', NULL, NULL, '19.95', 187);
INSERT INTO `orders` VALUES (193, '20021221004443', '2002:354:2002-12-21', 'ground', NULL, NULL, '42.95', 188);
INSERT INTO `orders` VALUES (194, '20021221084230', '2002:354:2002-12-21', 'ground', NULL, NULL, '18.45', 189);
INSERT INTO `orders` VALUES (195, '20021222110959', '2002:355:2002-12-22', 'ground', NULL, NULL, '38.95', 190);
INSERT INTO `orders` VALUES (196, '20021222235007', '2002:355:2002-12-22', 'ground', NULL, NULL, '19.95', 191);
INSERT INTO `orders` VALUES (197, '20021223121154', '2002:356:2002-12-23', 'ground', NULL, NULL, '18.45', 192);
INSERT INTO `orders` VALUES (198, '20021223132722', '2002:356:2002-12-23', 'ground', NULL, NULL, '18.45', 193);
INSERT INTO `orders` VALUES (199, '20021224073143', '2002:357:2002-12-24', 'ground', NULL, NULL, '80.95', 194);
INSERT INTO `orders` VALUES (200, '20021226100703', '2002:359:2002-12-26', 'ground', NULL, NULL, '16.95', 195);
INSERT INTO `orders` VALUES (201, '20021226111508', '2002:359:2002-12-26', '3rd_day', NULL, NULL, '92.90', 196);
INSERT INTO `orders` VALUES (202, '20021226170255', '2002:359:2002-12-26', 'ground', NULL, NULL, '18.45', 197);
INSERT INTO `orders` VALUES (203, '20021229132811', '2002:362:2002-12-29', 'ground', NULL, NULL, '11.95', 198);
INSERT INTO `orders` VALUES (204, '20021229173029', '2002:362:2002-12-29', 'ground', NULL, NULL, '52.45', 199);
INSERT INTO `orders` VALUES (205, '20021229185314', '2002:362:2002-12-29', 'ground', NULL, NULL, '35.95', 200);
INSERT INTO `orders` VALUES (206, '20021230100638', '2002:363:2002-12-30', 'ground', NULL, NULL, '36.95', 201);
INSERT INTO `orders` VALUES (207, '20021230222508', '2002:363:2002-12-30', 'ground', NULL, NULL, '31.95', 202);
INSERT INTO `orders` VALUES (208, '20021231073945', '2002:364:2002-12-31', 'ground', NULL, NULL, '13.45', 203);
INSERT INTO `orders` VALUES (209, '20021231075735', '2002:364:2002-12-31', 'ground', NULL, NULL, '19.95', 204);
INSERT INTO `orders` VALUES (210, '20021231075735', '2002:364:2002-12-31', 'ground', NULL, NULL, '19.95', 205);
INSERT INTO `orders` VALUES (211, '20021231121724', '2002:364:2002-12-31', 'ground', NULL, NULL, '18.45', 206);
INSERT INTO `orders` VALUES (216, '20030103111720', '2003:2:2003-01-03', 'ground', NULL, NULL, '16.95', 211);
INSERT INTO `orders` VALUES (215, '20030103094822', '2003:2:2003-01-03', 'overnight', NULL, NULL, '33.45', 210);
INSERT INTO `orders` VALUES (214, '20030102185242', '2003:1:2003-01-02', '3rd_day', NULL, NULL, '76.40', 209);
INSERT INTO `orders` VALUES (230, '20030106190040', '2003:5:2003-01-06', 'ground', NULL, NULL, '19.95', 225);
INSERT INTO `orders` VALUES (231, '20030107160723', '2003:6:2003-01-07', 'ground', NULL, NULL, '21.95', 226);
INSERT INTO `orders` VALUES (232, '20030107162538', '2003:6:2003-01-07', 'ground', NULL, NULL, '18.45', 227);
INSERT INTO `orders` VALUES (233, '20030107200519', '2003:6:2003-01-07', 'ground', NULL, NULL, '34.95', 228);
INSERT INTO `orders` VALUES (234, '20030108111240', '2003:7:2003-01-08', 'ground', NULL, NULL, '21.95', 229);
INSERT INTO `orders` VALUES (235, '20030108130602', '2003:7:2003-01-08', 'ground', NULL, NULL, '23.45', 230);
INSERT INTO `orders` VALUES (236, '20030109070442', '2003:8:2003-01-09', 'ground', NULL, NULL, '32.95', 231);
INSERT INTO `orders` VALUES (237, '20030109102447', '2003:8:2003-01-09', 'ground', NULL, NULL, '18.45', 232);
INSERT INTO `orders` VALUES (238, '20030109104843', '2003:8:2003-01-09', 'ground', NULL, NULL, '24.95', 233);
INSERT INTO `orders` VALUES (239, '20030110112427', '2003:9:2003-01-10', 'ground', NULL, NULL, '18.45', 234);
INSERT INTO `orders` VALUES (240, '20030111184247', '2003:10:2003-01-11', 'ground', NULL, NULL, '58.95', 235);
INSERT INTO `orders` VALUES (241, '20030115123928', '2003:14:2003-01-15', '3rd_day', NULL, NULL, '47.45', 236);
INSERT INTO `orders` VALUES (242, '20030117172640', '2003:16:2003-01-17', 'ground', NULL, NULL, '19.50', 237);
INSERT INTO `orders` VALUES (243, '20030119151813', '2003:18:2003-01-19', 'ground', NULL, NULL, '27.50', 238);
INSERT INTO `orders` VALUES (244, '20030119190727', '2003:18:2003-01-19', 'ground', NULL, NULL, '21.00', 239);
INSERT INTO `orders` VALUES (245, '20030120161824', '2003:19:2003-01-20', 'ground', NULL, NULL, '21.00', 240);
INSERT INTO `orders` VALUES (246, '20030122122810', '2003:21:2003-01-22', 'ground', NULL, NULL, '37.00', 241);
INSERT INTO `orders` VALUES (247, '20030124020823', '2003:23:2003-01-24', 'ground', NULL, NULL, '48.00', 242);
INSERT INTO `orders` VALUES (248, '20030124063054', '2003:23:2003-01-24', 'ground', NULL, NULL, '48.00', 243);
INSERT INTO `orders` VALUES (249, '20030125104149', '2003:24:2003-01-25', 'ground', NULL, NULL, '47.00', 244);
INSERT INTO `orders` VALUES (250, '20030126083129', '2003:25:2003-01-26', 'ground', NULL, NULL, '65.45', 245);
INSERT INTO `orders` VALUES (251, '20030126235026', '2003:25:2003-01-26', 'ground', NULL, NULL, '14.50', 246);
INSERT INTO `orders` VALUES (252, '20030131100128', '2003:30:2003-01-31', 'ground', NULL, NULL, '38.00', 247);
INSERT INTO `orders` VALUES (253, '20030131194955', '2003:30:2003-01-31', 'ground', NULL, NULL, '58.95', 248);
INSERT INTO `orders` VALUES (254, '20030203221104', '2003:33:2003-02-03', '3rd_day', NULL, NULL, '36.95', 249);
INSERT INTO `orders` VALUES (255, '20030204191853', '2003:34:2003-02-04', 'ground', NULL, NULL, '24.50', 250);
INSERT INTO `orders` VALUES (256, '20030206195436', '2003:37:2003-02-07', 'ground', NULL, NULL, '23.00', 251);
INSERT INTO `orders` VALUES (257, '20030207205114', '2003:37:2003-02-07', 'ground', NULL, NULL, '33.00', 252);
INSERT INTO `orders` VALUES (258, '20030207225024', '2003:37:2003-02-07', 'overnight', NULL, NULL, '34.50', 253);
INSERT INTO `orders` VALUES (259, '20030207225024', '2003:37:2003-02-07', 'overnight', NULL, NULL, '34.50', 254);
INSERT INTO `orders` VALUES (260, '20030208035811', '2003:38:2003-02-08', 'ground', NULL, NULL, '24.50', 255);
INSERT INTO `orders` VALUES (261, '20030210114131', '2003:40:2003-02-10', 'overnight', NULL, NULL, '281.00', 256);
INSERT INTO `orders` VALUES (262, '20030211125027', '2003:41:2003-02-11', '3rd_day', NULL, NULL, '19.95', 257);
INSERT INTO `orders` VALUES (263, '20030211135624', '2003:41:2003-02-11', 'ground', NULL, NULL, '154.95', 258);
INSERT INTO `orders` VALUES (264, '20030212143206', '2003:42:2003-02-12', 'ground', NULL, NULL, '14.00', 259);
INSERT INTO `orders` VALUES (265, '20030213133009', '2003:43:2003-02-13', 'ground', NULL, NULL, '43.00', 260);
INSERT INTO `orders` VALUES (266, '20030213232602', '2003:43:2003-02-13', 'ground', NULL, NULL, '131.95', 261);
INSERT INTO `orders` VALUES (267, '20030213232602', '2003:43:2003-02-13', 'ground', NULL, NULL, '131.95', 262);
INSERT INTO `orders` VALUES (268, '20030213233141', '2003:43:2003-02-13', 'ground', NULL, NULL, '15.00', 263);
INSERT INTO `orders` VALUES (269, '20030213233141', '2003:43:2003-02-13', 'ground', NULL, NULL, '15.00', 264);
INSERT INTO `orders` VALUES (270, '20030213233141', '2003:43:2003-02-13', 'ground', NULL, NULL, '15.00', 265);
INSERT INTO `orders` VALUES (271, '20030217031533', '2003:47:2003-02-17', 'ground', NULL, NULL, '15.00', 266);
INSERT INTO `orders` VALUES (272, '20030217032146', '2003:47:2003-02-17', 'ground', NULL, NULL, '15.00', 267);
INSERT INTO `orders` VALUES (273, '20030217151505', '2003:47:2003-02-17', 'ground', NULL, NULL, '36.00', 268);
INSERT INTO `orders` VALUES (274, '20030218211716', '2003:48:2003-02-18', 'ground', NULL, NULL, '22.00', 269);
INSERT INTO `orders` VALUES (275, '20030219220342', '2003:49:2003-02-19', 'ground', NULL, NULL, '60.95', 270);
INSERT INTO `orders` VALUES (276, '20030222230929', '2003:52:2003-02-22', 'ground', NULL, NULL, '50.00', 271);
INSERT INTO `orders` VALUES (277, '20030224085628', '2003:54:2003-02-24', 'ground', NULL, NULL, '35.00', 272);
INSERT INTO `orders` VALUES (278, '20030225103031', '2003:55:2003-02-25', 'ground', NULL, NULL, '14.00', 273);
INSERT INTO `orders` VALUES (279, '20030226171358', '2003:56:2003-02-26', 'ground', NULL, NULL, '22.00', 274);
INSERT INTO `orders` VALUES (280, '2003030509431465.165.177.12', '2003:63:2003-03-05', 'ground', NULL, NULL, '80.95', 275);
INSERT INTO `orders` VALUES (281, '20030228141827', '2003:65:2003-03-07', 'ground', NULL, NULL, '30.00', 276);
INSERT INTO `orders` VALUES (282, '20030309024913', '2003:67:2003-03-09', '2nd_day', NULL, NULL, '175.90', 277);
INSERT INTO `orders` VALUES (283, '20030309054134', '2003:67:2003-03-09', 'ground', NULL, NULL, '20.00', 278);
INSERT INTO `orders` VALUES (284, '20030311125856', '2003:69:2003-03-11', 'ground', NULL, NULL, '32.00', 279);
INSERT INTO `orders` VALUES (285, '20030312133906', '2003:70:2003-03-12', 'ground', NULL, NULL, '14.00', 280);
INSERT INTO `orders` VALUES (286, '20030313003616', '2003:71:2003-03-13', 'ground', NULL, NULL, '34.00', 281);
INSERT INTO `orders` VALUES (287, '20030314151344', '2003:72:2003-03-14', 'ground', NULL, NULL, '58.95', 282);
INSERT INTO `orders` VALUES (288, '20030318120828', '2003:76:2003-03-18', 'ground', NULL, NULL, '40.00', 283);
INSERT INTO `orders` VALUES (289, '20030318200948', '2003:76:2003-03-18', 'ground', NULL, NULL, '21.00', 284);
INSERT INTO `orders` VALUES (290, '20030319202134127.0.0.1', '2003:77:2003-03-19', 'ground', NULL, NULL, '15.00', 285);
INSERT INTO `orders` VALUES (291, '20030320215830', '2003:78:2003-03-20', 'ground', NULL, NULL, '15.00', 286);
INSERT INTO `orders` VALUES (292, '20030322233636', '2003:80:2003-03-22', '2nd_day', NULL, NULL, '111.90', 287);
INSERT INTO `orders` VALUES (293, '20030324200910', '2003:82:2003-03-24', 'ground', NULL, NULL, '15.00', 288);
INSERT INTO `orders` VALUES (294, '20030327144807', '2003:85:2003-03-27', 'ground', NULL, NULL, '37.00', 289);
INSERT INTO `orders` VALUES (295, '20030327193256', '2003:85:2003-03-27', 'ground', NULL, NULL, '29.00', 290);
INSERT INTO `orders` VALUES (296, '20030327213806', '2003:85:2003-03-27', 'ground', NULL, NULL, '21.00', 291);
INSERT INTO `orders` VALUES (297, '20030330230129', '2003:88:2003-03-30', 'ground', NULL, NULL, '36.00', 292);
INSERT INTO `orders` VALUES (298, '20030331225849', '2003:89:2003-03-31', 'ground', NULL, NULL, '71.95', 293);
INSERT INTO `orders` VALUES (299, '20030411122924', '2003:100:2003-04-11', 'ground', NULL, NULL, '15.00', 294);
INSERT INTO `orders` VALUES (300, '20030415204433', '2003:104:2003-04-15', 'ground', NULL, NULL, '24.00', 295);
INSERT INTO `orders` VALUES (301, '20030415224034', '2003:104:2003-04-15', 'ground', 'TRUE', 'What would you like your gift label to say? (75 character max)', '21.00', 296);
INSERT INTO `orders` VALUES (302, '20030415224120', '2003:104:2003-04-15', 'ground', 'FALSE', 'DO NOT GIFTWRAP', '15.00', 297);
INSERT INTO `orders` VALUES (303, '20030415233132', '2003:104:2003-04-15', 'ground', 'TRUE', 'Marnie, the gift card option is there now.', '18.00', 298);
INSERT INTO `orders` VALUES (304, '20030415233132', '2003:104:2003-04-15', 'ground', 'TRUE', 'Marnie, the gift card option is there now.', '18.00', 299);
INSERT INTO `orders` VALUES (305, '20030416131955', '2003:105:2003-04-16', 'ground', 'FALSE', 'DO NOT GIFTWRAP', '15.00', 300);
INSERT INTO `orders` VALUES (306, '20030416131955', '2003:105:2003-04-16', 'ground', 'TRUE', '', '18.00', 301);
INSERT INTO `orders` VALUES (307, '20030416224733', '2003:105:2003-04-16', 'ground', 'TRUE', 'hello', '25.00', 302);
INSERT INTO `orders` VALUES (308, '20030416224733', '2003:105:2003-04-16', 'ground', 'TRUE', 'hello', '25.00', 303);
INSERT INTO `orders` VALUES (309, '20030416224733', '2003:105:2003-04-16', 'ground', 'TRUE', 'hello', '25.00', 304);
INSERT INTO `orders` VALUES (310, '20030416224733', '2003:105:2003-04-16', 'ground', 'TRUE', 'hello', '25.00', 305);
INSERT INTO `orders` VALUES (311, '20030416224733', '2003:105:2003-04-16', 'ground', 'TRUE', 'hello', '25.00', 306);
INSERT INTO `orders` VALUES (312, '20030416224733', '2003:105:2003-04-16', 'ground', 'TRUE', 'what my label will say', '27.00', 307);
INSERT INTO `orders` VALUES (313, '20030502120756', '2003:121:2003-05-02', 'ground', 'FALSE', 'DO NOT GIFTWRAP', '58.95', 308);
INSERT INTO `orders` VALUES (314, '20030502195205', '2003:121:2003-05-02', 'ground', 'FALSE', 'DO NOT GIFTWRAP', '123.95', 309);
INSERT INTO `orders` VALUES (315, '20030512090619', '2003:131:2003-05-12', 'ground', 'FALSE', 'DO NOT GIFTWRAP', '47.00', 310);
INSERT INTO `orders` VALUES (316, '20030514130634', '2003:133:2003-05-14', 'ground', 'TRUE', 'Dearest Monkey, \r\n\r\nEnjoy the treats!\r\n\r\nLove,\r\nJosh', '17.00', 311);
INSERT INTO `orders` VALUES (317, '20030515114214', '2003:134:2003-05-15', 'ground', 'FALSE', 'DO NOT GIFTWRAP', '59.95', 312);
INSERT INTO `orders` VALUES (318, '20030518235936', '2003:138:2003-05-19', 'ground', 'FALSE', 'DO NOT GIFTWRAP', '36.00', 313);
INSERT INTO `orders` VALUES (319, '20030526122150', '2003:145:2003-05-26', 'ground', 'FALSE', 'DO NOT GIFTWRAP', '44.00', 314);
INSERT INTO `orders` VALUES (320, '20030612152921', '2003:162:2003-06-12', 'ground', 'FALSE', 'DO NOT GIFTWRAP', '24.00', 315);
INSERT INTO `orders` VALUES (321, '20030615105735', '2003:165:2003-06-15', 'ground', 'FALSE', 'DO NOT GIFTWRAP', '60.95', 316);
INSERT INTO `orders` VALUES (322, '20030616235404', '2003:166:2003-06-16', 'ground', 'FALSE', 'DO NOT GIFTWRAP', '36.00', 317);
INSERT INTO `orders` VALUES (323, '20030619201925', '2003:169:2003-06-19', 'ground', 'FALSE', 'DO NOT GIFTWRAP', '36.00', 318);
INSERT INTO `orders` VALUES (324, '20030621013033', '2003:171:2003-06-21', 'ground', 'FALSE', 'DO NOT GIFTWRAP', '42.00', 319);
INSERT INTO `orders` VALUES (325, '20030622194742', '2003:172:2003-06-22', '3rd_day', 'TRUE', 'Lorraine -\r\nEnjoy this yummy little treat until we can get to the spa.  Happy Birthday,\r\nLove - Ellie', '67.90', 320);
INSERT INTO `orders` VALUES (326, '20030706223043', '2003:186:2003-07-06', '3rd_day', 'TRUE', 'Happy 22nd Birthday, Wendy! (wink,wink)  Long live our youth!\r\nLots of love,\r\nJanine', '67.90', 321);
INSERT INTO `orders` VALUES (327, '20030721173454', '2003:201:2003-07-21', 'ground', 'FALSE', 'DO NOT GIFTWRAP', '64.95', 322);
INSERT INTO `orders` VALUES (328, '20030721174414', '2003:201:2003-07-21', 'ground', 'FALSE', 'DO NOT GIFTWRAP', '36.00', 323);
INSERT INTO `orders` VALUES (329, '20030801115257', '2003:212:2003-08-01', 'ground', 'FALSE', 'DO NOT GIFTWRAP', '80.95', 324);
INSERT INTO `orders` VALUES (330, '20030806222149', '2003:217:2003-08-06', '3rd_day', 'TRUE', 'Amy,\r\nTreat yourself well in the weeks before your wedding. Congratulations! Sorry we can\'t be there with you.\r\nLove, The Favorite Cousins (Angela, Jenny & Regina)', '67.90', 325);
INSERT INTO `orders` VALUES (331, '20030807002636', '2003:218:2003-08-07', 'overnight', 'TRUE', 'Sorry you\'ve had a rough week.  Hope these "treats" can help you relax and pamper yourself a little.  :)  T', '54.00', 326);
INSERT INTO `orders` VALUES (332, '20031008170435', '2003:280:2003-10-08', 'ground', 'FALSE', 'DO NOT GIFTWRAP', '21.00', 327);
INSERT INTO `orders` VALUES (333, '20031008171447', '2003:280:2003-10-08', 'ground', 'TRUE', 'Marsha,\r\nNow that you are older (wink..wink), you should definitely treat yourself more!!  Here is a little something to get you started :-)  HBD!\r\n\r\nErica ', '24.00', 328);
INSERT INTO `orders` VALUES (334, '20031014152518', '2003:286:2003-10-14', 'ground', 'FALSE', 'DO NOT GIFTWRAP', '20.00', 329);
INSERT INTO `orders` VALUES (335, '20031107123351', '2003:310:2003-11-07', 'ground', 'FALSE', 'DO NOT GIFTWRAP', '35.00', 330);
INSERT INTO `orders` VALUES (336, '20031107123351', '2003:310:2003-11-07', 'ground', 'FALSE', 'DO NOT GIFTWRAP', '35.00', 331);
INSERT INTO `orders` VALUES (337, '20031107123351', '2003:310:2003-11-07', 'ground', 'FALSE', 'DO NOT GIFTWRAP', '35.00', 332);
INSERT INTO `orders` VALUES (338, '20031110161448', '2003:313:2003-11-10', 'ground', 'FALSE', 'DO NOT GIFTWRAP', '72.95', 333);
INSERT INTO `orders` VALUES (339, '20031124124159', '2003:327:2003-11-24', 'ground', 'FALSE', 'DO NOT GIFTWRAP', '92.95', 334);
INSERT INTO `orders` VALUES (340, '20031130154138', '2003:333:2003-11-30', 'ground', 'FALSE', 'DO NOT GIFTWRAP', '131.95', 335);
INSERT INTO `orders` VALUES (341, '20031201174110', '2003:334:2003-12-01', 'ground', 'FALSE', 'DO NOT GIFTWRAP', '92.95', 336);
INSERT INTO `orders` VALUES (342, '20031204134833', '2003:337:2003-12-04', 'ground', 'FALSE', 'DO NOT GIFTWRAP', '46.00', 337);
INSERT INTO `orders` VALUES (343, '20031214202032', '2003:347:2003-12-14', '3rd_day', 'FALSE', 'DO NOT GIFTWRAP', '61.95', 338);
INSERT INTO `orders` VALUES (344, '20031215145452', '2003:348:2003-12-15', 'ground', 'FALSE', 'DO NOT GIFTWRAP', '22.00', 339);
INSERT INTO `orders` VALUES (345, '20031216134019', '2003:349:2003-12-16', 'ground', 'FALSE', 'DO NOT GIFTWRAP', '64.95', 340);
INSERT INTO `orders` VALUES (346, '20031216211937', '2003:349:2003-12-16', 'ground', 'TRUE', 'This is a test of the emergency broadcast system. This is only a test.', '45.00', 341);
INSERT INTO `orders` VALUES (347, '20031218161829', '2003:351:2003-12-18', 'ground', 'FALSE', 'DO NOT GIFTWRAP', '30.00', 342);
INSERT INTO `orders` VALUES (348, '20031231073225', '2003:364:2003-12-31', 'ground', 'FALSE', 'DO NOT GIFTWRAP', '56.00', 343);
INSERT INTO `orders` VALUES (349, '20030423173834', '2003:364:2003-12-31', 'ground', 'FALSE', 'DO NOT GIFTWRAP', '36.00', 344);
INSERT INTO `orders` VALUES (350, '20040110105705', '2004:9:2004-01-10', 'ground', 'FALSE', 'DO NOT GIFTWRAP', '24.00', 345);

# --------------------------------------------------------

#
# Table structure for table `receipts`
#
# Creation: Jan 28, 2003 at 07:32 PM
# Last update: Jan 10, 2004 at 11:06 AM
# Last check: Apr 10, 2003 at 04:54 PM
#

DROP TABLE IF EXISTS `receipts`;
CREATE TABLE `receipts` (
  `BuyerID` bigint(20) NOT NULL default '0',
  `UserID` varchar(100) NOT NULL default '',
  `OrderNumber` bigint(20) NOT NULL default '0',
  `Date` varchar(100) NOT NULL default '',
  `ItemID` bigint(20) NOT NULL default '0',
  `ItemQuantity` int(11) NOT NULL default '0'
) TYPE=MyISAM;

#
# Dumping data for table `receipts`
#

INSERT INTO `receipts` VALUES (163, '20021215190042', 158, '2002:348:2002-12-15', 2, 1);
INSERT INTO `receipts` VALUES (163, '20021215190042', 158, '2002:348:2002-12-15', 5, 2);
INSERT INTO `receipts` VALUES (163, '20021215190042', 158, '2002:348:2002-12-15', 4, 1);
INSERT INTO `receipts` VALUES (162, '20021215131952', 157, '2002:348:2002-12-15', 2, 4);
INSERT INTO `receipts` VALUES (162, '20021215131952', 157, '2002:348:2002-12-15', 5, 4);
INSERT INTO `receipts` VALUES (160, '20021215131952', 155, '2002:348:2002-12-15', 4, 2);
INSERT INTO `receipts` VALUES (160, '20021215131952', 155, '2002:348:2002-12-15', 5, 3);
INSERT INTO `receipts` VALUES (159, '20021214175335', 154, '2002:347:2002-12-14', 13, 1);
INSERT INTO `receipts` VALUES (159, '20021214175335', 154, '2002:347:2002-12-14', 10, 1);
INSERT INTO `receipts` VALUES (159, '20021214175335', 154, '2002:347:2002-12-14', 5, 2);
INSERT INTO `receipts` VALUES (158, '20021215111732', 153, '2002:348:2002-12-15', 5, 4);
INSERT INTO `receipts` VALUES (158, '20021215111732', 153, '2002:348:2002-12-15', 4, 3);
INSERT INTO `receipts` VALUES (157, '20021215102233', 152, '2002:348:2002-12-15', 4, 1);
INSERT INTO `receipts` VALUES (157, '20021215102233', 152, '2002:348:2002-12-15', 6, 1);
INSERT INTO `receipts` VALUES (156, '20021215054400', 151, '2002:348:2002-12-15', 2, 1);
INSERT INTO `receipts` VALUES (156, '20021215054400', 151, '2002:348:2002-12-15', 5, 3);
INSERT INTO `receipts` VALUES (155, '20021214195311', 150, '2002:347:2002-12-14', 5, 2);
INSERT INTO `receipts` VALUES (155, '20021214195311', 150, '2002:347:2002-12-14', 4, 1);
INSERT INTO `receipts` VALUES (224, '20030106075756', 219, '2003:5:2003-01-06', 5, 2);
INSERT INTO `receipts` VALUES (223, '20030106072028', 218, '2003:5:2003-01-06', 5, 7);
INSERT INTO `receipts` VALUES (222, '20030105171612', 217, '2003:4:2003-01-05', 2, 1);
INSERT INTO `receipts` VALUES (222, '20030105171612', 217, '2003:4:2003-01-05', 5, 1);
INSERT INTO `receipts` VALUES (221, '20030105164026', 216, '2003:4:2003-01-05', 4, 1);
INSERT INTO `receipts` VALUES (147, '20021214135639', 142, '2002:347:2002-12-14', 5, 2);
INSERT INTO `receipts` VALUES (147, '20021214135639', 142, '2002:347:2002-12-14', 4, 2);
INSERT INTO `receipts` VALUES (220, '20030105162833', 215, '2003:4:2003-01-05', 5, 2);
INSERT INTO `receipts` VALUES (145, '20021214124237', 140, '2002:347:2002-12-14', 6, 5);
INSERT INTO `receipts` VALUES (143, '20021214124237', 138, '2002:347:2002-12-14', 6, 14);
INSERT INTO `receipts` VALUES (142, '20021214124119', 137, '2002:347:2002-12-14', 6, 13);
INSERT INTO `receipts` VALUES (141, '20021214122519', 136, '2002:347:2002-12-14', 2, 16);
INSERT INTO `receipts` VALUES (134, '20021213175020', 134, '2002:346:2002-12-13', 5, 1);
INSERT INTO `receipts` VALUES (134, '20021213175020', 134, '2002:346:2002-12-13', 4, 1);
INSERT INTO `receipts` VALUES (133, '20021213171931', 133, '2002:346:2002-12-13', 5, 1);
INSERT INTO `receipts` VALUES (133, '20021213171931', 133, '2002:346:2002-12-13', 4, 2);
INSERT INTO `receipts` VALUES (133, '20021213171931', 133, '2002:346:2002-12-13', 13, 1);
INSERT INTO `receipts` VALUES (132, '20021213164025', 132, '2002:346:2002-12-13', 4, 1);
INSERT INTO `receipts` VALUES (131, '20021213163909', 131, '2002:346:2002-12-13', 4, 1);
INSERT INTO `receipts` VALUES (131, '20021213163909', 131, '2002:346:2002-12-13', 13, 1);
INSERT INTO `receipts` VALUES (130, '20021213124103', 130, '2002:346:2002-12-13', 5, 2);
INSERT INTO `receipts` VALUES (130, '20021213124103', 130, '2002:346:2002-12-13', 4, 2);
INSERT INTO `receipts` VALUES (129, '20021213121620', 129, '2002:346:2002-12-13', 5, 4);
INSERT INTO `receipts` VALUES (128, '20021213091712', 128, '2002:346:2002-12-13', 5, 2);
INSERT INTO `receipts` VALUES (127, '20021213081056', 127, '2002:346:2002-12-13', 5, 2);
INSERT INTO `receipts` VALUES (126, '20021212224638', 126, '2002:345:2002-12-12', 5, 1);
INSERT INTO `receipts` VALUES (125, '20021212181428', 125, '2002:345:2002-12-12', 4, 3);
INSERT INTO `receipts` VALUES (124, '20021212165926', 124, '2002:345:2002-12-12', 5, 1);
INSERT INTO `receipts` VALUES (124, '20021212165926', 124, '2002:345:2002-12-12', 4, 1);
INSERT INTO `receipts` VALUES (124, '20021212165926', 124, '2002:345:2002-12-12', 8, 1);
INSERT INTO `receipts` VALUES (123, '20021212153028', 123, '2002:345:2002-12-12', 5, 2);
INSERT INTO `receipts` VALUES (122, '20021212142217', 122, '2002:345:2002-12-12', 2, 2);
INSERT INTO `receipts` VALUES (121, '20021212135958', 121, '2002:345:2002-12-12', 4, 2);
INSERT INTO `receipts` VALUES (120, '20021212140940', 120, '2002:345:2002-12-12', 5, 2);
INSERT INTO `receipts` VALUES (120, '20021212140940', 120, '2002:345:2002-12-12', 12, 1);
INSERT INTO `receipts` VALUES (119, '20021212114607', 119, '2002:345:2002-12-12', 5, 4);
INSERT INTO `receipts` VALUES (118, '20021212110049', 118, '2002:345:2002-12-12', 11, 1);
INSERT INTO `receipts` VALUES (118, '20021212110049', 118, '2002:345:2002-12-12', 5, 2);
INSERT INTO `receipts` VALUES (118, '20021212110049', 118, '2002:345:2002-12-12', 6, 1);
INSERT INTO `receipts` VALUES (117, '20021212104028', 117, '2002:345:2002-12-12', 5, 4);
INSERT INTO `receipts` VALUES (116, '20021212101045', 116, '2002:345:2002-12-12', 5, 4);
INSERT INTO `receipts` VALUES (115, '20021212095238', 115, '2002:345:2002-12-12', 5, 3);
INSERT INTO `receipts` VALUES (114, '20021212083234', 114, '2002:345:2002-12-12', 5, 5);
INSERT INTO `receipts` VALUES (113, '20021212055809', 113, '2002:345:2002-12-12', 5, 4);
INSERT INTO `receipts` VALUES (112, '20021211214822', 112, '2002:344:2002-12-11', 5, 4);
INSERT INTO `receipts` VALUES (111, '20021211185943', 111, '2002:344:2002-12-11', 13, 1);
INSERT INTO `receipts` VALUES (111, '20021211185943', 111, '2002:344:2002-12-11', 5, 1);
INSERT INTO `receipts` VALUES (110, '20021211183924', 110, '2002:344:2002-12-11', 5, 1);
INSERT INTO `receipts` VALUES (109, '20021211180145', 109, '2002:344:2002-12-11', 5, 2);
INSERT INTO `receipts` VALUES (108, '20021211145224', 108, '2002:344:2002-12-11', 16, 1);
INSERT INTO `receipts` VALUES (107, '20021211153808', 107, '2002:344:2002-12-11', 4, 4);
INSERT INTO `receipts` VALUES (106, '20021211150457', 106, '2002:344:2002-12-11', 4, 2);
INSERT INTO `receipts` VALUES (106, '20021211150457', 106, '2002:344:2002-12-11', 5, 2);
INSERT INTO `receipts` VALUES (105, '20021211144422', 105, '2002:344:2002-12-11', 12, 1);
INSERT INTO `receipts` VALUES (105, '20021211144422', 105, '2002:344:2002-12-11', 5, 10);
INSERT INTO `receipts` VALUES (105, '20021211144422', 105, '2002:344:2002-12-11', 4, 10);
INSERT INTO `receipts` VALUES (104, '20021211102441', 104, '2002:344:2002-12-11', 5, 3);
INSERT INTO `receipts` VALUES (104, '20021211102441', 104, '2002:344:2002-12-11', 2, 3);
INSERT INTO `receipts` VALUES (103, '20021211090908', 103, '2002:344:2002-12-11', 4, 3);
INSERT INTO `receipts` VALUES (102, '20021211075419', 102, '2002:344:2002-12-11', 2, 2);
INSERT INTO `receipts` VALUES (101, '20021210212730', 101, '2002:343:2002-12-10', 5, 1);
INSERT INTO `receipts` VALUES (101, '20021210212730', 101, '2002:343:2002-12-10', 4, 1);
INSERT INTO `receipts` VALUES (100, '20021210210632', 100, '2002:343:2002-12-10', 5, 1);
INSERT INTO `receipts` VALUES (100, '20021210210632', 100, '2002:343:2002-12-10', 4, 1);
INSERT INTO `receipts` VALUES (99, '20021210201328', 99, '2002:343:2002-12-10', 5, 3);
INSERT INTO `receipts` VALUES (98, '20021210181926', 98, '2002:343:2002-12-10', 13, 2);
INSERT INTO `receipts` VALUES (98, '20021210181926', 98, '2002:343:2002-12-10', 2, 3);
INSERT INTO `receipts` VALUES (98, '20021210181926', 98, '2002:343:2002-12-10', 5, 3);
INSERT INTO `receipts` VALUES (97, '20021210170713', 97, '2002:343:2002-12-10', 5, 1);
INSERT INTO `receipts` VALUES (96, '20021210170407', 96, '2002:343:2002-12-10', 4, 2);
INSERT INTO `receipts` VALUES (95, '20021210155922', 95, '2002:343:2002-12-10', 5, 3);
INSERT INTO `receipts` VALUES (94, '20021209205125', 94, '2002:342:2002-12-09', 5, 9);
INSERT INTO `receipts` VALUES (93, '20021209194941', 93, '2002:342:2002-12-09', 11, 1);
INSERT INTO `receipts` VALUES (93, '20021209194941', 93, '2002:342:2002-12-09', 3, 1);
INSERT INTO `receipts` VALUES (93, '20021209194941', 93, '2002:342:2002-12-09', 2, 1);
INSERT INTO `receipts` VALUES (92, '20021209183711', 92, '2002:342:2002-12-09', 4, 1);
INSERT INTO `receipts` VALUES (92, '20021209183711', 92, '2002:342:2002-12-09', 5, 3);
INSERT INTO `receipts` VALUES (91, '20021209175757', 91, '2002:342:2002-12-09', 4, 2);
INSERT INTO `receipts` VALUES (72, '20021207104649', 72, '2002:340:2002-12-07', 5, 1);
INSERT INTO `receipts` VALUES (73, '20021207153457', 73, '2002:340:2002-12-07', 5, 3);
INSERT INTO `receipts` VALUES (74, '20021207171809', 74, '2002:340:2002-12-07', 5, 1);
INSERT INTO `receipts` VALUES (75, '20021207215033', 75, '2002:340:2002-12-07', 3, 12);
INSERT INTO `receipts` VALUES (76, '20021208093032', 76, '2002:341:2002-12-08', 4, 1);
INSERT INTO `receipts` VALUES (77, '20021208102207', 77, '2002:341:2002-12-08', 4, 1);
INSERT INTO `receipts` VALUES (77, '20021208102207', 77, '2002:341:2002-12-08', 5, 1);
INSERT INTO `receipts` VALUES (77, '20021208102207', 77, '2002:341:2002-12-08', 8, 1);
INSERT INTO `receipts` VALUES (77, '20021208102207', 77, '2002:341:2002-12-08', 12, 1);
INSERT INTO `receipts` VALUES (77, '20021208102207', 77, '2002:341:2002-12-08', 20, 1);
INSERT INTO `receipts` VALUES (78, '20021208152811', 78, '2002:341:2002-12-08', 5, 2);
INSERT INTO `receipts` VALUES (79, '20021209084022', 79, '2002:342:2002-12-09', 5, 30);
INSERT INTO `receipts` VALUES (79, '20021209084022', 79, '2002:342:2002-12-09', 4, 4);
INSERT INTO `receipts` VALUES (80, '20021209091235', 80, '2002:342:2002-12-09', 5, 2);
INSERT INTO `receipts` VALUES (80, '20021209091235', 80, '2002:342:2002-12-09', 4, 1);
INSERT INTO `receipts` VALUES (81, '20021209095951', 81, '2002:342:2002-12-09', 5, 1);
INSERT INTO `receipts` VALUES (81, '20021209095951', 81, '2002:342:2002-12-09', 2, 1);
INSERT INTO `receipts` VALUES (82, '20021209111137', 82, '2002:342:2002-12-09', 5, 25);
INSERT INTO `receipts` VALUES (83, '20021209112058', 83, '2002:342:2002-12-09', 5, 4);
INSERT INTO `receipts` VALUES (84, '20021209115826', 84, '2002:342:2002-12-09', 5, 1);
INSERT INTO `receipts` VALUES (85, '20021209125840', 85, '2002:342:2002-12-09', 5, 4);
INSERT INTO `receipts` VALUES (86, '20021209154749', 86, '2002:342:2002-12-09', 5, 2);
INSERT INTO `receipts` VALUES (87, '20021209155729', 87, '2002:342:2002-12-09', 5, 2);
INSERT INTO `receipts` VALUES (88, '20021209161100', 88, '2002:342:2002-12-09', 5, 1);
INSERT INTO `receipts` VALUES (89, '20021209162756', 89, '2002:342:2002-12-09', 5, 9);
INSERT INTO `receipts` VALUES (90, '20021209171316', 90, '2002:342:2002-12-09', 4, 1);
INSERT INTO `receipts` VALUES (90, '20021209171316', 90, '2002:342:2002-12-09', 5, 1);
INSERT INTO `receipts` VALUES (219, '20030105082633', 214, '2003:4:2003-01-05', 6, 1);
INSERT INTO `receipts` VALUES (165, '20021216001630', 160, '2002:349:2002-12-16', 2, 1);
INSERT INTO `receipts` VALUES (165, '20021216001630', 160, '2002:349:2002-12-16', 5, 3);
INSERT INTO `receipts` VALUES (166, '20021216080322', 161, '2002:349:2002-12-16', 5, 7);
INSERT INTO `receipts` VALUES (167, '20021216152749', 162, '2002:349:2002-12-16', 4, 2);
INSERT INTO `receipts` VALUES (167, '20021216152749', 162, '2002:349:2002-12-16', 5, 3);
INSERT INTO `receipts` VALUES (168, '20021216161145', 163, '2002:349:2002-12-16', 5, 10);
INSERT INTO `receipts` VALUES (169, '20021209184915', 164, '2002:349:2002-12-16', 5, 3);
INSERT INTO `receipts` VALUES (170, '20021217054824', 165, '2002:350:2002-12-17', 4, 5);
INSERT INTO `receipts` VALUES (171, '20021217083551', 166, '2002:350:2002-12-17', 4, 1);
INSERT INTO `receipts` VALUES (171, '20021217083551', 166, '2002:350:2002-12-17', 5, 1);
INSERT INTO `receipts` VALUES (171, '20021217083551', 166, '2002:350:2002-12-17', 8, 1);
INSERT INTO `receipts` VALUES (172, '20021217092603', 167, '2002:350:2002-12-17', 5, 4);
INSERT INTO `receipts` VALUES (173, '20021217093905', 168, '2002:350:2002-12-17', 5, 2);
INSERT INTO `receipts` VALUES (173, '20021217093905', 168, '2002:350:2002-12-17', 2, 1);
INSERT INTO `receipts` VALUES (173, '20021217093905', 168, '2002:350:2002-12-17', 3, 1);
INSERT INTO `receipts` VALUES (174, '20021217103733', 169, '2002:350:2002-12-17', 5, 2);
INSERT INTO `receipts` VALUES (175, '20021217104854', 170, '2002:350:2002-12-17', 5, 5);
INSERT INTO `receipts` VALUES (176, '20021217152201', 171, '2002:350:2002-12-17', 5, 5);
INSERT INTO `receipts` VALUES (177, '20021217200543', 172, '2002:350:2002-12-17', 5, 2);
INSERT INTO `receipts` VALUES (177, '20021217200543', 172, '2002:350:2002-12-17', 4, 1);
INSERT INTO `receipts` VALUES (178, '20021217202212', 173, '2002:350:2002-12-17', 5, 12);
INSERT INTO `receipts` VALUES (179, '20021217213829', 174, '2002:350:2002-12-17', 6, 1);
INSERT INTO `receipts` VALUES (179, '20021217213829', 174, '2002:350:2002-12-17', 5, 3);
INSERT INTO `receipts` VALUES (179, '20021217213829', 174, '2002:350:2002-12-17', 12, 2);
INSERT INTO `receipts` VALUES (180, '20021218032814', 175, '2002:351:2002-12-18', 5, 3);
INSERT INTO `receipts` VALUES (181, '20021218071341', 176, '2002:351:2002-12-18', 2, 2);
INSERT INTO `receipts` VALUES (181, '20021218071341', 176, '2002:351:2002-12-18', 4, 1);
INSERT INTO `receipts` VALUES (182, '20021218085241', 177, '2002:351:2002-12-18', 10, 1);
INSERT INTO `receipts` VALUES (182, '20021218085241', 177, '2002:351:2002-12-18', 4, 1);
INSERT INTO `receipts` VALUES (182, '20021218085241', 177, '2002:351:2002-12-18', 13, 1);
INSERT INTO `receipts` VALUES (183, '20021218154445', 178, '2002:351:2002-12-18', 14, 1);
INSERT INTO `receipts` VALUES (183, '20021218154445', 178, '2002:351:2002-12-18', 5, 1);
INSERT INTO `receipts` VALUES (184, '20021218180920', 179, '2002:351:2002-12-18', 5, 3);
INSERT INTO `receipts` VALUES (219, '20030105082633', 214, '2003:4:2003-01-05', 5, 2);
INSERT INTO `receipts` VALUES (219, '20030105082633', 214, '2003:4:2003-01-05', 4, 2);
INSERT INTO `receipts` VALUES (218, '20030104220017', 213, '2003:3:2003-01-04', 11, 1);
INSERT INTO `receipts` VALUES (218, '20030104220017', 213, '2003:3:2003-01-04', 5, 1);
INSERT INTO `receipts` VALUES (217, '20030104195130', 212, '2003:3:2003-01-04', 4, 1);
INSERT INTO `receipts` VALUES (216, '20030103111720', 211, '2003:2:2003-01-03', 5, 2);
INSERT INTO `receipts` VALUES (189, '20021219114805', 184, '2002:352:2002-12-19', 5, 2);
INSERT INTO `receipts` VALUES (190, '20021220113200', 185, '2002:353:2002-12-20', 5, 1);
INSERT INTO `receipts` VALUES (190, '20021220113200', 185, '2002:353:2002-12-20', 4, 1);
INSERT INTO `receipts` VALUES (191, '20021220202624', 186, '2002:353:2002-12-20', 5, 2);
INSERT INTO `receipts` VALUES (191, '20021220202624', 186, '2002:353:2002-12-20', 2, 1);
INSERT INTO `receipts` VALUES (192, '20021220212112', 187, '2002:353:2002-12-20', 4, 2);
INSERT INTO `receipts` VALUES (193, '20021221004443', 188, '2002:354:2002-12-21', 5, 4);
INSERT INTO `receipts` VALUES (193, '20021221004443', 188, '2002:354:2002-12-21', 6, 1);
INSERT INTO `receipts` VALUES (194, '20021221084230', 189, '2002:354:2002-12-21', 4, 1);
INSERT INTO `receipts` VALUES (194, '20021221084230', 189, '2002:354:2002-12-21', 5, 1);
INSERT INTO `receipts` VALUES (195, '20021222110959', 190, '2002:355:2002-12-22', 5, 2);
INSERT INTO `receipts` VALUES (195, '20021222110959', 190, '2002:355:2002-12-22', 8, 1);
INSERT INTO `receipts` VALUES (196, '20021222235007', 191, '2002:355:2002-12-22', 4, 2);
INSERT INTO `receipts` VALUES (197, '20021223121154', 192, '2002:356:2002-12-23', 5, 1);
INSERT INTO `receipts` VALUES (197, '20021223121154', 192, '2002:356:2002-12-23', 3, 1);
INSERT INTO `receipts` VALUES (198, '20021223132722', 193, '2002:356:2002-12-23', 3, 1);
INSERT INTO `receipts` VALUES (198, '20021223132722', 193, '2002:356:2002-12-23', 5, 1);
INSERT INTO `receipts` VALUES (199, '20021224073143', 194, '2002:357:2002-12-24', 4, 2);
INSERT INTO `receipts` VALUES (199, '20021224073143', 194, '2002:357:2002-12-24', 6, 1);
INSERT INTO `receipts` VALUES (199, '20021224073143', 194, '2002:357:2002-12-24', 5, 1);
INSERT INTO `receipts` VALUES (199, '20021224073143', 194, '2002:357:2002-12-24', 8, 1);
INSERT INTO `receipts` VALUES (199, '20021224073143', 194, '2002:357:2002-12-24', 19, 1);
INSERT INTO `receipts` VALUES (200, '20021226100703', 195, '2002:359:2002-12-26', 5, 2);
INSERT INTO `receipts` VALUES (201, '20021226111508', 196, '2002:359:2002-12-26', 4, 12);
INSERT INTO `receipts` VALUES (202, '20021226170255', 197, '2002:359:2002-12-26', 3, 1);
INSERT INTO `receipts` VALUES (202, '20021226170255', 197, '2002:359:2002-12-26', 5, 1);
INSERT INTO `receipts` VALUES (203, '20021229132811', 198, '2002:362:2002-12-29', 5, 1);
INSERT INTO `receipts` VALUES (204, '20021229173029', 199, '2002:362:2002-12-29', 4, 7);
INSERT INTO `receipts` VALUES (205, '20021229185314', 200, '2002:362:2002-12-29', 2, 2);
INSERT INTO `receipts` VALUES (205, '20021229185314', 200, '2002:362:2002-12-29', 6, 1);
INSERT INTO `receipts` VALUES (206, '20021230100638', 201, '2002:363:2002-12-30', 5, 6);
INSERT INTO `receipts` VALUES (207, '20021230222508', 202, '2002:363:2002-12-30', 5, 5);
INSERT INTO `receipts` VALUES (208, '20021231073945', 203, '2002:364:2002-12-31', 3, 1);
INSERT INTO `receipts` VALUES (209, '20021231075735', 204, '2002:364:2002-12-31', 4, 1);
INSERT INTO `receipts` VALUES (209, '20021231075735', 204, '2002:364:2002-12-31', 2, 1);
INSERT INTO `receipts` VALUES (210, '20021231075735', 205, '2002:364:2002-12-31', 4, 1);
INSERT INTO `receipts` VALUES (210, '20021231075735', 205, '2002:364:2002-12-31', 2, 1);
INSERT INTO `receipts` VALUES (211, '20021231121724', 206, '2002:364:2002-12-31', 4, 1);
INSERT INTO `receipts` VALUES (211, '20021231121724', 206, '2002:364:2002-12-31', 5, 1);
INSERT INTO `receipts` VALUES (215, '20030103094822', 210, '2003:2:2003-01-03', 2, 1);
INSERT INTO `receipts` VALUES (214, '20030102185242', 209, '2003:1:2003-01-02', 5, 2);
INSERT INTO `receipts` VALUES (214, '20030102185242', 209, '2003:1:2003-01-02', 4, 3);
INSERT INTO `receipts` VALUES (214, '20030102185242', 209, '2003:1:2003-01-02', 6, 2);
INSERT INTO `receipts` VALUES (225, '20030106101946', 220, '2003:5:2003-01-06', 5, 4);
INSERT INTO `receipts` VALUES (226, '20030106103539', 221, '2003:5:2003-01-06', 5, 2);
INSERT INTO `receipts` VALUES (227, '20030106114900', 222, '2003:5:2003-01-06', 5, 1);
INSERT INTO `receipts` VALUES (227, '20030106114900', 222, '2003:5:2003-01-06', 4, 1);
INSERT INTO `receipts` VALUES (228, '20030106123027', 223, '2003:5:2003-01-06', 4, 2);
INSERT INTO `receipts` VALUES (228, '20030106123027', 223, '2003:5:2003-01-06', 5, 4);
INSERT INTO `receipts` VALUES (229, '20030106123225', 224, '2003:5:2003-01-06', 2, 1);
INSERT INTO `receipts` VALUES (230, '20030106190040', 225, '2003:5:2003-01-06', 4, 2);
INSERT INTO `receipts` VALUES (231, '20030107160723', 226, '2003:6:2003-01-07', 5, 3);
INSERT INTO `receipts` VALUES (232, '20030107162538', 227, '2003:6:2003-01-07', 5, 1);
INSERT INTO `receipts` VALUES (232, '20030107162538', 227, '2003:6:2003-01-07', 2, 1);
INSERT INTO `receipts` VALUES (233, '20030107200519', 228, '2003:6:2003-01-07', 2, 2);
INSERT INTO `receipts` VALUES (233, '20030107200519', 228, '2003:6:2003-01-07', 5, 3);
INSERT INTO `receipts` VALUES (234, '20030108111240', 229, '2003:7:2003-01-08', 5, 3);
INSERT INTO `receipts` VALUES (235, '20030108130602', 230, '2003:7:2003-01-08', 4, 1);
INSERT INTO `receipts` VALUES (235, '20030108130602', 230, '2003:7:2003-01-08', 5, 2);
INSERT INTO `receipts` VALUES (236, '20030109070442', 231, '2003:8:2003-01-09', 5, 2);
INSERT INTO `receipts` VALUES (236, '20030109070442', 231, '2003:8:2003-01-09', 13, 1);
INSERT INTO `receipts` VALUES (237, '20030109102447', 232, '2003:8:2003-01-09', 2, 1);
INSERT INTO `receipts` VALUES (237, '20030109102447', 232, '2003:8:2003-01-09', 5, 1);
INSERT INTO `receipts` VALUES (238, '20030109104843', 233, '2003:8:2003-01-09', 5, 1);
INSERT INTO `receipts` VALUES (238, '20030109104843', 233, '2003:8:2003-01-09', 4, 1);
INSERT INTO `receipts` VALUES (238, '20030109104843', 233, '2003:8:2003-01-09', 2, 1);
INSERT INTO `receipts` VALUES (239, '20030110112427', 234, '2003:9:2003-01-10', 5, 1);
INSERT INTO `receipts` VALUES (239, '20030110112427', 234, '2003:9:2003-01-10', 4, 1);
INSERT INTO `receipts` VALUES (240, '20030111184247', 235, '2003:10:2003-01-11', 14, 1);
INSERT INTO `receipts` VALUES (241, '20030115123928', 236, '2003:14:2003-01-15', 4, 1);
INSERT INTO `receipts` VALUES (241, '20030115123928', 236, '2003:14:2003-01-15', 5, 1);
INSERT INTO `receipts` VALUES (241, '20030115123928', 236, '2003:14:2003-01-15', 10, 1);
INSERT INTO `receipts` VALUES (242, '20030117172640', 237, '2003:16:2003-01-17', 4, 1);
INSERT INTO `receipts` VALUES (242, '20030117172640', 237, '2003:16:2003-01-17', 5, 1);
INSERT INTO `receipts` VALUES (243, '20030119151813', 238, '2003:18:2003-01-19', 4, 3);
INSERT INTO `receipts` VALUES (244, '20030119190727', 239, '2003:18:2003-01-19', 2, 2);
INSERT INTO `receipts` VALUES (245, '20030120161824', 240, '2003:19:2003-01-20', 2, 1);
INSERT INTO `receipts` VALUES (245, '20030120161824', 240, '2003:19:2003-01-20', 3, 1);
INSERT INTO `receipts` VALUES (246, '20030122122810', 241, '2003:21:2003-01-22', 6, 1);
INSERT INTO `receipts` VALUES (246, '20030122122810', 241, '2003:21:2003-01-22', 2, 2);
INSERT INTO `receipts` VALUES (247, '20030124020823', 242, '2003:23:2003-01-24', 5, 8);
INSERT INTO `receipts` VALUES (248, '20030124063054', 243, '2003:23:2003-01-24', 5, 8);
INSERT INTO `receipts` VALUES (249, '20030125104149', 244, '2003:24:2003-01-25', 4, 6);
INSERT INTO `receipts` VALUES (250, '20030126083129', 245, '2003:25:2003-01-26', 2, 1);
INSERT INTO `receipts` VALUES (250, '20030126083129', 245, '2003:25:2003-01-26', 3, 1);
INSERT INTO `receipts` VALUES (250, '20030126083129', 245, '2003:25:2003-01-26', 4, 1);
INSERT INTO `receipts` VALUES (250, '20030126083129', 245, '2003:25:2003-01-26', 5, 3);
INSERT INTO `receipts` VALUES (250, '20030126083129', 245, '2003:25:2003-01-26', 8, 1);
INSERT INTO `receipts` VALUES (251, '20030126235026', 246, '2003:25:2003-01-26', 2, 1);
INSERT INTO `receipts` VALUES (252, '20030131100128', 247, '2003:30:2003-01-31', 5, 6);
INSERT INTO `receipts` VALUES (253, '20030131194955', 248, '2003:30:2003-01-31', 5, 10);
INSERT INTO `receipts` VALUES (254, '20030203221104', 249, '2003:33:2003-02-03', 5, 2);
INSERT INTO `receipts` VALUES (254, '20030203221104', 249, '2003:33:2003-02-03', 2, 2);
INSERT INTO `receipts` VALUES (255, '20030204191853', 250, '2003:34:2003-02-04', 2, 1);
INSERT INTO `receipts` VALUES (255, '20030204191853', 250, '2003:34:2003-02-04', 5, 2);
INSERT INTO `receipts` VALUES (256, '20030206195436', 251, '2003:37:2003-02-07', 5, 3);
INSERT INTO `receipts` VALUES (257, '20030207205114', 252, '2003:37:2003-02-07', 5, 5);
INSERT INTO `receipts` VALUES (258, '20030207225024', 253, '2003:37:2003-02-07', 2, 1);
INSERT INTO `receipts` VALUES (259, '20030207225024', 254, '2003:37:2003-02-07', 2, 1);
INSERT INTO `receipts` VALUES (260, '20030208035811', 255, '2003:38:2003-02-08', 4, 1);
INSERT INTO `receipts` VALUES (260, '20030208035811', 255, '2003:38:2003-02-08', 5, 2);
INSERT INTO `receipts` VALUES (261, '20030210114131', 256, '2003:40:2003-02-10', 4, 8);
INSERT INTO `receipts` VALUES (261, '20030210114131', 256, '2003:40:2003-02-10', 3, 7);
INSERT INTO `receipts` VALUES (261, '20030210114131', 256, '2003:40:2003-02-10', 5, 10);
INSERT INTO `receipts` VALUES (261, '20030210114131', 256, '2003:40:2003-02-10', 12, 2);
INSERT INTO `receipts` VALUES (261, '20030210114131', 256, '2003:40:2003-02-10', 13, 1);
INSERT INTO `receipts` VALUES (261, '20030210114131', 256, '2003:40:2003-02-10', 18, 1);
INSERT INTO `receipts` VALUES (261, '20030210114131', 256, '2003:40:2003-02-10', 19, 1);
INSERT INTO `receipts` VALUES (261, '20030210114131', 256, '2003:40:2003-02-10', 20, 1);
INSERT INTO `receipts` VALUES (262, '20030211125027', 257, '2003:41:2003-02-11', 5, 1);
INSERT INTO `receipts` VALUES (263, '20030211135624', 258, '2003:41:2003-02-11', 11, 1);
INSERT INTO `receipts` VALUES (263, '20030211135624', 258, '2003:41:2003-02-11', 8, 1);
INSERT INTO `receipts` VALUES (263, '20030211135624', 258, '2003:41:2003-02-11', 5, 12);
INSERT INTO `receipts` VALUES (263, '20030211135624', 258, '2003:41:2003-02-11', 2, 3);
INSERT INTO `receipts` VALUES (264, '20030212143206', 259, '2003:42:2003-02-12', 5, 1);
INSERT INTO `receipts` VALUES (265, '20030213133009', 260, '2003:43:2003-02-13', 4, 3);
INSERT INTO `receipts` VALUES (265, '20030213133009', 260, '2003:43:2003-02-13', 2, 2);
INSERT INTO `receipts` VALUES (266, '20030213232602', 261, '2003:43:2003-02-13', 8, 4);
INSERT INTO `receipts` VALUES (266, '20030213232602', 261, '2003:43:2003-02-13', 6, 2);
INSERT INTO `receipts` VALUES (268, '20030213233141', 263, '2003:43:2003-02-13', 2, 1);
INSERT INTO `receipts` VALUES (269, '20030213233141', 264, '2003:43:2003-02-13', 2, 1);
INSERT INTO `receipts` VALUES (271, '20030217031533', 266, '2003:47:2003-02-17', 2, 1);
INSERT INTO `receipts` VALUES (272, '20030217032146', 267, '2003:47:2003-02-17', 4, 1);
INSERT INTO `receipts` VALUES (273, '20030217151505', 268, '2003:47:2003-02-17', 11, 1);
INSERT INTO `receipts` VALUES (274, '20030218211716', 269, '2003:48:2003-02-18', 2, 2);
INSERT INTO `receipts` VALUES (275, '20030219220342', 270, '2003:49:2003-02-19', 10, 1);
INSERT INTO `receipts` VALUES (275, '20030219220342', 270, '2003:49:2003-02-19', 4, 2);
INSERT INTO `receipts` VALUES (275, '20030219220342', 270, '2003:49:2003-02-19', 6, 1);
INSERT INTO `receipts` VALUES (276, '20030222230929', 271, '2003:52:2003-02-22', 5, 2);
INSERT INTO `receipts` VALUES (276, '20030222230929', 271, '2003:52:2003-02-22', 4, 2);
INSERT INTO `receipts` VALUES (276, '20030222230929', 271, '2003:52:2003-02-22', 13, 1);
INSERT INTO `receipts` VALUES (277, '20030224085628', 272, '2003:54:2003-02-24', 3, 1);
INSERT INTO `receipts` VALUES (277, '20030224085628', 272, '2003:54:2003-02-24', 2, 1);
INSERT INTO `receipts` VALUES (277, '20030224085628', 272, '2003:54:2003-02-24', 5, 1);
INSERT INTO `receipts` VALUES (277, '20030224085628', 272, '2003:54:2003-02-24', 4, 1);
INSERT INTO `receipts` VALUES (278, '20030225103031', 273, '2003:55:2003-02-25', 5, 1);
INSERT INTO `receipts` VALUES (279, '20030226171358', 274, '2003:56:2003-02-26', 2, 2);
INSERT INTO `receipts` VALUES (280, '2003030509431465.165.177.12', 275, '2003:63:2003-03-05', 5, 12);
INSERT INTO `receipts` VALUES (281, '20030228141827', 276, '2003:65:2003-03-07', 5, 1);
INSERT INTO `receipts` VALUES (281, '20030228141827', 276, '2003:65:2003-03-07', 13, 1);
INSERT INTO `receipts` VALUES (282, '20030309024913', 277, '2003:67:2003-03-09', 16, 1);
INSERT INTO `receipts` VALUES (282, '20030309024913', 277, '2003:67:2003-03-09', 11, 1);
INSERT INTO `receipts` VALUES (282, '20030309024913', 277, '2003:67:2003-03-09', 8, 1);
INSERT INTO `receipts` VALUES (282, '20030309024913', 277, '2003:67:2003-03-09', 14, 1);
INSERT INTO `receipts` VALUES (283, '20030309054134', 278, '2003:67:2003-03-09', 5, 2);
INSERT INTO `receipts` VALUES (284, '20030311125856', 279, '2003:69:2003-03-11', 5, 4);
INSERT INTO `receipts` VALUES (285, '20030312133906', 280, '2003:70:2003-03-12', 5, 1);
INSERT INTO `receipts` VALUES (286, '20030313003616', 281, '2003:71:2003-03-13', 2, 1);
INSERT INTO `receipts` VALUES (286, '20030313003616', 281, '2003:71:2003-03-13', 3, 1);
INSERT INTO `receipts` VALUES (286, '20030313003616', 281, '2003:71:2003-03-13', 5, 2);
INSERT INTO `receipts` VALUES (287, '20030314151344', 282, '2003:72:2003-03-14', 13, 1);
INSERT INTO `receipts` VALUES (287, '20030314151344', 282, '2003:72:2003-03-14', 5, 1);
INSERT INTO `receipts` VALUES (287, '20030314151344', 282, '2003:72:2003-03-14', 11, 1);
INSERT INTO `receipts` VALUES (288, '20030318120828', 283, '2003:76:2003-03-18', 13, 1);
INSERT INTO `receipts` VALUES (288, '20030318120828', 283, '2003:76:2003-03-18', 12, 1);
INSERT INTO `receipts` VALUES (289, '20030318200948', 284, '2003:76:2003-03-18', 3, 1);
INSERT INTO `receipts` VALUES (289, '20030318200948', 284, '2003:76:2003-03-18', 5, 1);
INSERT INTO `receipts` VALUES (291, '20030320215830', 286, '2003:78:2003-03-20', 2, 1);
INSERT INTO `receipts` VALUES (292, '20030322233636', 287, '2003:80:2003-03-22', 5, 8);
INSERT INTO `receipts` VALUES (292, '20030322233636', 287, '2003:80:2003-03-22', 11, 1);
INSERT INTO `receipts` VALUES (292, '20030322233636', 287, '2003:80:2003-03-22', 12, 1);
INSERT INTO `receipts` VALUES (293, '20030324200910', 288, '2003:82:2003-03-24', 2, 1);
INSERT INTO `receipts` VALUES (294, '20030327144807', 289, '2003:85:2003-03-27', 2, 1);
INSERT INTO `receipts` VALUES (294, '20030327144807', 289, '2003:85:2003-03-27', 5, 1);
INSERT INTO `receipts` VALUES (294, '20030327144807', 289, '2003:85:2003-03-27', 13, 1);
INSERT INTO `receipts` VALUES (295, '20030327193256', 290, '2003:85:2003-03-27', 4, 3);
INSERT INTO `receipts` VALUES (296, '20030327213806', 291, '2003:85:2003-03-27', 5, 1);
INSERT INTO `receipts` VALUES (296, '20030327213806', 291, '2003:85:2003-03-27', 4, 1);
INSERT INTO `receipts` VALUES (297, '20030330230129', 292, '2003:88:2003-03-30', 11, 1);
INSERT INTO `receipts` VALUES (298, '20030331225849', 293, '2003:89:2003-03-31', 4, 9);
INSERT INTO `receipts` VALUES (299, '20030411122924', 294, '2003:100:2003-04-11', 3, 1);
INSERT INTO `receipts` VALUES (300, '20030415204433', 295, '2003:104:2003-04-15', 6, 1);
INSERT INTO `receipts` VALUES (301, '20030415224034', 296, '2003:104:2003-04-15', 3, 1);
INSERT INTO `receipts` VALUES (302, '20030415224120', 297, '2003:104:2003-04-15', 3, 1);
INSERT INTO `receipts` VALUES (303, '20030415233132', 298, '2003:104:2003-04-15', 3, 1);
INSERT INTO `receipts` VALUES (305, '20030416131955', 300, '2003:105:2003-04-16', 3, 1);
INSERT INTO `receipts` VALUES (307, '20030416224733', 302, '2003:105:2003-04-16', 3, 2);
INSERT INTO `receipts` VALUES (312, '20030416224733', 307, '2003:105:2003-04-16', 6, 1);
INSERT INTO `receipts` VALUES (313, '20030502120756', 308, '2003:121:2003-05-02', 5, 6);
INSERT INTO `receipts` VALUES (313, '20030502120756', 308, '2003:121:2003-05-02', 34, 2);
INSERT INTO `receipts` VALUES (314, '20030502195205', 309, '2003:121:2003-05-02', 10, 1);
INSERT INTO `receipts` VALUES (314, '20030502195205', 309, '2003:121:2003-05-02', 6, 1);
INSERT INTO `receipts` VALUES (314, '20030502195205', 309, '2003:121:2003-05-02', 13, 1);
INSERT INTO `receipts` VALUES (314, '20030502195205', 309, '2003:121:2003-05-02', 34, 2);
INSERT INTO `receipts` VALUES (314, '20030502195205', 309, '2003:121:2003-05-02', 11, 1);
INSERT INTO `receipts` VALUES (314, '20030502195205', 309, '2003:121:2003-05-02', 12, 1);
INSERT INTO `receipts` VALUES (315, '20030512090619', 310, '2003:131:2003-05-12', 5, 3);
INSERT INTO `receipts` VALUES (315, '20030512090619', 310, '2003:131:2003-05-12', 34, 3);
INSERT INTO `receipts` VALUES (316, '20030514130634', 311, '2003:133:2003-05-14', 5, 1);
INSERT INTO `receipts` VALUES (317, '20030515114214', 312, '2003:134:2003-05-15', 37, 1);
INSERT INTO `receipts` VALUES (317, '20030515114214', 312, '2003:134:2003-05-15', 19, 1);
INSERT INTO `receipts` VALUES (317, '20030515114214', 312, '2003:134:2003-05-15', 11, 1);
INSERT INTO `receipts` VALUES (318, '20030518235936', 313, '2003:138:2003-05-19', 11, 1);
INSERT INTO `receipts` VALUES (319, '20030526122150', 314, '2003:145:2003-05-26', 5, 6);
INSERT INTO `receipts` VALUES (320, '20030612152921', 315, '2003:162:2003-06-12', 6, 1);
INSERT INTO `receipts` VALUES (321, '20030615105735', 316, '2003:165:2003-06-15', 47, 1);
INSERT INTO `receipts` VALUES (321, '20030615105735', 316, '2003:165:2003-06-15', 34, 2);
INSERT INTO `receipts` VALUES (321, '20030615105735', 316, '2003:165:2003-06-15', 12, 1);
INSERT INTO `receipts` VALUES (321, '20030615105735', 316, '2003:165:2003-06-15', 6, 1);
INSERT INTO `receipts` VALUES (322, '20030616235404', 317, '2003:166:2003-06-16', 11, 1);
INSERT INTO `receipts` VALUES (323, '20030619201925', 318, '2003:169:2003-06-19', 11, 1);
INSERT INTO `receipts` VALUES (324, '20030621013033', 319, '2003:171:2003-06-21', 47, 2);
INSERT INTO `receipts` VALUES (324, '20030621013033', 319, '2003:171:2003-06-21', 8, 1);
INSERT INTO `receipts` VALUES (325, '20030622194742', 320, '2003:172:2003-06-22', 15, 1);
INSERT INTO `receipts` VALUES (326, '20030706223043', 321, '2003:186:2003-07-06', 14, 1);
INSERT INTO `receipts` VALUES (327, '20030721173454', 322, '2003:201:2003-07-21', 11, 2);
INSERT INTO `receipts` VALUES (328, '20030721174414', 323, '2003:201:2003-07-21', 11, 1);
INSERT INTO `receipts` VALUES (329, '20030801115257', 324, '2003:212:2003-08-01', 6, 1);
INSERT INTO `receipts` VALUES (329, '20030801115257', 324, '2003:212:2003-08-01', 13, 1);
INSERT INTO `receipts` VALUES (329, '20030801115257', 324, '2003:212:2003-08-01', 47, 2);
INSERT INTO `receipts` VALUES (329, '20030801115257', 324, '2003:212:2003-08-01', 11, 1);
INSERT INTO `receipts` VALUES (330, '20030806222149', 325, '2003:217:2003-08-06', 14, 1);
INSERT INTO `receipts` VALUES (331, '20030807002636', 326, '2003:218:2003-08-07', 34, 1);
INSERT INTO `receipts` VALUES (331, '20030807002636', 326, '2003:218:2003-08-07', 13, 1);
INSERT INTO `receipts` VALUES (332, '20031008170435', 327, '2003:280:2003-10-08', 47, 1);
INSERT INTO `receipts` VALUES (332, '20031008170435', 327, '2003:280:2003-10-08', 34, 1);
INSERT INTO `receipts` VALUES (333, '20031008171447', 328, '2003:280:2003-10-08', 34, 1);
INSERT INTO `receipts` VALUES (333, '20031008171447', 328, '2003:280:2003-10-08', 47, 1);
INSERT INTO `receipts` VALUES (334, '20031014152518', 329, '2003:286:2003-10-14', 47, 2);
INSERT INTO `receipts` VALUES (335, '20031107123351', 330, '2003:310:2003-11-07', 34, 3);
INSERT INTO `receipts` VALUES (335, '20031107123351', 330, '2003:310:2003-11-07', 47, 1);
INSERT INTO `receipts` VALUES (338, '20031110161448', 333, '2003:313:2003-11-10', 96, 1);
INSERT INTO `receipts` VALUES (338, '20031110161448', 333, '2003:313:2003-11-10', 87, 3);
INSERT INTO `receipts` VALUES (338, '20031110161448', 333, '2003:313:2003-11-10', 100, 3);
INSERT INTO `receipts` VALUES (339, '20031124124159', 334, '2003:327:2003-11-24', 181, 3);
INSERT INTO `receipts` VALUES (340, '20031130154138', 335, '2003:333:2003-11-30', 175, 2);
INSERT INTO `receipts` VALUES (340, '20031130154138', 335, '2003:333:2003-11-30', 97, 2);
INSERT INTO `receipts` VALUES (340, '20031130154138', 335, '2003:333:2003-11-30', 162, 4);
INSERT INTO `receipts` VALUES (340, '20031130154138', 335, '2003:333:2003-11-30', 172, 2);
INSERT INTO `receipts` VALUES (341, '20031201174110', 336, '2003:334:2003-12-01', 102, 3);
INSERT INTO `receipts` VALUES (342, '20031204134833', 337, '2003:337:2003-12-04', 164, 1);
INSERT INTO `receipts` VALUES (342, '20031204134833', 337, '2003:337:2003-12-04', 162, 1);
INSERT INTO `receipts` VALUES (342, '20031204134833', 337, '2003:337:2003-12-04', 127, 1);
INSERT INTO `receipts` VALUES (343, '20031214202032', 338, '2003:347:2003-12-14', 163, 6);
INSERT INTO `receipts` VALUES (344, '20031215145452', 339, '2003:348:2003-12-15', 162, 1);
INSERT INTO `receipts` VALUES (344, '20031215145452', 339, '2003:348:2003-12-15', 173, 1);
INSERT INTO `receipts` VALUES (345, '20031216134019', 340, '2003:349:2003-12-16', 162, 4);
INSERT INTO `receipts` VALUES (345, '20031216134019', 340, '2003:349:2003-12-16', 172, 4);
INSERT INTO `receipts` VALUES (346, '20031216211937', 341, '2003:349:2003-12-16', 97, 1);
INSERT INTO `receipts` VALUES (346, '20031216211937', 341, '2003:349:2003-12-16', 172, 1);
INSERT INTO `receipts` VALUES (346, '20031216211937', 341, '2003:349:2003-12-16', 173, 1);
INSERT INTO `receipts` VALUES (347, '20031218161829', 342, '2003:351:2003-12-18', 134, 1);
INSERT INTO `receipts` VALUES (348, '20031231073225', 343, '2003:364:2003-12-31', 173, 2);
INSERT INTO `receipts` VALUES (348, '20031231073225', 343, '2003:364:2003-12-31', 163, 1);
INSERT INTO `receipts` VALUES (348, '20031231073225', 343, '2003:364:2003-12-31', 135, 1);
INSERT INTO `receipts` VALUES (349, '20030423173834', 344, '2003:364:2003-12-31', 102, 1);
INSERT INTO `receipts` VALUES (350, '20040110105705', 345, '2004:9:2004-01-10', 219, 1);
INSERT INTO `receipts` VALUES (350, '20040110105705', 345, '2004:9:2004-01-10', 220, 1);

# --------------------------------------------------------

#
# Table structure for table `sizeDef`
#
# Creation: Jan 28, 2003 at 07:32 PM
# Last update: Nov 10, 2003 at 05:44 PM
# Last check: Apr 10, 2003 at 04:54 PM
#

DROP TABLE IF EXISTS `sizeDef`;
CREATE TABLE `sizeDef` (
  `sizeID` int(11) NOT NULL auto_increment,
  `size` decimal(6,2) default NULL,
  PRIMARY KEY  (`sizeID`)
) TYPE=MyISAM AUTO_INCREMENT=8 ;

#
# Dumping data for table `sizeDef`
#

INSERT INTO `sizeDef` VALUES (1, '0.30');
INSERT INTO `sizeDef` VALUES (2, '0.50');
INSERT INTO `sizeDef` VALUES (3, '8.00');
INSERT INTO `sizeDef` VALUES (4, '4.00');
INSERT INTO `sizeDef` VALUES (5, '15.00');
INSERT INTO `sizeDef` VALUES (6, '0.00');
INSERT INTO `sizeDef` VALUES (7, '2.00');

# --------------------------------------------------------

#
# Table structure for table `users`
#
# Creation: Jan 28, 2003 at 07:32 PM
# Last update: Feb 03, 2004 at 08:24 PM
# Last check: Apr 10, 2003 at 04:54 PM
#

DROP TABLE IF EXISTS `users`;
CREATE TABLE `users` (
  `User` varchar(100) NOT NULL default '',
  `Date` int(4) NOT NULL default '0'
) TYPE=MyISAM;

#
# Dumping data for table `users`
#

INSERT INTO `users` VALUES ('20021120131322', 323);
INSERT INTO `users` VALUES ('20021120214111', 323);
INSERT INTO `users` VALUES ('20021120214143', 323);
INSERT INTO `users` VALUES ('20021120214201', 323);
INSERT INTO `users` VALUES ('20021121100352', 324);
INSERT INTO `users` VALUES ('20021121174554', 324);
INSERT INTO `users` VALUES ('20021121174743', 324);
INSERT INTO `users` VALUES ('20021121174908', 324);
INSERT INTO `users` VALUES ('20021121175137', 324);
INSERT INTO `users` VALUES ('20021121175145', 324);
INSERT INTO `users` VALUES ('20021121175248', 324);
INSERT INTO `users` VALUES ('20021121180449', 324);
INSERT INTO `users` VALUES ('20021121180459', 324);
INSERT INTO `users` VALUES ('20021121180811', 324);
INSERT INTO `users` VALUES ('20021121181219', 324);
INSERT INTO `users` VALUES ('20021121181340', 324);
INSERT INTO `users` VALUES ('20021121181410', 324);
INSERT INTO `users` VALUES ('20021121181424', 324);
INSERT INTO `users` VALUES ('20021121181534', 324);
INSERT INTO `users` VALUES ('20021126193714', 329);
INSERT INTO `users` VALUES ('20021126194010', 329);
INSERT INTO `users` VALUES ('20021126194407', 329);
INSERT INTO `users` VALUES ('20021126201255', 329);
INSERT INTO `users` VALUES ('20021209175914', 342);
INSERT INTO `users` VALUES ('20021209175941', 342);
INSERT INTO `users` VALUES ('20021215203111', 348);
INSERT INTO `users` VALUES ('20021216202733', 349);
INSERT INTO `users` VALUES ('20021225042128', 358);
INSERT INTO `users` VALUES ('20021225042133', 358);
INSERT INTO `users` VALUES ('20030112002147', 11);
INSERT INTO `users` VALUES ('20030112002148', 11);
INSERT INTO `users` VALUES ('20030203150019', 33);
INSERT INTO `users` VALUES ('20030207130011', 37);
INSERT INTO `users` VALUES ('20030214210232', 44);
INSERT INTO `users` VALUES ('20030214210235', 44);
INSERT INTO `users` VALUES ('20030214225311', 44);
INSERT INTO `users` VALUES ('20030214225314', 44);
INSERT INTO `users` VALUES ('20030219183726', 49);
INSERT INTO `users` VALUES ('20030219183729', 49);
INSERT INTO `users` VALUES ('20030220001506', 50);
INSERT INTO `users` VALUES ('20030220001509', 50);
INSERT INTO `users` VALUES ('20030220015041', 50);
INSERT INTO `users` VALUES ('20030220015045', 50);
INSERT INTO `users` VALUES ('20030221194950', 51);
INSERT INTO `users` VALUES ('20030221195003', 51);
INSERT INTO `users` VALUES ('20030224090820', 54);
INSERT INTO `users` VALUES ('20030226172152', 56);
INSERT INTO `users` VALUES ('20030321083910', 79);
INSERT INTO `users` VALUES ('20030321083913', 79);
INSERT INTO `users` VALUES ('20030321090815', 79);
INSERT INTO `users` VALUES ('20030321090818', 79);
INSERT INTO `users` VALUES ('20030321115957', 79);
INSERT INTO `users` VALUES ('20030321120000', 79);
INSERT INTO `users` VALUES ('20030321125039', 79);
INSERT INTO `users` VALUES ('20030321125042', 79);
INSERT INTO `users` VALUES ('20030321140306', 79);
INSERT INTO `users` VALUES ('20030321140310216.124.226.66', 79);
INSERT INTO `users` VALUES ('20030321140900', 79);
INSERT INTO `users` VALUES ('20030321140904', 79);
INSERT INTO `users` VALUES ('20030410215636', 99);
INSERT INTO `users` VALUES ('20030420001744', 109);
INSERT INTO `users` VALUES ('20030420001747', 109);
INSERT INTO `users` VALUES ('20030420062606', 109);
INSERT INTO `users` VALUES ('20030420062609', 109);
INSERT INTO `users` VALUES ('20030420100623', 109);
INSERT INTO `users` VALUES ('20030420100626', 109);
INSERT INTO `users` VALUES ('20030420100833', 109);
INSERT INTO `users` VALUES ('20030420100836', 109);
INSERT INTO `users` VALUES ('20030521133433', 140);
INSERT INTO `users` VALUES ('20030530212645', 149);
INSERT INTO `users` VALUES ('20030530212649', 149);
INSERT INTO `users` VALUES ('20030530222810', 149);
INSERT INTO `users` VALUES ('20030530222814', 149);
INSERT INTO `users` VALUES ('20030530230158', 149);
INSERT INTO `users` VALUES ('20030530230206', 149);
INSERT INTO `users` VALUES ('20030531014800', 150);
INSERT INTO `users` VALUES ('20030531014807', 150);
INSERT INTO `users` VALUES ('20030603181350', 153);
INSERT INTO `users` VALUES ('20030603181354', 153);
INSERT INTO `users` VALUES ('20030603205951', 153);
INSERT INTO `users` VALUES ('20030603205955', 153);
INSERT INTO `users` VALUES ('20030618060057', 168);
INSERT INTO `users` VALUES ('20030618060101', 168);
INSERT INTO `users` VALUES ('20030618060957', 168);
INSERT INTO `users` VALUES ('20030618061002', 168);
INSERT INTO `users` VALUES ('20030618080607', 168);
INSERT INTO `users` VALUES ('20030618080614', 168);
INSERT INTO `users` VALUES ('20030618111458', 168);
INSERT INTO `users` VALUES ('20030618111503', 168);
INSERT INTO `users` VALUES ('20030618120901', 168);
INSERT INTO `users` VALUES ('20030618120905', 168);
INSERT INTO `users` VALUES ('20030618123646', 168);
INSERT INTO `users` VALUES ('20030618123650', 168);
INSERT INTO `users` VALUES ('20030618162512', 168);
INSERT INTO `users` VALUES ('20030701134305', 181);
INSERT INTO `users` VALUES ('20030721085722', 201);
INSERT INTO `users` VALUES ('20030721085726', 201);
INSERT INTO `users` VALUES ('20030721103514', 201);
INSERT INTO `users` VALUES ('20030721103518', 201);
INSERT INTO `users` VALUES ('20030721140523', 201);
INSERT INTO `users` VALUES ('20030721140536', 201);
INSERT INTO `users` VALUES ('20030721161820', 201);
INSERT INTO `users` VALUES ('20030721161824', 201);
INSERT INTO `users` VALUES ('20030721162005', 201);
INSERT INTO `users` VALUES ('20030721162009', 201);
INSERT INTO `users` VALUES ('20030721184942', 201);
INSERT INTO `users` VALUES ('20030721184947', 201);
INSERT INTO `users` VALUES ('20030821054644', 232);
INSERT INTO `users` VALUES ('20030821054648', 232);
INSERT INTO `users` VALUES ('20030821093020', 232);
INSERT INTO `users` VALUES ('20030821093024', 232);
INSERT INTO `users` VALUES ('20030821101848', 232);
INSERT INTO `users` VALUES ('20030821101852', 232);
INSERT INTO `users` VALUES ('20030821115452', 232);
INSERT INTO `users` VALUES ('20030821115457', 232);
INSERT INTO `users` VALUES ('20030821124926', 232);
INSERT INTO `users` VALUES ('20030821124934', 232);
INSERT INTO `users` VALUES ('20030823092009', 234);
INSERT INTO `users` VALUES ('20030823092014', 234);
INSERT INTO `users` VALUES ('20030902074109', 244);
INSERT INTO `users` VALUES ('20030902074125', 244);
INSERT INTO `users` VALUES ('20030903183317', 245);
INSERT INTO `users` VALUES ('20030919110212', 261);
INSERT INTO `users` VALUES ('20030919110216', 261);
INSERT INTO `users` VALUES ('20030919122027', 261);
INSERT INTO `users` VALUES ('20030919122031', 261);
INSERT INTO `users` VALUES ('20030919142313', 261);
INSERT INTO `users` VALUES ('20030919142320', 261);
INSERT INTO `users` VALUES ('20030919161558', 261);
INSERT INTO `users` VALUES ('20030919161605', 261);
INSERT INTO `users` VALUES ('20030919164617', 261);
INSERT INTO `users` VALUES ('20030919164621', 261);
INSERT INTO `users` VALUES ('20030919172134', 261);
INSERT INTO `users` VALUES ('20030919172139', 261);
INSERT INTO `users` VALUES ('20031006122931', 278);
INSERT INTO `users` VALUES ('20031006122952', 278);
INSERT INTO `users` VALUES ('20031019102613', 291);
INSERT INTO `users` VALUES ('20031019102617', 291);
INSERT INTO `users` VALUES ('20031020003709', 292);
INSERT INTO `users` VALUES ('20031020003713', 292);
INSERT INTO `users` VALUES ('20031020190618', 292);
INSERT INTO `users` VALUES ('20031020190625', 292);
INSERT INTO `users` VALUES ('20031020214415', 292);
INSERT INTO `users` VALUES ('20031020214419', 292);
INSERT INTO `users` VALUES ('20031023061944', 295);
INSERT INTO `users` VALUES ('20031023061948', 295);
INSERT INTO `users` VALUES ('20031023211600', 295);
INSERT INTO `users` VALUES ('20031023211604', 295);
INSERT INTO `users` VALUES ('20031107124348', 310);
INSERT INTO `users` VALUES ('20031111153829', 314);
INSERT INTO `users` VALUES ('20031111153850', 314);
INSERT INTO `users` VALUES ('20031121133415', 324);
INSERT INTO `users` VALUES ('20031121133420', 324);
INSERT INTO `users` VALUES ('20031121142330', 324);
INSERT INTO `users` VALUES ('20031121142334', 324);
INSERT INTO `users` VALUES ('20031122054623', 325);
INSERT INTO `users` VALUES ('20031122054637', 325);
INSERT INTO `users` VALUES ('20031122064730', 325);
INSERT INTO `users` VALUES ('20031122064737', 325);
INSERT INTO `users` VALUES ('20031126014904', 329);
INSERT INTO `users` VALUES ('20031126014908', 329);
INSERT INTO `users` VALUES ('20031126140045', 329);
INSERT INTO `users` VALUES ('20031126140049', 329);
INSERT INTO `users` VALUES ('20031201090925', 334);
INSERT INTO `users` VALUES ('20031201091046', 334);
INSERT INTO `users` VALUES ('20031215071800', 348);
INSERT INTO `users` VALUES ('20031215071805', 348);
INSERT INTO `users` VALUES ('20031215161803', 348);
INSERT INTO `users` VALUES ('20031215161815', 348);
INSERT INTO `users` VALUES ('20031215205445', 348);
INSERT INTO `users` VALUES ('20031215205457', 348);
INSERT INTO `users` VALUES ('20031216154904', 349);
INSERT INTO `users` VALUES ('20031216154908', 349);
INSERT INTO `users` VALUES ('20031216210220', 349);
INSERT INTO `users` VALUES ('20031216210228', 349);
INSERT INTO `users` VALUES ('20031219021239', 352);
INSERT INTO `users` VALUES ('20031219021307', 352);
INSERT INTO `users` VALUES ('20031220202752', 353);
INSERT INTO `users` VALUES ('20031220202759', 353);
INSERT INTO `users` VALUES ('20040107004002', 6);
INSERT INTO `users` VALUES ('20040107004024', 6);
INSERT INTO `users` VALUES ('20040113235702', 12);
INSERT INTO `users` VALUES ('20040113235706', 12);
INSERT INTO `users` VALUES ('20040114043957', 13);
INSERT INTO `users` VALUES ('20040114044001', 13);
INSERT INTO `users` VALUES ('20040114072907', 13);
INSERT INTO `users` VALUES ('20040114072914', 13);
INSERT INTO `users` VALUES ('20040114134321', 13);
INSERT INTO `users` VALUES ('20040114134325', 13);
INSERT INTO `users` VALUES ('20040114210059', 13);
INSERT INTO `users` VALUES ('20040114210104', 13);
INSERT INTO `users` VALUES ('20040116093226', 15);
INSERT INTO `users` VALUES ('20040116093231', 15);
INSERT INTO `users` VALUES ('20040202032605', 32);
INSERT INTO `users` VALUES ('20040202032753', 32);
INSERT INTO `users` VALUES ('20040203202432', 33);
