-- phpMyAdmin SQL Dump
-- version 2.8.2.4
-- http://www.phpmyadmin.net
-- 
-- Host: localhost
-- Generation Time: Oct 07, 2006 at 10:52 PM
-- Server version: 4.1.21
-- PHP Version: 4.4.2
-- 
-- Database: `aubri_cookbook`
-- 
DROP DATABASE `aubri_cookbook`;
CREATE DATABASE `aubri_cookbook` DEFAULT CHARACTER SET latin1 COLLATE latin1_swedish_ci;
USE `aubri_cookbook`;

-- --------------------------------------------------------

-- 
-- Table structure for table `category_def`
-- 

CREATE TABLE `category_def` (
  `cat_id` int(11) NOT NULL auto_increment,
  `cat_descr` varchar(30) NOT NULL default '',
  PRIMARY KEY  (`cat_id`)
) ENGINE=MyISAM AUTO_INCREMENT=14 DEFAULT CHARSET=latin1 AUTO_INCREMENT=14 ;

-- 
-- Dumping data for table `category_def`
-- 

INSERT INTO `category_def` (`cat_id`, `cat_descr`) VALUES (1, 'Appetizer');
INSERT INTO `category_def` (`cat_id`, `cat_descr`) VALUES (2, 'Soup');
INSERT INTO `category_def` (`cat_id`, `cat_descr`) VALUES (3, 'Main Dish');
INSERT INTO `category_def` (`cat_id`, `cat_descr`) VALUES (4, 'Desert');
INSERT INTO `category_def` (`cat_id`, `cat_descr`) VALUES (5, 'Side');
INSERT INTO `category_def` (`cat_id`, `cat_descr`) VALUES (6, 'Beverage');
INSERT INTO `category_def` (`cat_id`, `cat_descr`) VALUES (7, 'Bread');
INSERT INTO `category_def` (`cat_id`, `cat_descr`) VALUES (8, 'Breakfast');
INSERT INTO `category_def` (`cat_id`, `cat_descr`) VALUES (9, 'Salad');
INSERT INTO `category_def` (`cat_id`, `cat_descr`) VALUES (10, 'Sauces & Seasonings');
INSERT INTO `category_def` (`cat_id`, `cat_descr`) VALUES (11, 'Snacks');
INSERT INTO `category_def` (`cat_id`, `cat_descr`) VALUES (12, 'Brew');
INSERT INTO `category_def` (`cat_id`, `cat_descr`) VALUES (13, 'Vegetarian');

-- --------------------------------------------------------

-- 
-- Table structure for table `ingredients`
-- 

CREATE TABLE `ingredients` (
  `recipe_id` int(11) NOT NULL default '0',
  `quantity` varchar(10) NOT NULL default '',
  `msrmnt_id` int(11) NOT NULL default '0',
  `item_id` int(11) NOT NULL default '0',
  `order_num` int(11) NOT NULL default '0',
  PRIMARY KEY  (`recipe_id`,`order_num`)
) ENGINE=MyISAM DEFAULT CHARSET=latin1;

-- 
-- Dumping data for table `ingredients`
-- 

INSERT INTO `ingredients` (`recipe_id`, `quantity`, `msrmnt_id`, `item_id`, `order_num`) VALUES (1, '1 1/2', 3, 24, 9);
INSERT INTO `ingredients` (`recipe_id`, `quantity`, `msrmnt_id`, `item_id`, `order_num`) VALUES (1, '1/2', 1, 16, 8);
INSERT INTO `ingredients` (`recipe_id`, `quantity`, `msrmnt_id`, `item_id`, `order_num`) VALUES (1, '3/4', 1, 15, 7);
INSERT INTO `ingredients` (`recipe_id`, `quantity`, `msrmnt_id`, `item_id`, `order_num`) VALUES (1, '3/4', 3, 23, 6);
INSERT INTO `ingredients` (`recipe_id`, `quantity`, `msrmnt_id`, `item_id`, `order_num`) VALUES (1, '1/4', 3, 22, 5);
INSERT INTO `ingredients` (`recipe_id`, `quantity`, `msrmnt_id`, `item_id`, `order_num`) VALUES (1, '4', 15, 21, 4);
INSERT INTO `ingredients` (`recipe_id`, `quantity`, `msrmnt_id`, `item_id`, `order_num`) VALUES (2, '2', 2, 16, 15);
INSERT INTO `ingredients` (`recipe_id`, `quantity`, `msrmnt_id`, `item_id`, `order_num`) VALUES (2, '1', 2, 15, 14);
INSERT INTO `ingredients` (`recipe_id`, `quantity`, `msrmnt_id`, `item_id`, `order_num`) VALUES (2, '3', 1, 14, 13);
INSERT INTO `ingredients` (`recipe_id`, `quantity`, `msrmnt_id`, `item_id`, `order_num`) VALUES (2, '2', 1, 13, 12);
INSERT INTO `ingredients` (`recipe_id`, `quantity`, `msrmnt_id`, `item_id`, `order_num`) VALUES (2, '1', 1, 12, 11);
INSERT INTO `ingredients` (`recipe_id`, `quantity`, `msrmnt_id`, `item_id`, `order_num`) VALUES (2, '1', 1, 11, 10);
INSERT INTO `ingredients` (`recipe_id`, `quantity`, `msrmnt_id`, `item_id`, `order_num`) VALUES (2, '4', 2, 10, 9);
INSERT INTO `ingredients` (`recipe_id`, `quantity`, `msrmnt_id`, `item_id`, `order_num`) VALUES (2, '1', 13, 8, 8);
INSERT INTO `ingredients` (`recipe_id`, `quantity`, `msrmnt_id`, `item_id`, `order_num`) VALUES (2, '1', 13, 7, 7);
INSERT INTO `ingredients` (`recipe_id`, `quantity`, `msrmnt_id`, `item_id`, `order_num`) VALUES (2, '1', 3, 6, 6);
INSERT INTO `ingredients` (`recipe_id`, `quantity`, `msrmnt_id`, `item_id`, `order_num`) VALUES (2, '2', 15, 5, 5);
INSERT INTO `ingredients` (`recipe_id`, `quantity`, `msrmnt_id`, `item_id`, `order_num`) VALUES (2, '3', 10, 3, 4);
INSERT INTO `ingredients` (`recipe_id`, `quantity`, `msrmnt_id`, `item_id`, `order_num`) VALUES (2, '1', 9, 2, 3);
INSERT INTO `ingredients` (`recipe_id`, `quantity`, `msrmnt_id`, `item_id`, `order_num`) VALUES (2, '1', 9, 4, 2);
INSERT INTO `ingredients` (`recipe_id`, `quantity`, `msrmnt_id`, `item_id`, `order_num`) VALUES (2, '2', 3, 1, 1);
INSERT INTO `ingredients` (`recipe_id`, `quantity`, `msrmnt_id`, `item_id`, `order_num`) VALUES (3, '1', 2, 32, 4);
INSERT INTO `ingredients` (`recipe_id`, `quantity`, `msrmnt_id`, `item_id`, `order_num`) VALUES (3, '1', 2, 31, 3);
INSERT INTO `ingredients` (`recipe_id`, `quantity`, `msrmnt_id`, `item_id`, `order_num`) VALUES (3, '2', 3, 30, 2);
INSERT INTO `ingredients` (`recipe_id`, `quantity`, `msrmnt_id`, `item_id`, `order_num`) VALUES (3, '2', 3, 29, 1);
INSERT INTO `ingredients` (`recipe_id`, `quantity`, `msrmnt_id`, `item_id`, `order_num`) VALUES (4, '10', 20, 50, 18);
INSERT INTO `ingredients` (`recipe_id`, `quantity`, `msrmnt_id`, `item_id`, `order_num`) VALUES (4, '1', 20, 49, 17);
INSERT INTO `ingredients` (`recipe_id`, `quantity`, `msrmnt_id`, `item_id`, `order_num`) VALUES (4, '2', 3, 48, 16);
INSERT INTO `ingredients` (`recipe_id`, `quantity`, `msrmnt_id`, `item_id`, `order_num`) VALUES (4, '1/4', 3, 47, 15);
INSERT INTO `ingredients` (`recipe_id`, `quantity`, `msrmnt_id`, `item_id`, `order_num`) VALUES (4, '10', 7, 46, 14);
INSERT INTO `ingredients` (`recipe_id`, `quantity`, `msrmnt_id`, `item_id`, `order_num`) VALUES (4, '12', 7, 45, 13);
INSERT INTO `ingredients` (`recipe_id`, `quantity`, `msrmnt_id`, `item_id`, `order_num`) VALUES (4, '1', 17, 44, 12);
INSERT INTO `ingredients` (`recipe_id`, `quantity`, `msrmnt_id`, `item_id`, `order_num`) VALUES (4, '1', 1, 43, 11);
INSERT INTO `ingredients` (`recipe_id`, `quantity`, `msrmnt_id`, `item_id`, `order_num`) VALUES (4, '3', 1, 42, 10);
INSERT INTO `ingredients` (`recipe_id`, `quantity`, `msrmnt_id`, `item_id`, `order_num`) VALUES (4, '3', 3, 17, 9);
INSERT INTO `ingredients` (`recipe_id`, `quantity`, `msrmnt_id`, `item_id`, `order_num`) VALUES (4, '1/4', 1, 16, 8);
INSERT INTO `ingredients` (`recipe_id`, `quantity`, `msrmnt_id`, `item_id`, `order_num`) VALUES (4, '1', 1, 15, 7);
INSERT INTO `ingredients` (`recipe_id`, `quantity`, `msrmnt_id`, `item_id`, `order_num`) VALUES (4, '1/3', 3, 41, 6);
INSERT INTO `ingredients` (`recipe_id`, `quantity`, `msrmnt_id`, `item_id`, `order_num`) VALUES (4, '1/3', 3, 40, 5);
INSERT INTO `ingredients` (`recipe_id`, `quantity`, `msrmnt_id`, `item_id`, `order_num`) VALUES (4, '1', 1, 39, 4);
INSERT INTO `ingredients` (`recipe_id`, `quantity`, `msrmnt_id`, `item_id`, `order_num`) VALUES (4, '2', 2, 38, 3);
INSERT INTO `ingredients` (`recipe_id`, `quantity`, `msrmnt_id`, `item_id`, `order_num`) VALUES (4, '1', 10, 37, 2);
INSERT INTO `ingredients` (`recipe_id`, `quantity`, `msrmnt_id`, `item_id`, `order_num`) VALUES (4, '2', 10, 36, 1);
INSERT INTO `ingredients` (`recipe_id`, `quantity`, `msrmnt_id`, `item_id`, `order_num`) VALUES (29, '1/4', 3, 177, 14);
INSERT INTO `ingredients` (`recipe_id`, `quantity`, `msrmnt_id`, `item_id`, `order_num`) VALUES (5, '2', 1, 15, 2);
INSERT INTO `ingredients` (`recipe_id`, `quantity`, `msrmnt_id`, `item_id`, `order_num`) VALUES (5, '2', 1, 52, 3);
INSERT INTO `ingredients` (`recipe_id`, `quantity`, `msrmnt_id`, `item_id`, `order_num`) VALUES (5, '1/4', 3, 53, 4);
INSERT INTO `ingredients` (`recipe_id`, `quantity`, `msrmnt_id`, `item_id`, `order_num`) VALUES (5, '2', 10, 54, 5);
INSERT INTO `ingredients` (`recipe_id`, `quantity`, `msrmnt_id`, `item_id`, `order_num`) VALUES (5, '2', 10, 55, 6);
INSERT INTO `ingredients` (`recipe_id`, `quantity`, `msrmnt_id`, `item_id`, `order_num`) VALUES (5, '2', 10, 56, 7);
INSERT INTO `ingredients` (`recipe_id`, `quantity`, `msrmnt_id`, `item_id`, `order_num`) VALUES (5, '3', 15, 57, 8);
INSERT INTO `ingredients` (`recipe_id`, `quantity`, `msrmnt_id`, `item_id`, `order_num`) VALUES (5, '3/4', 3, 58, 9);
INSERT INTO `ingredients` (`recipe_id`, `quantity`, `msrmnt_id`, `item_id`, `order_num`) VALUES (5, '4', 8, 51, 1);
INSERT INTO `ingredients` (`recipe_id`, `quantity`, `msrmnt_id`, `item_id`, `order_num`) VALUES (6, '1/2', 3, 65, 7);
INSERT INTO `ingredients` (`recipe_id`, `quantity`, `msrmnt_id`, `item_id`, `order_num`) VALUES (6, '1/3', 3, 64, 6);
INSERT INTO `ingredients` (`recipe_id`, `quantity`, `msrmnt_id`, `item_id`, `order_num`) VALUES (6, '1/3', 3, 30, 5);
INSERT INTO `ingredients` (`recipe_id`, `quantity`, `msrmnt_id`, `item_id`, `order_num`) VALUES (6, '1/4', 1, 67, 4);
INSERT INTO `ingredients` (`recipe_id`, `quantity`, `msrmnt_id`, `item_id`, `order_num`) VALUES (6, '1/4', 1, 66, 3);
INSERT INTO `ingredients` (`recipe_id`, `quantity`, `msrmnt_id`, `item_id`, `order_num`) VALUES (6, '3', 3, 17, 2);
INSERT INTO `ingredients` (`recipe_id`, `quantity`, `msrmnt_id`, `item_id`, `order_num`) VALUES (6, '9', 9, 63, 1);
INSERT INTO `ingredients` (`recipe_id`, `quantity`, `msrmnt_id`, `item_id`, `order_num`) VALUES (7, '1/2', 1, 73, 11);
INSERT INTO `ingredients` (`recipe_id`, `quantity`, `msrmnt_id`, `item_id`, `order_num`) VALUES (7, '1/2', 1, 15, 10);
INSERT INTO `ingredients` (`recipe_id`, `quantity`, `msrmnt_id`, `item_id`, `order_num`) VALUES (7, '1/2', 1, 72, 9);
INSERT INTO `ingredients` (`recipe_id`, `quantity`, `msrmnt_id`, `item_id`, `order_num`) VALUES (7, '1/2', 1, 67, 8);
INSERT INTO `ingredients` (`recipe_id`, `quantity`, `msrmnt_id`, `item_id`, `order_num`) VALUES (7, '1/2', 1, 71, 7);
INSERT INTO `ingredients` (`recipe_id`, `quantity`, `msrmnt_id`, `item_id`, `order_num`) VALUES (7, '2', 3, 41, 6);
INSERT INTO `ingredients` (`recipe_id`, `quantity`, `msrmnt_id`, `item_id`, `order_num`) VALUES (7, '1/2', 3, 70, 5);
INSERT INTO `ingredients` (`recipe_id`, `quantity`, `msrmnt_id`, `item_id`, `order_num`) VALUES (7, '1', 11, 69, 4);
INSERT INTO `ingredients` (`recipe_id`, `quantity`, `msrmnt_id`, `item_id`, `order_num`) VALUES (7, '1/3', 3, 68, 3);
INSERT INTO `ingredients` (`recipe_id`, `quantity`, `msrmnt_id`, `item_id`, `order_num`) VALUES (7, '1/2', 3, 14, 2);
INSERT INTO `ingredients` (`recipe_id`, `quantity`, `msrmnt_id`, `item_id`, `order_num`) VALUES (7, '1/4', 3, 53, 1);
INSERT INTO `ingredients` (`recipe_id`, `quantity`, `msrmnt_id`, `item_id`, `order_num`) VALUES (8, '10', 11, 74, 1);
INSERT INTO `ingredients` (`recipe_id`, `quantity`, `msrmnt_id`, `item_id`, `order_num`) VALUES (8, '1', 3, 30, 2);
INSERT INTO `ingredients` (`recipe_id`, `quantity`, `msrmnt_id`, `item_id`, `order_num`) VALUES (8, '1', 4, 65, 3);
INSERT INTO `ingredients` (`recipe_id`, `quantity`, `msrmnt_id`, `item_id`, `order_num`) VALUES (8, '3', 22, 75, 4);
INSERT INTO `ingredients` (`recipe_id`, `quantity`, `msrmnt_id`, `item_id`, `order_num`) VALUES (9, '2', 3, 79, 3);
INSERT INTO `ingredients` (`recipe_id`, `quantity`, `msrmnt_id`, `item_id`, `order_num`) VALUES (9, '2 1/2', 3, 78, 2);
INSERT INTO `ingredients` (`recipe_id`, `quantity`, `msrmnt_id`, `item_id`, `order_num`) VALUES (9, '2 1/2', 1, 77, 1);
INSERT INTO `ingredients` (`recipe_id`, `quantity`, `msrmnt_id`, `item_id`, `order_num`) VALUES (10, '2', 1, 15, 6);
INSERT INTO `ingredients` (`recipe_id`, `quantity`, `msrmnt_id`, `item_id`, `order_num`) VALUES (10, '2', 3, 83, 5);
INSERT INTO `ingredients` (`recipe_id`, `quantity`, `msrmnt_id`, `item_id`, `order_num`) VALUES (10, '3-4', 3, 82, 4);
INSERT INTO `ingredients` (`recipe_id`, `quantity`, `msrmnt_id`, `item_id`, `order_num`) VALUES (10, '1 1/2', 3, 78, 3);
INSERT INTO `ingredients` (`recipe_id`, `quantity`, `msrmnt_id`, `item_id`, `order_num`) VALUES (10, '2 1/2', 1, 81, 2);
INSERT INTO `ingredients` (`recipe_id`, `quantity`, `msrmnt_id`, `item_id`, `order_num`) VALUES (10, '1', 3, 80, 1);
INSERT INTO `ingredients` (`recipe_id`, `quantity`, `msrmnt_id`, `item_id`, `order_num`) VALUES (11, '1 1/2', 3, 78, 3);
INSERT INTO `ingredients` (`recipe_id`, `quantity`, `msrmnt_id`, `item_id`, `order_num`) VALUES (11, '2-3', 3, 82, 4);
INSERT INTO `ingredients` (`recipe_id`, `quantity`, `msrmnt_id`, `item_id`, `order_num`) VALUES (11, '2', 3, 83, 5);
INSERT INTO `ingredients` (`recipe_id`, `quantity`, `msrmnt_id`, `item_id`, `order_num`) VALUES (11, '1/4', 3, 84, 6);
INSERT INTO `ingredients` (`recipe_id`, `quantity`, `msrmnt_id`, `item_id`, `order_num`) VALUES (11, '1/4', 3, 85, 7);
INSERT INTO `ingredients` (`recipe_id`, `quantity`, `msrmnt_id`, `item_id`, `order_num`) VALUES (11, '1/4', 3, 86, 8);
INSERT INTO `ingredients` (`recipe_id`, `quantity`, `msrmnt_id`, `item_id`, `order_num`) VALUES (11, '1/4', 3, 87, 9);
INSERT INTO `ingredients` (`recipe_id`, `quantity`, `msrmnt_id`, `item_id`, `order_num`) VALUES (12, '2', 3, 89, 1);
INSERT INTO `ingredients` (`recipe_id`, `quantity`, `msrmnt_id`, `item_id`, `order_num`) VALUES (12, '1 1/2', 3, 84, 2);
INSERT INTO `ingredients` (`recipe_id`, `quantity`, `msrmnt_id`, `item_id`, `order_num`) VALUES (12, '1/3', 3, 87, 3);
INSERT INTO `ingredients` (`recipe_id`, `quantity`, `msrmnt_id`, `item_id`, `order_num`) VALUES (12, '2', 2, 81, 4);
INSERT INTO `ingredients` (`recipe_id`, `quantity`, `msrmnt_id`, `item_id`, `order_num`) VALUES (12, '2/3', 3, 78, 5);
INSERT INTO `ingredients` (`recipe_id`, `quantity`, `msrmnt_id`, `item_id`, `order_num`) VALUES (12, '1', 1, 87, 6);
INSERT INTO `ingredients` (`recipe_id`, `quantity`, `msrmnt_id`, `item_id`, `order_num`) VALUES (11, '2 1/2', 1, 81, 2);
INSERT INTO `ingredients` (`recipe_id`, `quantity`, `msrmnt_id`, `item_id`, `order_num`) VALUES (11, '1', 3, 80, 1);
INSERT INTO `ingredients` (`recipe_id`, `quantity`, `msrmnt_id`, `item_id`, `order_num`) VALUES (13, '2 1/4', 3, 78, 3);
INSERT INTO `ingredients` (`recipe_id`, `quantity`, `msrmnt_id`, `item_id`, `order_num`) VALUES (13, '6', 2, 90, 4);
INSERT INTO `ingredients` (`recipe_id`, `quantity`, `msrmnt_id`, `item_id`, `order_num`) VALUES (13, '5 1/2', 3, 79, 5);
INSERT INTO `ingredients` (`recipe_id`, `quantity`, `msrmnt_id`, `item_id`, `order_num`) VALUES (13, '1', 1, 15, 6);
INSERT INTO `ingredients` (`recipe_id`, `quantity`, `msrmnt_id`, `item_id`, `order_num`) VALUES (13, '4', 2, 90, 7);
INSERT INTO `ingredients` (`recipe_id`, `quantity`, `msrmnt_id`, `item_id`, `order_num`) VALUES (13, '2', 2, 17, 8);
INSERT INTO `ingredients` (`recipe_id`, `quantity`, `msrmnt_id`, `item_id`, `order_num`) VALUES (13, '2', 1, 91, 9);
INSERT INTO `ingredients` (`recipe_id`, `quantity`, `msrmnt_id`, `item_id`, `order_num`) VALUES (13, '3', 2, 92, 10);
INSERT INTO `ingredients` (`recipe_id`, `quantity`, `msrmnt_id`, `item_id`, `order_num`) VALUES (15, '1', 2, 40, 1);
INSERT INTO `ingredients` (`recipe_id`, `quantity`, `msrmnt_id`, `item_id`, `order_num`) VALUES (14, '2', 2, 100, 8);
INSERT INTO `ingredients` (`recipe_id`, `quantity`, `msrmnt_id`, `item_id`, `order_num`) VALUES (14, '1', 2, 98, 7);
INSERT INTO `ingredients` (`recipe_id`, `quantity`, `msrmnt_id`, `item_id`, `order_num`) VALUES (14, '1/2', 1, 15, 6);
INSERT INTO `ingredients` (`recipe_id`, `quantity`, `msrmnt_id`, `item_id`, `order_num`) VALUES (14, '1/8', 1, 30, 5);
INSERT INTO `ingredients` (`recipe_id`, `quantity`, `msrmnt_id`, `item_id`, `order_num`) VALUES (14, '1', 15, 97, 4);
INSERT INTO `ingredients` (`recipe_id`, `quantity`, `msrmnt_id`, `item_id`, `order_num`) VALUES (14, '1/2', 3, 96, 3);
INSERT INTO `ingredients` (`recipe_id`, `quantity`, `msrmnt_id`, `item_id`, `order_num`) VALUES (14, '1', 2, 43, 2);
INSERT INTO `ingredients` (`recipe_id`, `quantity`, `msrmnt_id`, `item_id`, `order_num`) VALUES (14, '1', 10, 95, 1);
INSERT INTO `ingredients` (`recipe_id`, `quantity`, `msrmnt_id`, `item_id`, `order_num`) VALUES (15, '5', 15, 97, 2);
INSERT INTO `ingredients` (`recipe_id`, `quantity`, `msrmnt_id`, `item_id`, `order_num`) VALUES (15, '2/3', 3, 101, 3);
INSERT INTO `ingredients` (`recipe_id`, `quantity`, `msrmnt_id`, `item_id`, `order_num`) VALUES (15, '1', 2, 79, 4);
INSERT INTO `ingredients` (`recipe_id`, `quantity`, `msrmnt_id`, `item_id`, `order_num`) VALUES (15, '1/4', 1, 102, 5);
INSERT INTO `ingredients` (`recipe_id`, `quantity`, `msrmnt_id`, `item_id`, `order_num`) VALUES (15, '1', 3, 103, 6);
INSERT INTO `ingredients` (`recipe_id`, `quantity`, `msrmnt_id`, `item_id`, `order_num`) VALUES (15, '1/4', 1, 104, 7);
INSERT INTO `ingredients` (`recipe_id`, `quantity`, `msrmnt_id`, `item_id`, `order_num`) VALUES (15, '1/4', 3, 105, 8);
INSERT INTO `ingredients` (`recipe_id`, `quantity`, `msrmnt_id`, `item_id`, `order_num`) VALUES (16, '4', 10, 106, 1);
INSERT INTO `ingredients` (`recipe_id`, `quantity`, `msrmnt_id`, `item_id`, `order_num`) VALUES (16, '3', 15, 97, 2);
INSERT INTO `ingredients` (`recipe_id`, `quantity`, `msrmnt_id`, `item_id`, `order_num`) VALUES (16, '2', 9, 107, 3);
INSERT INTO `ingredients` (`recipe_id`, `quantity`, `msrmnt_id`, `item_id`, `order_num`) VALUES (16, '2', 10, 108, 4);
INSERT INTO `ingredients` (`recipe_id`, `quantity`, `msrmnt_id`, `item_id`, `order_num`) VALUES (16, '3', 10, 109, 5);
INSERT INTO `ingredients` (`recipe_id`, `quantity`, `msrmnt_id`, `item_id`, `order_num`) VALUES (16, '1/2', 10, 4, 6);
INSERT INTO `ingredients` (`recipe_id`, `quantity`, `msrmnt_id`, `item_id`, `order_num`) VALUES (17, '1 1/4', 1, 77, 1);
INSERT INTO `ingredients` (`recipe_id`, `quantity`, `msrmnt_id`, `item_id`, `order_num`) VALUES (17, '1/4', 3, 78, 2);
INSERT INTO `ingredients` (`recipe_id`, `quantity`, `msrmnt_id`, `item_id`, `order_num`) VALUES (17, '3', 3, 82, 3);
INSERT INTO `ingredients` (`recipe_id`, `quantity`, `msrmnt_id`, `item_id`, `order_num`) VALUES (17, '1', 3, 113, 4);
INSERT INTO `ingredients` (`recipe_id`, `quantity`, `msrmnt_id`, `item_id`, `order_num`) VALUES (17, '2 1/4', 1, 94, 5);
INSERT INTO `ingredients` (`recipe_id`, `quantity`, `msrmnt_id`, `item_id`, `order_num`) VALUES (17, '1 1/4', 3, 114, 6);
INSERT INTO `ingredients` (`recipe_id`, `quantity`, `msrmnt_id`, `item_id`, `order_num`) VALUES (17, '2', 2, 115, 7);
INSERT INTO `ingredients` (`recipe_id`, `quantity`, `msrmnt_id`, `item_id`, `order_num`) VALUES (17, '2', 2, 116, 8);
INSERT INTO `ingredients` (`recipe_id`, `quantity`, `msrmnt_id`, `item_id`, `order_num`) VALUES (17, '2', 2, 117, 9);
INSERT INTO `ingredients` (`recipe_id`, `quantity`, `msrmnt_id`, `item_id`, `order_num`) VALUES (18, '2', 3, 118, 7);
INSERT INTO `ingredients` (`recipe_id`, `quantity`, `msrmnt_id`, `item_id`, `order_num`) VALUES (18, '3', 3, 120, 6);
INSERT INTO `ingredients` (`recipe_id`, `quantity`, `msrmnt_id`, `item_id`, `order_num`) VALUES (18, '1', 3, 119, 5);
INSERT INTO `ingredients` (`recipe_id`, `quantity`, `msrmnt_id`, `item_id`, `order_num`) VALUES (18, '1 1/8', 1, 15, 4);
INSERT INTO `ingredients` (`recipe_id`, `quantity`, `msrmnt_id`, `item_id`, `order_num`) VALUES (18, '2', 2, 14, 3);
INSERT INTO `ingredients` (`recipe_id`, `quantity`, `msrmnt_id`, `item_id`, `order_num`) VALUES (18, '1 1/8', 1, 81, 2);
INSERT INTO `ingredients` (`recipe_id`, `quantity`, `msrmnt_id`, `item_id`, `order_num`) VALUES (18, '1 1/2', 3, 118, 1);
INSERT INTO `ingredients` (`recipe_id`, `quantity`, `msrmnt_id`, `item_id`, `order_num`) VALUES (16, '1-2', 2, 94, 10);
INSERT INTO `ingredients` (`recipe_id`, `quantity`, `msrmnt_id`, `item_id`, `order_num`) VALUES (16, '1/4', 3, 112, 9);
INSERT INTO `ingredients` (`recipe_id`, `quantity`, `msrmnt_id`, `item_id`, `order_num`) VALUES (16, '1/2', 3, 111, 8);
INSERT INTO `ingredients` (`recipe_id`, `quantity`, `msrmnt_id`, `item_id`, `order_num`) VALUES (16, '1/2', 10, 110, 7);
INSERT INTO `ingredients` (`recipe_id`, `quantity`, `msrmnt_id`, `item_id`, `order_num`) VALUES (20, '1/2', 24, 127, 1);
INSERT INTO `ingredients` (`recipe_id`, `quantity`, `msrmnt_id`, `item_id`, `order_num`) VALUES (20, '1/2', 3, 48, 2);
INSERT INTO `ingredients` (`recipe_id`, `quantity`, `msrmnt_id`, `item_id`, `order_num`) VALUES (20, '1/2', 3, 128, 3);
INSERT INTO `ingredients` (`recipe_id`, `quantity`, `msrmnt_id`, `item_id`, `order_num`) VALUES (20, '2', 2, 129, 4);
INSERT INTO `ingredients` (`recipe_id`, `quantity`, `msrmnt_id`, `item_id`, `order_num`) VALUES (20, '1/8', 1, 15, 5);
INSERT INTO `ingredients` (`recipe_id`, `quantity`, `msrmnt_id`, `item_id`, `order_num`) VALUES (20, '1/8', 1, 10, 6);
INSERT INTO `ingredients` (`recipe_id`, `quantity`, `msrmnt_id`, `item_id`, `order_num`) VALUES (20, '1', 26, 130, 7);
INSERT INTO `ingredients` (`recipe_id`, `quantity`, `msrmnt_id`, `item_id`, `order_num`) VALUES (20, '1/4', 3, 131, 8);
INSERT INTO `ingredients` (`recipe_id`, `quantity`, `msrmnt_id`, `item_id`, `order_num`) VALUES (33, '1', 3, 175, 15);
INSERT INTO `ingredients` (`recipe_id`, `quantity`, `msrmnt_id`, `item_id`, `order_num`) VALUES (33, '1/4', 1, 76, 14);
INSERT INTO `ingredients` (`recipe_id`, `quantity`, `msrmnt_id`, `item_id`, `order_num`) VALUES (33, '1/2', 1, 201, 13);
INSERT INTO `ingredients` (`recipe_id`, `quantity`, `msrmnt_id`, `item_id`, `order_num`) VALUES (33, '1/2', 1, 200, 12);
INSERT INTO `ingredients` (`recipe_id`, `quantity`, `msrmnt_id`, `item_id`, `order_num`) VALUES (33, '1/4', 3, 199, 11);
INSERT INTO `ingredients` (`recipe_id`, `quantity`, `msrmnt_id`, `item_id`, `order_num`) VALUES (33, '1/2', 3, 198, 10);
INSERT INTO `ingredients` (`recipe_id`, `quantity`, `msrmnt_id`, `item_id`, `order_num`) VALUES (33, '1/4', 3, 202, 9);
INSERT INTO `ingredients` (`recipe_id`, `quantity`, `msrmnt_id`, `item_id`, `order_num`) VALUES (33, '1', 3, 180, 8);
INSERT INTO `ingredients` (`recipe_id`, `quantity`, `msrmnt_id`, `item_id`, `order_num`) VALUES (33, '2', 11, 74, 7);
INSERT INTO `ingredients` (`recipe_id`, `quantity`, `msrmnt_id`, `item_id`, `order_num`) VALUES (33, '1/2', 1, 15, 6);
INSERT INTO `ingredients` (`recipe_id`, `quantity`, `msrmnt_id`, `item_id`, `order_num`) VALUES (31, '1/2', 1, 15, 8);
INSERT INTO `ingredients` (`recipe_id`, `quantity`, `msrmnt_id`, `item_id`, `order_num`) VALUES (31, '2', 2, 186, 7);
INSERT INTO `ingredients` (`recipe_id`, `quantity`, `msrmnt_id`, `item_id`, `order_num`) VALUES (31, '2', 1, 185, 6);
INSERT INTO `ingredients` (`recipe_id`, `quantity`, `msrmnt_id`, `item_id`, `order_num`) VALUES (31, '4', 3, 20, 5);
INSERT INTO `ingredients` (`recipe_id`, `quantity`, `msrmnt_id`, `item_id`, `order_num`) VALUES (31, '3', 3, 17, 4);
INSERT INTO `ingredients` (`recipe_id`, `quantity`, `msrmnt_id`, `item_id`, `order_num`) VALUES (31, '1 1/4', 1, 184, 3);
INSERT INTO `ingredients` (`recipe_id`, `quantity`, `msrmnt_id`, `item_id`, `order_num`) VALUES (31, '1', 3, 183, 2);
INSERT INTO `ingredients` (`recipe_id`, `quantity`, `msrmnt_id`, `item_id`, `order_num`) VALUES (31, '2', 1, 90, 1);
INSERT INTO `ingredients` (`recipe_id`, `quantity`, `msrmnt_id`, `item_id`, `order_num`) VALUES (24, '1 1/2', 3, 132, 1);
INSERT INTO `ingredients` (`recipe_id`, `quantity`, `msrmnt_id`, `item_id`, `order_num`) VALUES (24, '4', 10, 133, 2);
INSERT INTO `ingredients` (`recipe_id`, `quantity`, `msrmnt_id`, `item_id`, `order_num`) VALUES (24, '2', 1, 134, 3);
INSERT INTO `ingredients` (`recipe_id`, `quantity`, `msrmnt_id`, `item_id`, `order_num`) VALUES (24, '2', 1, 135, 4);
INSERT INTO `ingredients` (`recipe_id`, `quantity`, `msrmnt_id`, `item_id`, `order_num`) VALUES (24, '2', 2, 90, 5);
INSERT INTO `ingredients` (`recipe_id`, `quantity`, `msrmnt_id`, `item_id`, `order_num`) VALUES (24, '2', 2, 136, 6);
INSERT INTO `ingredients` (`recipe_id`, `quantity`, `msrmnt_id`, `item_id`, `order_num`) VALUES (24, '2', 2, 137, 7);
INSERT INTO `ingredients` (`recipe_id`, `quantity`, `msrmnt_id`, `item_id`, `order_num`) VALUES (24, '2', 2, 138, 8);
INSERT INTO `ingredients` (`recipe_id`, `quantity`, `msrmnt_id`, `item_id`, `order_num`) VALUES (24, '1/4', 3, 139, 9);
INSERT INTO `ingredients` (`recipe_id`, `quantity`, `msrmnt_id`, `item_id`, `order_num`) VALUES (24, '1/4', 3, 59, 10);
INSERT INTO `ingredients` (`recipe_id`, `quantity`, `msrmnt_id`, `item_id`, `order_num`) VALUES (24, '1/4', 3, 140, 11);
INSERT INTO `ingredients` (`recipe_id`, `quantity`, `msrmnt_id`, `item_id`, `order_num`) VALUES (24, '1/4', 3, 141, 12);
INSERT INTO `ingredients` (`recipe_id`, `quantity`, `msrmnt_id`, `item_id`, `order_num`) VALUES (24, '2', 8, 142, 13);
INSERT INTO `ingredients` (`recipe_id`, `quantity`, `msrmnt_id`, `item_id`, `order_num`) VALUES (24, '1/4', 3, 53, 14);
INSERT INTO `ingredients` (`recipe_id`, `quantity`, `msrmnt_id`, `item_id`, `order_num`) VALUES (24, '1', 3, 143, 15);
INSERT INTO `ingredients` (`recipe_id`, `quantity`, `msrmnt_id`, `item_id`, `order_num`) VALUES (24, '1', 3, 144, 16);
INSERT INTO `ingredients` (`recipe_id`, `quantity`, `msrmnt_id`, `item_id`, `order_num`) VALUES (24, '1', 3, 145, 17);
INSERT INTO `ingredients` (`recipe_id`, `quantity`, `msrmnt_id`, `item_id`, `order_num`) VALUES (24, '1', 3, 146, 18);
INSERT INTO `ingredients` (`recipe_id`, `quantity`, `msrmnt_id`, `item_id`, `order_num`) VALUES (24, '1', 3, 147, 19);
INSERT INTO `ingredients` (`recipe_id`, `quantity`, `msrmnt_id`, `item_id`, `order_num`) VALUES (24, '4', 1, 148, 20);
INSERT INTO `ingredients` (`recipe_id`, `quantity`, `msrmnt_id`, `item_id`, `order_num`) VALUES (33, '1', 1, 73, 5);
INSERT INTO `ingredients` (`recipe_id`, `quantity`, `msrmnt_id`, `item_id`, `order_num`) VALUES (33, '2/3', 3, 137, 4);
INSERT INTO `ingredients` (`recipe_id`, `quantity`, `msrmnt_id`, `item_id`, `order_num`) VALUES (31, '1', 17, 44, 9);
INSERT INTO `ingredients` (`recipe_id`, `quantity`, `msrmnt_id`, `item_id`, `order_num`) VALUES (26, '5', 11, 149, 1);
INSERT INTO `ingredients` (`recipe_id`, `quantity`, `msrmnt_id`, `item_id`, `order_num`) VALUES (26, '5', 10, 150, 2);
INSERT INTO `ingredients` (`recipe_id`, `quantity`, `msrmnt_id`, `item_id`, `order_num`) VALUES (26, '1', 10, 151, 3);
INSERT INTO `ingredients` (`recipe_id`, `quantity`, `msrmnt_id`, `item_id`, `order_num`) VALUES (26, '2', 10, 152, 4);
INSERT INTO `ingredients` (`recipe_id`, `quantity`, `msrmnt_id`, `item_id`, `order_num`) VALUES (26, '1 1/2', 1, 15, 5);
INSERT INTO `ingredients` (`recipe_id`, `quantity`, `msrmnt_id`, `item_id`, `order_num`) VALUES (26, '3/4', 1, 102, 6);
INSERT INTO `ingredients` (`recipe_id`, `quantity`, `msrmnt_id`, `item_id`, `order_num`) VALUES (26, '1', 2, 153, 7);
INSERT INTO `ingredients` (`recipe_id`, `quantity`, `msrmnt_id`, `item_id`, `order_num`) VALUES (26, '1/2', 3, 103, 8);
INSERT INTO `ingredients` (`recipe_id`, `quantity`, `msrmnt_id`, `item_id`, `order_num`) VALUES (26, '1', 4, 154, 9);
INSERT INTO `ingredients` (`recipe_id`, `quantity`, `msrmnt_id`, `item_id`, `order_num`) VALUES (26, '1/2', 1, 155, 10);
INSERT INTO `ingredients` (`recipe_id`, `quantity`, `msrmnt_id`, `item_id`, `order_num`) VALUES (27, '1/2', 6, 166, 10);
INSERT INTO `ingredients` (`recipe_id`, `quantity`, `msrmnt_id`, `item_id`, `order_num`) VALUES (27, '1', 2, 162, 9);
INSERT INTO `ingredients` (`recipe_id`, `quantity`, `msrmnt_id`, `item_id`, `order_num`) VALUES (27, '1/2', 3, 88, 8);
INSERT INTO `ingredients` (`recipe_id`, `quantity`, `msrmnt_id`, `item_id`, `order_num`) VALUES (27, '1', 3, 161, 7);
INSERT INTO `ingredients` (`recipe_id`, `quantity`, `msrmnt_id`, `item_id`, `order_num`) VALUES (27, '5', 3, 160, 6);
INSERT INTO `ingredients` (`recipe_id`, `quantity`, `msrmnt_id`, `item_id`, `order_num`) VALUES (27, '1/4', 1, 159, 5);
INSERT INTO `ingredients` (`recipe_id`, `quantity`, `msrmnt_id`, `item_id`, `order_num`) VALUES (27, '1/2', 3, 137, 4);
INSERT INTO `ingredients` (`recipe_id`, `quantity`, `msrmnt_id`, `item_id`, `order_num`) VALUES (27, '1/4', 3, 158, 3);
INSERT INTO `ingredients` (`recipe_id`, `quantity`, `msrmnt_id`, `item_id`, `order_num`) VALUES (27, '1/4', 3, 157, 2);
INSERT INTO `ingredients` (`recipe_id`, `quantity`, `msrmnt_id`, `item_id`, `order_num`) VALUES (27, '3', 2, 156, 1);
INSERT INTO `ingredients` (`recipe_id`, `quantity`, `msrmnt_id`, `item_id`, `order_num`) VALUES (28, '1/4', 3, 14, 1);
INSERT INTO `ingredients` (`recipe_id`, `quantity`, `msrmnt_id`, `item_id`, `order_num`) VALUES (28, '2', 2, 164, 2);
INSERT INTO `ingredients` (`recipe_id`, `quantity`, `msrmnt_id`, `item_id`, `order_num`) VALUES (28, '1/2', 1, 15, 3);
INSERT INTO `ingredients` (`recipe_id`, `quantity`, `msrmnt_id`, `item_id`, `order_num`) VALUES (28, '3/4', 3, 138, 4);
INSERT INTO `ingredients` (`recipe_id`, `quantity`, `msrmnt_id`, `item_id`, `order_num`) VALUES (28, '1/4', 3, 17, 5);
INSERT INTO `ingredients` (`recipe_id`, `quantity`, `msrmnt_id`, `item_id`, `order_num`) VALUES (28, '2', 2, 165, 6);
INSERT INTO `ingredients` (`recipe_id`, `quantity`, `msrmnt_id`, `item_id`, `order_num`) VALUES (28, '2', 2, 139, 7);
INSERT INTO `ingredients` (`recipe_id`, `quantity`, `msrmnt_id`, `item_id`, `order_num`) VALUES (28, '2', 2, 87, 8);
INSERT INTO `ingredients` (`recipe_id`, `quantity`, `msrmnt_id`, `item_id`, `order_num`) VALUES (5, '1/4', 3, 41, 10);
INSERT INTO `ingredients` (`recipe_id`, `quantity`, `msrmnt_id`, `item_id`, `order_num`) VALUES (5, '1', 3, 59, 11);
INSERT INTO `ingredients` (`recipe_id`, `quantity`, `msrmnt_id`, `item_id`, `order_num`) VALUES (5, '1', 21, 62, 12);
INSERT INTO `ingredients` (`recipe_id`, `quantity`, `msrmnt_id`, `item_id`, `order_num`) VALUES (5, '1.5', 5, 61, 13);
INSERT INTO `ingredients` (`recipe_id`, `quantity`, `msrmnt_id`, `item_id`, `order_num`) VALUES (1, '1', 3, 20, 3);
INSERT INTO `ingredients` (`recipe_id`, `quantity`, `msrmnt_id`, `item_id`, `order_num`) VALUES (1, '1', 3, 280, 2);
INSERT INTO `ingredients` (`recipe_id`, `quantity`, `msrmnt_id`, `item_id`, `order_num`) VALUES (1, '5', 10, 18, 1);
INSERT INTO `ingredients` (`recipe_id`, `quantity`, `msrmnt_id`, `item_id`, `order_num`) VALUES (3, '2 1/4', 3, 33, 5);
INSERT INTO `ingredients` (`recipe_id`, `quantity`, `msrmnt_id`, `item_id`, `order_num`) VALUES (8, '2', 4, 19, 5);
INSERT INTO `ingredients` (`recipe_id`, `quantity`, `msrmnt_id`, `item_id`, `order_num`) VALUES (8, '2', 3, 30, 6);
INSERT INTO `ingredients` (`recipe_id`, `quantity`, `msrmnt_id`, `item_id`, `order_num`) VALUES (8, '1/2', 1, 76, 7);
INSERT INTO `ingredients` (`recipe_id`, `quantity`, `msrmnt_id`, `item_id`, `order_num`) VALUES (9, '1', 2, 30, 4);
INSERT INTO `ingredients` (`recipe_id`, `quantity`, `msrmnt_id`, `item_id`, `order_num`) VALUES (10, '2', 1, 30, 7);
INSERT INTO `ingredients` (`recipe_id`, `quantity`, `msrmnt_id`, `item_id`, `order_num`) VALUES (10, '1/2', 1, 73, 8);
INSERT INTO `ingredients` (`recipe_id`, `quantity`, `msrmnt_id`, `item_id`, `order_num`) VALUES (11, '2', 1, 15, 10);
INSERT INTO `ingredients` (`recipe_id`, `quantity`, `msrmnt_id`, `item_id`, `order_num`) VALUES (11, '3', 1, 88, 11);
INSERT INTO `ingredients` (`recipe_id`, `quantity`, `msrmnt_id`, `item_id`, `order_num`) VALUES (11, '1 1/2', 1, 73, 12);
INSERT INTO `ingredients` (`recipe_id`, `quantity`, `msrmnt_id`, `item_id`, `order_num`) VALUES (13, '2 1/2', 1, 81, 2);
INSERT INTO `ingredients` (`recipe_id`, `quantity`, `msrmnt_id`, `item_id`, `order_num`) VALUES (13, '1/4', 3, 78, 1);
INSERT INTO `ingredients` (`recipe_id`, `quantity`, `msrmnt_id`, `item_id`, `order_num`) VALUES (18, '1', 25, 121, 9);
INSERT INTO `ingredients` (`recipe_id`, `quantity`, `msrmnt_id`, `item_id`, `order_num`) VALUES (18, '2', 2, 73, 8);
INSERT INTO `ingredients` (`recipe_id`, `quantity`, `msrmnt_id`, `item_id`, `order_num`) VALUES (29, '1/2', 3, 176, 13);
INSERT INTO `ingredients` (`recipe_id`, `quantity`, `msrmnt_id`, `item_id`, `order_num`) VALUES (29, '1/2', 3, 175, 12);
INSERT INTO `ingredients` (`recipe_id`, `quantity`, `msrmnt_id`, `item_id`, `order_num`) VALUES (29, '1/2', 3, 174, 11);
INSERT INTO `ingredients` (`recipe_id`, `quantity`, `msrmnt_id`, `item_id`, `order_num`) VALUES (29, '1', 1, 173, 10);
INSERT INTO `ingredients` (`recipe_id`, `quantity`, `msrmnt_id`, `item_id`, `order_num`) VALUES (29, '1/4', 3, 53, 9);
INSERT INTO `ingredients` (`recipe_id`, `quantity`, `msrmnt_id`, `item_id`, `order_num`) VALUES (29, '1/4', 3, 87, 8);
INSERT INTO `ingredients` (`recipe_id`, `quantity`, `msrmnt_id`, `item_id`, `order_num`) VALUES (29, '1 1/2', 1, 67, 7);
INSERT INTO `ingredients` (`recipe_id`, `quantity`, `msrmnt_id`, `item_id`, `order_num`) VALUES (29, '1/2', 3, 115, 6);
INSERT INTO `ingredients` (`recipe_id`, `quantity`, `msrmnt_id`, `item_id`, `order_num`) VALUES (29, '1/2', 3, 172, 5);
INSERT INTO `ingredients` (`recipe_id`, `quantity`, `msrmnt_id`, `item_id`, `order_num`) VALUES (29, '1/2', 3, 171, 4);
INSERT INTO `ingredients` (`recipe_id`, `quantity`, `msrmnt_id`, `item_id`, `order_num`) VALUES (29, '1/2', 3, 170, 3);
INSERT INTO `ingredients` (`recipe_id`, `quantity`, `msrmnt_id`, `item_id`, `order_num`) VALUES (29, '1/2', 3, 169, 2);
INSERT INTO `ingredients` (`recipe_id`, `quantity`, `msrmnt_id`, `item_id`, `order_num`) VALUES (29, '2', 3, 168, 1);
INSERT INTO `ingredients` (`recipe_id`, `quantity`, `msrmnt_id`, `item_id`, `order_num`) VALUES (30, '1/2', 3, 181, 9);
INSERT INTO `ingredients` (`recipe_id`, `quantity`, `msrmnt_id`, `item_id`, `order_num`) VALUES (30, '1', 3, 180, 8);
INSERT INTO `ingredients` (`recipe_id`, `quantity`, `msrmnt_id`, `item_id`, `order_num`) VALUES (30, '2', 11, 74, 7);
INSERT INTO `ingredients` (`recipe_id`, `quantity`, `msrmnt_id`, `item_id`, `order_num`) VALUES (30, '1', 1, 15, 6);
INSERT INTO `ingredients` (`recipe_id`, `quantity`, `msrmnt_id`, `item_id`, `order_num`) VALUES (30, '1/4', 1, 179, 5);
INSERT INTO `ingredients` (`recipe_id`, `quantity`, `msrmnt_id`, `item_id`, `order_num`) VALUES (30, '1', 1, 73, 4);
INSERT INTO `ingredients` (`recipe_id`, `quantity`, `msrmnt_id`, `item_id`, `order_num`) VALUES (30, '1', 2, 178, 3);
INSERT INTO `ingredients` (`recipe_id`, `quantity`, `msrmnt_id`, `item_id`, `order_num`) VALUES (30, '1', 3, 30, 2);
INSERT INTO `ingredients` (`recipe_id`, `quantity`, `msrmnt_id`, `item_id`, `order_num`) VALUES (30, '1 2/3', 3, 83, 1);
INSERT INTO `ingredients` (`recipe_id`, `quantity`, `msrmnt_id`, `item_id`, `order_num`) VALUES (33, '1/2', 3, 190, 3);
INSERT INTO `ingredients` (`recipe_id`, `quantity`, `msrmnt_id`, `item_id`, `order_num`) VALUES (33, '1/2', 3, 189, 2);
INSERT INTO `ingredients` (`recipe_id`, `quantity`, `msrmnt_id`, `item_id`, `order_num`) VALUES (33, '1/2', 3, 196, 1);
INSERT INTO `ingredients` (`recipe_id`, `quantity`, `msrmnt_id`, `item_id`, `order_num`) VALUES (36, '1', 3, 193, 2);
INSERT INTO `ingredients` (`recipe_id`, `quantity`, `msrmnt_id`, `item_id`, `order_num`) VALUES (36, '1', 2, 40, 3);
INSERT INTO `ingredients` (`recipe_id`, `quantity`, `msrmnt_id`, `item_id`, `order_num`) VALUES (36, '1', 9, 151, 4);
INSERT INTO `ingredients` (`recipe_id`, `quantity`, `msrmnt_id`, `item_id`, `order_num`) VALUES (36, '2', 15, 204, 5);
INSERT INTO `ingredients` (`recipe_id`, `quantity`, `msrmnt_id`, `item_id`, `order_num`) VALUES (36, '1/2', 3, 205, 6);
INSERT INTO `ingredients` (`recipe_id`, `quantity`, `msrmnt_id`, `item_id`, `order_num`) VALUES (36, '1', 2, 79, 7);
INSERT INTO `ingredients` (`recipe_id`, `quantity`, `msrmnt_id`, `item_id`, `order_num`) VALUES (36, '1', 18, 206, 8);
INSERT INTO `ingredients` (`recipe_id`, `quantity`, `msrmnt_id`, `item_id`, `order_num`) VALUES (36, '2', 23, 207, 9);
INSERT INTO `ingredients` (`recipe_id`, `quantity`, `msrmnt_id`, `item_id`, `order_num`) VALUES (36, '1/2', 1, 76, 10);
INSERT INTO `ingredients` (`recipe_id`, `quantity`, `msrmnt_id`, `item_id`, `order_num`) VALUES (36, '1/2', 26, 203, 1);
INSERT INTO `ingredients` (`recipe_id`, `quantity`, `msrmnt_id`, `item_id`, `order_num`) VALUES (36, '3', 7, 208, 11);
INSERT INTO `ingredients` (`recipe_id`, `quantity`, `msrmnt_id`, `item_id`, `order_num`) VALUES (36, '1 1/2', 3, 209, 12);
INSERT INTO `ingredients` (`recipe_id`, `quantity`, `msrmnt_id`, `item_id`, `order_num`) VALUES (36, '2', 2, 210, 13);
INSERT INTO `ingredients` (`recipe_id`, `quantity`, `msrmnt_id`, `item_id`, `order_num`) VALUES (36, '1', 25, 211, 14);
INSERT INTO `ingredients` (`recipe_id`, `quantity`, `msrmnt_id`, `item_id`, `order_num`) VALUES (30, '1', 3, 182, 10);
INSERT INTO `ingredients` (`recipe_id`, `quantity`, `msrmnt_id`, `item_id`, `order_num`) VALUES (38, '1 1/2', 3, 212, 1);
INSERT INTO `ingredients` (`recipe_id`, `quantity`, `msrmnt_id`, `item_id`, `order_num`) VALUES (38, '8', 27, 213, 2);
INSERT INTO `ingredients` (`recipe_id`, `quantity`, `msrmnt_id`, `item_id`, `order_num`) VALUES (38, '3', 2, 90, 3);
INSERT INTO `ingredients` (`recipe_id`, `quantity`, `msrmnt_id`, `item_id`, `order_num`) VALUES (38, '1/3', 3, 214, 4);
INSERT INTO `ingredients` (`recipe_id`, `quantity`, `msrmnt_id`, `item_id`, `order_num`) VALUES (38, '1/3', 3, 215, 5);
INSERT INTO `ingredients` (`recipe_id`, `quantity`, `msrmnt_id`, `item_id`, `order_num`) VALUES (38, '2', 2, 139, 6);
INSERT INTO `ingredients` (`recipe_id`, `quantity`, `msrmnt_id`, `item_id`, `order_num`) VALUES (38, '1', 3, 216, 7);
INSERT INTO `ingredients` (`recipe_id`, `quantity`, `msrmnt_id`, `item_id`, `order_num`) VALUES (38, '1 1 /2', 1, 11, 8);
INSERT INTO `ingredients` (`recipe_id`, `quantity`, `msrmnt_id`, `item_id`, `order_num`) VALUES (38, '3', 15, 5, 9);
INSERT INTO `ingredients` (`recipe_id`, `quantity`, `msrmnt_id`, `item_id`, `order_num`) VALUES (38, '2', 2, 218, 10);
INSERT INTO `ingredients` (`recipe_id`, `quantity`, `msrmnt_id`, `item_id`, `order_num`) VALUES (38, '1/3', 3, 83, 11);
INSERT INTO `ingredients` (`recipe_id`, `quantity`, `msrmnt_id`, `item_id`, `order_num`) VALUES (39, '3', 3, 219, 1);
INSERT INTO `ingredients` (`recipe_id`, `quantity`, `msrmnt_id`, `item_id`, `order_num`) VALUES (39, '1', 3, 174, 2);
INSERT INTO `ingredients` (`recipe_id`, `quantity`, `msrmnt_id`, `item_id`, `order_num`) VALUES (39, '2/3', 3, 220, 3);
INSERT INTO `ingredients` (`recipe_id`, `quantity`, `msrmnt_id`, `item_id`, `order_num`) VALUES (39, '1', 3, 89, 4);
INSERT INTO `ingredients` (`recipe_id`, `quantity`, `msrmnt_id`, `item_id`, `order_num`) VALUES (39, '2', 3, 221, 5);
INSERT INTO `ingredients` (`recipe_id`, `quantity`, `msrmnt_id`, `item_id`, `order_num`) VALUES (39, '1/3', 3, 68, 6);
INSERT INTO `ingredients` (`recipe_id`, `quantity`, `msrmnt_id`, `item_id`, `order_num`) VALUES (39, '1/2', 3, 87, 7);
INSERT INTO `ingredients` (`recipe_id`, `quantity`, `msrmnt_id`, `item_id`, `order_num`) VALUES (39, '2', 11, 222, 8);
INSERT INTO `ingredients` (`recipe_id`, `quantity`, `msrmnt_id`, `item_id`, `order_num`) VALUES (39, '1', 1, 231, 9);
INSERT INTO `ingredients` (`recipe_id`, `quantity`, `msrmnt_id`, `item_id`, `order_num`) VALUES (40, '6', 7, 224, 1);
INSERT INTO `ingredients` (`recipe_id`, `quantity`, `msrmnt_id`, `item_id`, `order_num`) VALUES (40, '2', 7, 33, 2);
INSERT INTO `ingredients` (`recipe_id`, `quantity`, `msrmnt_id`, `item_id`, `order_num`) VALUES (40, '2', 7, 225, 3);
INSERT INTO `ingredients` (`recipe_id`, `quantity`, `msrmnt_id`, `item_id`, `order_num`) VALUES (39, '2', 3, 230, 10);
INSERT INTO `ingredients` (`recipe_id`, `quantity`, `msrmnt_id`, `item_id`, `order_num`) VALUES (39, '2 1/2', 1, 73, 11);
INSERT INTO `ingredients` (`recipe_id`, `quantity`, `msrmnt_id`, `item_id`, `order_num`) VALUES (41, '4 3/4', 3, 119, 1);
INSERT INTO `ingredients` (`recipe_id`, `quantity`, `msrmnt_id`, `item_id`, `order_num`) VALUES (41, '3', 2, 233, 2);
INSERT INTO `ingredients` (`recipe_id`, `quantity`, `msrmnt_id`, `item_id`, `order_num`) VALUES (41, '2 1/2', 1, 15, 3);
INSERT INTO `ingredients` (`recipe_id`, `quantity`, `msrmnt_id`, `item_id`, `order_num`) VALUES (41, '2 1/2', 1, 77, 4);
INSERT INTO `ingredients` (`recipe_id`, `quantity`, `msrmnt_id`, `item_id`, `order_num`) VALUES (41, '1', 3, 234, 5);
INSERT INTO `ingredients` (`recipe_id`, `quantity`, `msrmnt_id`, `item_id`, `order_num`) VALUES (41, '2', 2, 235, 6);
INSERT INTO `ingredients` (`recipe_id`, `quantity`, `msrmnt_id`, `item_id`, `order_num`) VALUES (41, '1 1/2', 3, 80, 7);
INSERT INTO `ingredients` (`recipe_id`, `quantity`, `msrmnt_id`, `item_id`, `order_num`) VALUES (41, '1', 11, 69, 8);
INSERT INTO `ingredients` (`recipe_id`, `quantity`, `msrmnt_id`, `item_id`, `order_num`) VALUES (41, '1', 2, 17, 9);
INSERT INTO `ingredients` (`recipe_id`, `quantity`, `msrmnt_id`, `item_id`, `order_num`) VALUES (41, '1/4', 3, 183, 10);
INSERT INTO `ingredients` (`recipe_id`, `quantity`, `msrmnt_id`, `item_id`, `order_num`) VALUES (42, '1 1/4', 3, 41, 1);
INSERT INTO `ingredients` (`recipe_id`, `quantity`, `msrmnt_id`, `item_id`, `order_num`) VALUES (42, '1/4', 3, 236, 2);
INSERT INTO `ingredients` (`recipe_id`, `quantity`, `msrmnt_id`, `item_id`, `order_num`) VALUES (42, '3', 2, 237, 3);
INSERT INTO `ingredients` (`recipe_id`, `quantity`, `msrmnt_id`, `item_id`, `order_num`) VALUES (42, '2', 1, 179, 4);
INSERT INTO `ingredients` (`recipe_id`, `quantity`, `msrmnt_id`, `item_id`, `order_num`) VALUES (42, '1/2', 1, 15, 5);
INSERT INTO `ingredients` (`recipe_id`, `quantity`, `msrmnt_id`, `item_id`, `order_num`) VALUES (42, '1/2', 1, 200, 6);
INSERT INTO `ingredients` (`recipe_id`, `quantity`, `msrmnt_id`, `item_id`, `order_num`) VALUES (42, '1', 3, 238, 7);
INSERT INTO `ingredients` (`recipe_id`, `quantity`, `msrmnt_id`, `item_id`, `order_num`) VALUES (42, '1', 3, 239, 8);
INSERT INTO `ingredients` (`recipe_id`, `quantity`, `msrmnt_id`, `item_id`, `order_num`) VALUES (42, '3', 2, 14, 9);
INSERT INTO `ingredients` (`recipe_id`, `quantity`, `msrmnt_id`, `item_id`, `order_num`) VALUES (42, '1', 2, 202, 10);
INSERT INTO `ingredients` (`recipe_id`, `quantity`, `msrmnt_id`, `item_id`, `order_num`) VALUES (42, '1/2', 1, 32, 11);
INSERT INTO `ingredients` (`recipe_id`, `quantity`, `msrmnt_id`, `item_id`, `order_num`) VALUES (42, '2', 11, 240, 12);
INSERT INTO `ingredients` (`recipe_id`, `quantity`, `msrmnt_id`, `item_id`, `order_num`) VALUES (42, '2', 11, 241, 13);
INSERT INTO `ingredients` (`recipe_id`, `quantity`, `msrmnt_id`, `item_id`, `order_num`) VALUES (43, '1', 3, 242, 1);
INSERT INTO `ingredients` (`recipe_id`, `quantity`, `msrmnt_id`, `item_id`, `order_num`) VALUES (43, '1/4', 3, 243, 2);
INSERT INTO `ingredients` (`recipe_id`, `quantity`, `msrmnt_id`, `item_id`, `order_num`) VALUES (43, '2', 2, 244, 3);
INSERT INTO `ingredients` (`recipe_id`, `quantity`, `msrmnt_id`, `item_id`, `order_num`) VALUES (43, '1/2', 1, 245, 4);
INSERT INTO `ingredients` (`recipe_id`, `quantity`, `msrmnt_id`, `item_id`, `order_num`) VALUES (43, '1/2', 1, 246, 5);
INSERT INTO `ingredients` (`recipe_id`, `quantity`, `msrmnt_id`, `item_id`, `order_num`) VALUES (43, '1/4', 1, 247, 6);
INSERT INTO `ingredients` (`recipe_id`, `quantity`, `msrmnt_id`, `item_id`, `order_num`) VALUES (43, '1/4', 1, 248, 7);
INSERT INTO `ingredients` (`recipe_id`, `quantity`, `msrmnt_id`, `item_id`, `order_num`) VALUES (43, '1/4', 1, 200, 8);
INSERT INTO `ingredients` (`recipe_id`, `quantity`, `msrmnt_id`, `item_id`, `order_num`) VALUES (43, '1/4', 1, 159, 9);
INSERT INTO `ingredients` (`recipe_id`, `quantity`, `msrmnt_id`, `item_id`, `order_num`) VALUES (43, '6 - 6', 7, 249, 10);
INSERT INTO `ingredients` (`recipe_id`, `quantity`, `msrmnt_id`, `item_id`, `order_num`) VALUES (43, '1', 3, 20, 11);
INSERT INTO `ingredients` (`recipe_id`, `quantity`, `msrmnt_id`, `item_id`, `order_num`) VALUES (43, '1 1/2', 2, 90, 12);
INSERT INTO `ingredients` (`recipe_id`, `quantity`, `msrmnt_id`, `item_id`, `order_num`) VALUES (43, '1', 2, 250, 13);
INSERT INTO `ingredients` (`recipe_id`, `quantity`, `msrmnt_id`, `item_id`, `order_num`) VALUES (44, '3', 2, 220, 2);
INSERT INTO `ingredients` (`recipe_id`, `quantity`, `msrmnt_id`, `item_id`, `order_num`) VALUES (44, '8', 7, 251, 1);
INSERT INTO `ingredients` (`recipe_id`, `quantity`, `msrmnt_id`, `item_id`, `order_num`) VALUES (44, '1', 15, 5, 3);
INSERT INTO `ingredients` (`recipe_id`, `quantity`, `msrmnt_id`, `item_id`, `order_num`) VALUES (44, '1', 11, 69, 4);
INSERT INTO `ingredients` (`recipe_id`, `quantity`, `msrmnt_id`, `item_id`, `order_num`) VALUES (44, '4', 2, 252, 5);
INSERT INTO `ingredients` (`recipe_id`, `quantity`, `msrmnt_id`, `item_id`, `order_num`) VALUES (44, '2', 2, 30, 6);
INSERT INTO `ingredients` (`recipe_id`, `quantity`, `msrmnt_id`, `item_id`, `order_num`) VALUES (44, '1', 2, 253, 7);
INSERT INTO `ingredients` (`recipe_id`, `quantity`, `msrmnt_id`, `item_id`, `order_num`) VALUES (44, '1', 2, 139, 8);
INSERT INTO `ingredients` (`recipe_id`, `quantity`, `msrmnt_id`, `item_id`, `order_num`) VALUES (44, '1/2', 1, 254, 9);
INSERT INTO `ingredients` (`recipe_id`, `quantity`, `msrmnt_id`, `item_id`, `order_num`) VALUES (44, '2', 29, 255, 10);
INSERT INTO `ingredients` (`recipe_id`, `quantity`, `msrmnt_id`, `item_id`, `order_num`) VALUES (44, '1', 3, 256, 11);
INSERT INTO `ingredients` (`recipe_id`, `quantity`, `msrmnt_id`, `item_id`, `order_num`) VALUES (44, '1/4', 3, 257, 12);
INSERT INTO `ingredients` (`recipe_id`, `quantity`, `msrmnt_id`, `item_id`, `order_num`) VALUES (45, '1', 11, 259, 2);
INSERT INTO `ingredients` (`recipe_id`, `quantity`, `msrmnt_id`, `item_id`, `order_num`) VALUES (45, '1', 11, 260, 3);
INSERT INTO `ingredients` (`recipe_id`, `quantity`, `msrmnt_id`, `item_id`, `order_num`) VALUES (45, '1', 29, 261, 4);
INSERT INTO `ingredients` (`recipe_id`, `quantity`, `msrmnt_id`, `item_id`, `order_num`) VALUES (45, '2', 2, 215, 5);
INSERT INTO `ingredients` (`recipe_id`, `quantity`, `msrmnt_id`, `item_id`, `order_num`) VALUES (45, '1/4', 3, 262, 6);
INSERT INTO `ingredients` (`recipe_id`, `quantity`, `msrmnt_id`, `item_id`, `order_num`) VALUES (45, '2/3', 3, 263, 7);
INSERT INTO `ingredients` (`recipe_id`, `quantity`, `msrmnt_id`, `item_id`, `order_num`) VALUES (45, '1', 9, 264, 8);
INSERT INTO `ingredients` (`recipe_id`, `quantity`, `msrmnt_id`, `item_id`, `order_num`) VALUES (45, '3', 30, 265, 9);
INSERT INTO `ingredients` (`recipe_id`, `quantity`, `msrmnt_id`, `item_id`, `order_num`) VALUES (45, '1 1/2', 2, 266, 10);
INSERT INTO `ingredients` (`recipe_id`, `quantity`, `msrmnt_id`, `item_id`, `order_num`) VALUES (45, '1', 8, 270, 1);
INSERT INTO `ingredients` (`recipe_id`, `quantity`, `msrmnt_id`, `item_id`, `order_num`) VALUES (45, '1/3', 3, 253, 11);
INSERT INTO `ingredients` (`recipe_id`, `quantity`, `msrmnt_id`, `item_id`, `order_num`) VALUES (45, '1/3', 3, 139, 12);
INSERT INTO `ingredients` (`recipe_id`, `quantity`, `msrmnt_id`, `item_id`, `order_num`) VALUES (45, '3', 2, 267, 13);
INSERT INTO `ingredients` (`recipe_id`, `quantity`, `msrmnt_id`, `item_id`, `order_num`) VALUES (45, '3', 2, 268, 14);
INSERT INTO `ingredients` (`recipe_id`, `quantity`, `msrmnt_id`, `item_id`, `order_num`) VALUES (46, '2', 3, 17, 1);
INSERT INTO `ingredients` (`recipe_id`, `quantity`, `msrmnt_id`, `item_id`, `order_num`) VALUES (46, '2 - 6', 7, 271, 2);
INSERT INTO `ingredients` (`recipe_id`, `quantity`, `msrmnt_id`, `item_id`, `order_num`) VALUES (46, '4', 29, 272, 3);
INSERT INTO `ingredients` (`recipe_id`, `quantity`, `msrmnt_id`, `item_id`, `order_num`) VALUES (46, '1', 29, 273, 4);
INSERT INTO `ingredients` (`recipe_id`, `quantity`, `msrmnt_id`, `item_id`, `order_num`) VALUES (46, '2', 2, 253, 5);
INSERT INTO `ingredients` (`recipe_id`, `quantity`, `msrmnt_id`, `item_id`, `order_num`) VALUES (46, '4', 2, 268, 6);
INSERT INTO `ingredients` (`recipe_id`, `quantity`, `msrmnt_id`, `item_id`, `order_num`) VALUES (46, '4', 1, 139, 7);
INSERT INTO `ingredients` (`recipe_id`, `quantity`, `msrmnt_id`, `item_id`, `order_num`) VALUES (46, '2', 1, 87, 8);
INSERT INTO `ingredients` (`recipe_id`, `quantity`, `msrmnt_id`, `item_id`, `order_num`) VALUES (46, '1', 1, 274, 9);
INSERT INTO `ingredients` (`recipe_id`, `quantity`, `msrmnt_id`, `item_id`, `order_num`) VALUES (46, '3', 3, 275, 10);
INSERT INTO `ingredients` (`recipe_id`, `quantity`, `msrmnt_id`, `item_id`, `order_num`) VALUES (46, '1', 3, 276, 11);
INSERT INTO `ingredients` (`recipe_id`, `quantity`, `msrmnt_id`, `item_id`, `order_num`) VALUES (46, '1/2', 3, 277, 12);
INSERT INTO `ingredients` (`recipe_id`, `quantity`, `msrmnt_id`, `item_id`, `order_num`) VALUES (46, '1/4', 3, 278, 13);
INSERT INTO `ingredients` (`recipe_id`, `quantity`, `msrmnt_id`, `item_id`, `order_num`) VALUES (46, '1/4', 3, 279, 14);
INSERT INTO `ingredients` (`recipe_id`, `quantity`, `msrmnt_id`, `item_id`, `order_num`) VALUES (13, '3', 2, 93, 11);
INSERT INTO `ingredients` (`recipe_id`, `quantity`, `msrmnt_id`, `item_id`, `order_num`) VALUES (13, '2', 1, 94, 12);
INSERT INTO `ingredients` (`recipe_id`, `quantity`, `msrmnt_id`, `item_id`, `order_num`) VALUES (49, '1', 11, 69, 8);
INSERT INTO `ingredients` (`recipe_id`, `quantity`, `msrmnt_id`, `item_id`, `order_num`) VALUES (49, '3/4', 1, 15, 7);
INSERT INTO `ingredients` (`recipe_id`, `quantity`, `msrmnt_id`, `item_id`, `order_num`) VALUES (49, '1', 1, 159, 6);
INSERT INTO `ingredients` (`recipe_id`, `quantity`, `msrmnt_id`, `item_id`, `order_num`) VALUES (49, '1/2', 1, 73, 5);
INSERT INTO `ingredients` (`recipe_id`, `quantity`, `msrmnt_id`, `item_id`, `order_num`) VALUES (49, '1', 1, 179, 4);
INSERT INTO `ingredients` (`recipe_id`, `quantity`, `msrmnt_id`, `item_id`, `order_num`) VALUES (49, '1/2', 3, 30, 3);
INSERT INTO `ingredients` (`recipe_id`, `quantity`, `msrmnt_id`, `item_id`, `order_num`) VALUES (48, '2', 3, 281, 1);
INSERT INTO `ingredients` (`recipe_id`, `quantity`, `msrmnt_id`, `item_id`, `order_num`) VALUES (48, '2', 3, 282, 2);
INSERT INTO `ingredients` (`recipe_id`, `quantity`, `msrmnt_id`, `item_id`, `order_num`) VALUES (48, '1 1/2', 3, 283, 3);
INSERT INTO `ingredients` (`recipe_id`, `quantity`, `msrmnt_id`, `item_id`, `order_num`) VALUES (48, '2', 2, 179, 4);
INSERT INTO `ingredients` (`recipe_id`, `quantity`, `msrmnt_id`, `item_id`, `order_num`) VALUES (48, '2', 1, 15, 5);
INSERT INTO `ingredients` (`recipe_id`, `quantity`, `msrmnt_id`, `item_id`, `order_num`) VALUES (48, '1/2', 3, 171, 6);
INSERT INTO `ingredients` (`recipe_id`, `quantity`, `msrmnt_id`, `item_id`, `order_num`) VALUES (48, '3', 1, 200, 7);
INSERT INTO `ingredients` (`recipe_id`, `quantity`, `msrmnt_id`, `item_id`, `order_num`) VALUES (48, '1', 31, 88, 8);
INSERT INTO `ingredients` (`recipe_id`, `quantity`, `msrmnt_id`, `item_id`, `order_num`) VALUES (48, '2', 32, 17, 9);
INSERT INTO `ingredients` (`recipe_id`, `quantity`, `msrmnt_id`, `item_id`, `order_num`) VALUES (48, '2', 11, 284, 10);
INSERT INTO `ingredients` (`recipe_id`, `quantity`, `msrmnt_id`, `item_id`, `order_num`) VALUES (48, '1/2', 3, 202, 11);
INSERT INTO `ingredients` (`recipe_id`, `quantity`, `msrmnt_id`, `item_id`, `order_num`) VALUES (48, '3/4', 3, 285, 12);
INSERT INTO `ingredients` (`recipe_id`, `quantity`, `msrmnt_id`, `item_id`, `order_num`) VALUES (49, '1', 3, 287, 9);
INSERT INTO `ingredients` (`recipe_id`, `quantity`, `msrmnt_id`, `item_id`, `order_num`) VALUES (49, '1 3/4', 3, 188, 2);
INSERT INTO `ingredients` (`recipe_id`, `quantity`, `msrmnt_id`, `item_id`, `order_num`) VALUES (49, '1', 3, 286, 1);
INSERT INTO `ingredients` (`recipe_id`, `quantity`, `msrmnt_id`, `item_id`, `order_num`) VALUES (49, '1/3', 3, 238, 10);
INSERT INTO `ingredients` (`recipe_id`, `quantity`, `msrmnt_id`, `item_id`, `order_num`) VALUES (50, '1/4', 3, 288, 1);
INSERT INTO `ingredients` (`recipe_id`, `quantity`, `msrmnt_id`, `item_id`, `order_num`) VALUES (50, '1', 11, 289, 2);
INSERT INTO `ingredients` (`recipe_id`, `quantity`, `msrmnt_id`, `item_id`, `order_num`) VALUES (50, '2', 2, 290, 3);
INSERT INTO `ingredients` (`recipe_id`, `quantity`, `msrmnt_id`, `item_id`, `order_num`) VALUES (50, '8', 33, 291, 4);
INSERT INTO `ingredients` (`recipe_id`, `quantity`, `msrmnt_id`, `item_id`, `order_num`) VALUES (76, '2', 2, 15, 1);
INSERT INTO `ingredients` (`recipe_id`, `quantity`, `msrmnt_id`, `item_id`, `order_num`) VALUES (51, '3/4', 3, 296, 6);
INSERT INTO `ingredients` (`recipe_id`, `quantity`, `msrmnt_id`, `item_id`, `order_num`) VALUES (51, '1/4', 3, 295, 5);
INSERT INTO `ingredients` (`recipe_id`, `quantity`, `msrmnt_id`, `item_id`, `order_num`) VALUES (51, '2', 11, 74, 4);
INSERT INTO `ingredients` (`recipe_id`, `quantity`, `msrmnt_id`, `item_id`, `order_num`) VALUES (51, '1/4', 3, 294, 3);
INSERT INTO `ingredients` (`recipe_id`, `quantity`, `msrmnt_id`, `item_id`, `order_num`) VALUES (51, '1/2', 1, 293, 2);
INSERT INTO `ingredients` (`recipe_id`, `quantity`, `msrmnt_id`, `item_id`, `order_num`) VALUES (51, '2', 3, 292, 1);
INSERT INTO `ingredients` (`recipe_id`, `quantity`, `msrmnt_id`, `item_id`, `order_num`) VALUES (52, '1', 3, 298, 1);
INSERT INTO `ingredients` (`recipe_id`, `quantity`, `msrmnt_id`, `item_id`, `order_num`) VALUES (52, '2', 3, 14, 2);
INSERT INTO `ingredients` (`recipe_id`, `quantity`, `msrmnt_id`, `item_id`, `order_num`) VALUES (52, '1/2', 3, 299, 3);
INSERT INTO `ingredients` (`recipe_id`, `quantity`, `msrmnt_id`, `item_id`, `order_num`) VALUES (52, '1', 1, 15, 4);
INSERT INTO `ingredients` (`recipe_id`, `quantity`, `msrmnt_id`, `item_id`, `order_num`) VALUES (52, '1/2', 1, 73, 5);
INSERT INTO `ingredients` (`recipe_id`, `quantity`, `msrmnt_id`, `item_id`, `order_num`) VALUES (52, '1', 1, 32, 6);
INSERT INTO `ingredients` (`recipe_id`, `quantity`, `msrmnt_id`, `item_id`, `order_num`) VALUES (52, '5', 5, 300, 7);
INSERT INTO `ingredients` (`recipe_id`, `quantity`, `msrmnt_id`, `item_id`, `order_num`) VALUES (52, '1 1/2', 3, 301, 8);
INSERT INTO `ingredients` (`recipe_id`, `quantity`, `msrmnt_id`, `item_id`, `order_num`) VALUES (52, '1', 3, 302, 9);
INSERT INTO `ingredients` (`recipe_id`, `quantity`, `msrmnt_id`, `item_id`, `order_num`) VALUES (53, '1 1/2', 26, 305, 9);
INSERT INTO `ingredients` (`recipe_id`, `quantity`, `msrmnt_id`, `item_id`, `order_num`) VALUES (53, '1/2', 1, 52, 8);
INSERT INTO `ingredients` (`recipe_id`, `quantity`, `msrmnt_id`, `item_id`, `order_num`) VALUES (53, '1/4', 1, 15, 7);
INSERT INTO `ingredients` (`recipe_id`, `quantity`, `msrmnt_id`, `item_id`, `order_num`) VALUES (53, '3', 29, 152, 6);
INSERT INTO `ingredients` (`recipe_id`, `quantity`, `msrmnt_id`, `item_id`, `order_num`) VALUES (53, '1', 2, 148, 5);
INSERT INTO `ingredients` (`recipe_id`, `quantity`, `msrmnt_id`, `item_id`, `order_num`) VALUES (53, '3', 2, 30, 4);
INSERT INTO `ingredients` (`recipe_id`, `quantity`, `msrmnt_id`, `item_id`, `order_num`) VALUES (53, '1', 1, 304, 3);
INSERT INTO `ingredients` (`recipe_id`, `quantity`, `msrmnt_id`, `item_id`, `order_num`) VALUES (53, '2', 2, 303, 2);
INSERT INTO `ingredients` (`recipe_id`, `quantity`, `msrmnt_id`, `item_id`, `order_num`) VALUES (53, '1/2', 3, 139, 1);
INSERT INTO `ingredients` (`recipe_id`, `quantity`, `msrmnt_id`, `item_id`, `order_num`) VALUES (39, '1/4', 1, 15, 12);
INSERT INTO `ingredients` (`recipe_id`, `quantity`, `msrmnt_id`, `item_id`, `order_num`) VALUES (54, '1/4', 3, 33, 4);
INSERT INTO `ingredients` (`recipe_id`, `quantity`, `msrmnt_id`, `item_id`, `order_num`) VALUES (54, '1/4', 3, 267, 3);
INSERT INTO `ingredients` (`recipe_id`, `quantity`, `msrmnt_id`, `item_id`, `order_num`) VALUES (54, '1', 3, 30, 2);
INSERT INTO `ingredients` (`recipe_id`, `quantity`, `msrmnt_id`, `item_id`, `order_num`) VALUES (54, '4', 3, 306, 1);
INSERT INTO `ingredients` (`recipe_id`, `quantity`, `msrmnt_id`, `item_id`, `order_num`) VALUES (55, '2', 2, 310, 6);
INSERT INTO `ingredients` (`recipe_id`, `quantity`, `msrmnt_id`, `item_id`, `order_num`) VALUES (55, '2', 1, 43, 5);
INSERT INTO `ingredients` (`recipe_id`, `quantity`, `msrmnt_id`, `item_id`, `order_num`) VALUES (55, '2', 2, 309, 4);
INSERT INTO `ingredients` (`recipe_id`, `quantity`, `msrmnt_id`, `item_id`, `order_num`) VALUES (55, '2 3/4', 3, 308, 3);
INSERT INTO `ingredients` (`recipe_id`, `quantity`, `msrmnt_id`, `item_id`, `order_num`) VALUES (12, '1', 1, 15, 7);
INSERT INTO `ingredients` (`recipe_id`, `quantity`, `msrmnt_id`, `item_id`, `order_num`) VALUES (12, '2 1/2', 3, 82, 8);
INSERT INTO `ingredients` (`recipe_id`, `quantity`, `msrmnt_id`, `item_id`, `order_num`) VALUES (12, '3', 3, 83, 9);
INSERT INTO `ingredients` (`recipe_id`, `quantity`, `msrmnt_id`, `item_id`, `order_num`) VALUES (12, '2', 2, 220, 10);
INSERT INTO `ingredients` (`recipe_id`, `quantity`, `msrmnt_id`, `item_id`, `order_num`) VALUES (56, '2 1/2', 1, 73, 7);
INSERT INTO `ingredients` (`recipe_id`, `quantity`, `msrmnt_id`, `item_id`, `order_num`) VALUES (56, '2 1/2', 3, 83, 6);
INSERT INTO `ingredients` (`recipe_id`, `quantity`, `msrmnt_id`, `item_id`, `order_num`) VALUES (56, '2', 11, 74, 5);
INSERT INTO `ingredients` (`recipe_id`, `quantity`, `msrmnt_id`, `item_id`, `order_num`) VALUES (56, '3/4', 3, 312, 4);
INSERT INTO `ingredients` (`recipe_id`, `quantity`, `msrmnt_id`, `item_id`, `order_num`) VALUES (56, '1c', 3, 30, 3);
INSERT INTO `ingredients` (`recipe_id`, `quantity`, `msrmnt_id`, `item_id`, `order_num`) VALUES (56, '1', 3, 89, 2);
INSERT INTO `ingredients` (`recipe_id`, `quantity`, `msrmnt_id`, `item_id`, `order_num`) VALUES (56, '3', 3, 311, 1);
INSERT INTO `ingredients` (`recipe_id`, `quantity`, `msrmnt_id`, `item_id`, `order_num`) VALUES (57, '1 1/2', 3, 30, 1);
INSERT INTO `ingredients` (`recipe_id`, `quantity`, `msrmnt_id`, `item_id`, `order_num`) VALUES (57, '1', 3, 22, 2);
INSERT INTO `ingredients` (`recipe_id`, `quantity`, `msrmnt_id`, `item_id`, `order_num`) VALUES (57, '1/4', 3, 68, 3);
INSERT INTO `ingredients` (`recipe_id`, `quantity`, `msrmnt_id`, `item_id`, `order_num`) VALUES (57, '1', 11, 69, 4);
INSERT INTO `ingredients` (`recipe_id`, `quantity`, `msrmnt_id`, `item_id`, `order_num`) VALUES (57, '2 1/4', 3, 79, 5);
INSERT INTO `ingredients` (`recipe_id`, `quantity`, `msrmnt_id`, `item_id`, `order_num`) VALUES (57, '1 1/2', 2, 314, 6);
INSERT INTO `ingredients` (`recipe_id`, `quantity`, `msrmnt_id`, `item_id`, `order_num`) VALUES (57, '4', 1, 201, 7);
INSERT INTO `ingredients` (`recipe_id`, `quantity`, `msrmnt_id`, `item_id`, `order_num`) VALUES (57, '2', 1, 73, 8);
INSERT INTO `ingredients` (`recipe_id`, `quantity`, `msrmnt_id`, `item_id`, `order_num`) VALUES (57, '1/4', 1, 15, 9);
INSERT INTO `ingredients` (`recipe_id`, `quantity`, `msrmnt_id`, `item_id`, `order_num`) VALUES (57, '1/2', 3, 315, 10);
INSERT INTO `ingredients` (`recipe_id`, `quantity`, `msrmnt_id`, `item_id`, `order_num`) VALUES (58, '3/4', 3, 316, 1);
INSERT INTO `ingredients` (`recipe_id`, `quantity`, `msrmnt_id`, `item_id`, `order_num`) VALUES (58, '1/3', 3, 87, 2);
INSERT INTO `ingredients` (`recipe_id`, `quantity`, `msrmnt_id`, `item_id`, `order_num`) VALUES (58, '1/4', 3, 17, 3);
INSERT INTO `ingredients` (`recipe_id`, `quantity`, `msrmnt_id`, `item_id`, `order_num`) VALUES (58, '1', 1, 15, 4);
INSERT INTO `ingredients` (`recipe_id`, `quantity`, `msrmnt_id`, `item_id`, `order_num`) VALUES (58, '1/2', 3, 153, 5);
INSERT INTO `ingredients` (`recipe_id`, `quantity`, `msrmnt_id`, `item_id`, `order_num`) VALUES (58, '3', 3, 282, 6);
INSERT INTO `ingredients` (`recipe_id`, `quantity`, `msrmnt_id`, `item_id`, `order_num`) VALUES (58, '1', 3, 317, 7);
INSERT INTO `ingredients` (`recipe_id`, `quantity`, `msrmnt_id`, `item_id`, `order_num`) VALUES (58, '1', 3, 171, 8);
INSERT INTO `ingredients` (`recipe_id`, `quantity`, `msrmnt_id`, `item_id`, `order_num`) VALUES (58, '1/4', 3, 318, 9);
INSERT INTO `ingredients` (`recipe_id`, `quantity`, `msrmnt_id`, `item_id`, `order_num`) VALUES (58, '1 1/2', 3, 319, 10);
INSERT INTO `ingredients` (`recipe_id`, `quantity`, `msrmnt_id`, `item_id`, `order_num`) VALUES (59, '1/4', 1, 15, 2);
INSERT INTO `ingredients` (`recipe_id`, `quantity`, `msrmnt_id`, `item_id`, `order_num`) VALUES (59, '1', 3, 320, 3);
INSERT INTO `ingredients` (`recipe_id`, `quantity`, `msrmnt_id`, `item_id`, `order_num`) VALUES (59, '1/4', 3, 321, 4);
INSERT INTO `ingredients` (`recipe_id`, `quantity`, `msrmnt_id`, `item_id`, `order_num`) VALUES (59, '2', 2, 14, 5);
INSERT INTO `ingredients` (`recipe_id`, `quantity`, `msrmnt_id`, `item_id`, `order_num`) VALUES (59, '2', 2, 175, 6);
INSERT INTO `ingredients` (`recipe_id`, `quantity`, `msrmnt_id`, `item_id`, `order_num`) VALUES (60, '1', 11, 324, 1);
INSERT INTO `ingredients` (`recipe_id`, `quantity`, `msrmnt_id`, `item_id`, `order_num`) VALUES (60, '4', 2, 90, 3);
INSERT INTO `ingredients` (`recipe_id`, `quantity`, `msrmnt_id`, `item_id`, `order_num`) VALUES (60, '2', 2, 87, 4);
INSERT INTO `ingredients` (`recipe_id`, `quantity`, `msrmnt_id`, `item_id`, `order_num`) VALUES (61, '1/2', 4, 325, 1);
INSERT INTO `ingredients` (`recipe_id`, `quantity`, `msrmnt_id`, `item_id`, `order_num`) VALUES (61, '1', 11, 326, 2);
INSERT INTO `ingredients` (`recipe_id`, `quantity`, `msrmnt_id`, `item_id`, `order_num`) VALUES (61, '1/2', 29, 327, 3);
INSERT INTO `ingredients` (`recipe_id`, `quantity`, `msrmnt_id`, `item_id`, `order_num`) VALUES (61, '1/2', 29, 328, 4);
INSERT INTO `ingredients` (`recipe_id`, `quantity`, `msrmnt_id`, `item_id`, `order_num`) VALUES (61, '2', 34, 329, 5);
INSERT INTO `ingredients` (`recipe_id`, `quantity`, `msrmnt_id`, `item_id`, `order_num`) VALUES (61, '1/2', 29, 330, 6);
INSERT INTO `ingredients` (`recipe_id`, `quantity`, `msrmnt_id`, `item_id`, `order_num`) VALUES (61, '3', 2, 331, 7);
INSERT INTO `ingredients` (`recipe_id`, `quantity`, `msrmnt_id`, `item_id`, `order_num`) VALUES (61, '2', 2, 332, 8);
INSERT INTO `ingredients` (`recipe_id`, `quantity`, `msrmnt_id`, `item_id`, `order_num`) VALUES (61, '1', 1, 30, 9);
INSERT INTO `ingredients` (`recipe_id`, `quantity`, `msrmnt_id`, `item_id`, `order_num`) VALUES (61, '1', 1, 333, 10);
INSERT INTO `ingredients` (`recipe_id`, `quantity`, `msrmnt_id`, `item_id`, `order_num`) VALUES (62, '1', 3, 82, 1);
INSERT INTO `ingredients` (`recipe_id`, `quantity`, `msrmnt_id`, `item_id`, `order_num`) VALUES (62, '1/3', 3, 334, 2);
INSERT INTO `ingredients` (`recipe_id`, `quantity`, `msrmnt_id`, `item_id`, `order_num`) VALUES (62, '1/3', 3, 335, 3);
INSERT INTO `ingredients` (`recipe_id`, `quantity`, `msrmnt_id`, `item_id`, `order_num`) VALUES (62, '1/3', 3, 171, 4);
INSERT INTO `ingredients` (`recipe_id`, `quantity`, `msrmnt_id`, `item_id`, `order_num`) VALUES (62, '1/3', 3, 190, 5);
INSERT INTO `ingredients` (`recipe_id`, `quantity`, `msrmnt_id`, `item_id`, `order_num`) VALUES (62, '1', 2, 179, 6);
INSERT INTO `ingredients` (`recipe_id`, `quantity`, `msrmnt_id`, `item_id`, `order_num`) VALUES (62, '2', 2, 30, 7);
INSERT INTO `ingredients` (`recipe_id`, `quantity`, `msrmnt_id`, `item_id`, `order_num`) VALUES (62, '1 3/4', 3, 336, 8);
INSERT INTO `ingredients` (`recipe_id`, `quantity`, `msrmnt_id`, `item_id`, `order_num`) VALUES (62, '2', 7, 337, 9);
INSERT INTO `ingredients` (`recipe_id`, `quantity`, `msrmnt_id`, `item_id`, `order_num`) VALUES (62, '3', 2, 202, 10);
INSERT INTO `ingredients` (`recipe_id`, `quantity`, `msrmnt_id`, `item_id`, `order_num`) VALUES (62, '2', 11, 74, 11);
INSERT INTO `ingredients` (`recipe_id`, `quantity`, `msrmnt_id`, `item_id`, `order_num`) VALUES (63, '1', 8, 338, 1);
INSERT INTO `ingredients` (`recipe_id`, `quantity`, `msrmnt_id`, `item_id`, `order_num`) VALUES (63, '3', 15, 5, 2);
INSERT INTO `ingredients` (`recipe_id`, `quantity`, `msrmnt_id`, `item_id`, `order_num`) VALUES (63, '2', 7, 339, 3);
INSERT INTO `ingredients` (`recipe_id`, `quantity`, `msrmnt_id`, `item_id`, `order_num`) VALUES (63, '1', 7, 340, 4);
INSERT INTO `ingredients` (`recipe_id`, `quantity`, `msrmnt_id`, `item_id`, `order_num`) VALUES (63, '3/4', 1, 94, 5);
INSERT INTO `ingredients` (`recipe_id`, `quantity`, `msrmnt_id`, `item_id`, `order_num`) VALUES (63, '1/2', 1, 52, 6);
INSERT INTO `ingredients` (`recipe_id`, `quantity`, `msrmnt_id`, `item_id`, `order_num`) VALUES (63, '6', 7, 341, 7);
INSERT INTO `ingredients` (`recipe_id`, `quantity`, `msrmnt_id`, `item_id`, `order_num`) VALUES (63, '2', 2, 342, 8);
INSERT INTO `ingredients` (`recipe_id`, `quantity`, `msrmnt_id`, `item_id`, `order_num`) VALUES (56, '1/2', 1, 15, 8);
INSERT INTO `ingredients` (`recipe_id`, `quantity`, `msrmnt_id`, `item_id`, `order_num`) VALUES (56, '2', 3, 313, 9);
INSERT INTO `ingredients` (`recipe_id`, `quantity`, `msrmnt_id`, `item_id`, `order_num`) VALUES (64, '3', 2, 202, 1);
INSERT INTO `ingredients` (`recipe_id`, `quantity`, `msrmnt_id`, `item_id`, `order_num`) VALUES (64, '1', 8, 343, 3);
INSERT INTO `ingredients` (`recipe_id`, `quantity`, `msrmnt_id`, `item_id`, `order_num`) VALUES (64, '2', 9, 344, 4);
INSERT INTO `ingredients` (`recipe_id`, `quantity`, `msrmnt_id`, `item_id`, `order_num`) VALUES (64, '1/2', 8, 345, 5);
INSERT INTO `ingredients` (`recipe_id`, `quantity`, `msrmnt_id`, `item_id`, `order_num`) VALUES (64, '1/2', 9, 346, 6);
INSERT INTO `ingredients` (`recipe_id`, `quantity`, `msrmnt_id`, `item_id`, `order_num`) VALUES (64, '1/2', 8, 347, 7);
INSERT INTO `ingredients` (`recipe_id`, `quantity`, `msrmnt_id`, `item_id`, `order_num`) VALUES (64, '4', 15, 5, 8);
INSERT INTO `ingredients` (`recipe_id`, `quantity`, `msrmnt_id`, `item_id`, `order_num`) VALUES (64, '1/4', 3, 348, 9);
INSERT INTO `ingredients` (`recipe_id`, `quantity`, `msrmnt_id`, `item_id`, `order_num`) VALUES (64, '5', 1, 349, 10);
INSERT INTO `ingredients` (`recipe_id`, `quantity`, `msrmnt_id`, `item_id`, `order_num`) VALUES (64, '3', 2, 350, 11);
INSERT INTO `ingredients` (`recipe_id`, `quantity`, `msrmnt_id`, `item_id`, `order_num`) VALUES (64, '4', 1, 14, 12);
INSERT INTO `ingredients` (`recipe_id`, `quantity`, `msrmnt_id`, `item_id`, `order_num`) VALUES (64, '1/4', 1, 351, 13);
INSERT INTO `ingredients` (`recipe_id`, `quantity`, `msrmnt_id`, `item_id`, `order_num`) VALUES (64, '2', 2, 17, 14);
INSERT INTO `ingredients` (`recipe_id`, `quantity`, `msrmnt_id`, `item_id`, `order_num`) VALUES (55, '1/2', 1, 94, 7);
INSERT INTO `ingredients` (`recipe_id`, `quantity`, `msrmnt_id`, `item_id`, `order_num`) VALUES (55, '2', 15, 5, 2);
INSERT INTO `ingredients` (`recipe_id`, `quantity`, `msrmnt_id`, `item_id`, `order_num`) VALUES (55, '2', 2, 307, 1);
INSERT INTO `ingredients` (`recipe_id`, `quantity`, `msrmnt_id`, `item_id`, `order_num`) VALUES (65, '5', 11, 352, 1);
INSERT INTO `ingredients` (`recipe_id`, `quantity`, `msrmnt_id`, `item_id`, `order_num`) VALUES (65, '1 1/2', 2, 90, 2);
INSERT INTO `ingredients` (`recipe_id`, `quantity`, `msrmnt_id`, `item_id`, `order_num`) VALUES (65, '4', 11, 152, 3);
INSERT INTO `ingredients` (`recipe_id`, `quantity`, `msrmnt_id`, `item_id`, `order_num`) VALUES (66, '2', 3, 282, 1);
INSERT INTO `ingredients` (`recipe_id`, `quantity`, `msrmnt_id`, `item_id`, `order_num`) VALUES (66, '2', 3, 353, 2);
INSERT INTO `ingredients` (`recipe_id`, `quantity`, `msrmnt_id`, `item_id`, `order_num`) VALUES (66, '1/3', 3, 171, 3);
INSERT INTO `ingredients` (`recipe_id`, `quantity`, `msrmnt_id`, `item_id`, `order_num`) VALUES (66, '1/4', 3, 354, 4);
INSERT INTO `ingredients` (`recipe_id`, `quantity`, `msrmnt_id`, `item_id`, `order_num`) VALUES (66, '1', 3, 355, 5);
INSERT INTO `ingredients` (`recipe_id`, `quantity`, `msrmnt_id`, `item_id`, `order_num`) VALUES (66, '1', 3, 175, 6);
INSERT INTO `ingredients` (`recipe_id`, `quantity`, `msrmnt_id`, `item_id`, `order_num`) VALUES (66, '3/4', 3, 299, 7);
INSERT INTO `ingredients` (`recipe_id`, `quantity`, `msrmnt_id`, `item_id`, `order_num`) VALUES (66, '1/3', 3, 30, 8);
INSERT INTO `ingredients` (`recipe_id`, `quantity`, `msrmnt_id`, `item_id`, `order_num`) VALUES (66, '2', 1, 32, 9);
INSERT INTO `ingredients` (`recipe_id`, `quantity`, `msrmnt_id`, `item_id`, `order_num`) VALUES (66, '1/2', 1, 67, 10);
INSERT INTO `ingredients` (`recipe_id`, `quantity`, `msrmnt_id`, `item_id`, `order_num`) VALUES (67, '1', 3, 188, 1);
INSERT INTO `ingredients` (`recipe_id`, `quantity`, `msrmnt_id`, `item_id`, `order_num`) VALUES (67, '1/2', 3, 30, 2);
INSERT INTO `ingredients` (`recipe_id`, `quantity`, `msrmnt_id`, `item_id`, `order_num`) VALUES (67, '1', 1, 179, 3);
INSERT INTO `ingredients` (`recipe_id`, `quantity`, `msrmnt_id`, `item_id`, `order_num`) VALUES (67, '1/4', 1, 15, 4);
INSERT INTO `ingredients` (`recipe_id`, `quantity`, `msrmnt_id`, `item_id`, `order_num`) VALUES (67, '1/2', 3, 356, 5);
INSERT INTO `ingredients` (`recipe_id`, `quantity`, `msrmnt_id`, `item_id`, `order_num`) VALUES (67, '1/2', 2, 357, 6);
INSERT INTO `ingredients` (`recipe_id`, `quantity`, `msrmnt_id`, `item_id`, `order_num`) VALUES (67, '2', 2, 358, 7);
INSERT INTO `ingredients` (`recipe_id`, `quantity`, `msrmnt_id`, `item_id`, `order_num`) VALUES (67, '1/2', 2, 336, 8);
INSERT INTO `ingredients` (`recipe_id`, `quantity`, `msrmnt_id`, `item_id`, `order_num`) VALUES (67, '2', 1, 243, 9);
INSERT INTO `ingredients` (`recipe_id`, `quantity`, `msrmnt_id`, `item_id`, `order_num`) VALUES (67, '2', 11, 74, 10);
INSERT INTO `ingredients` (`recipe_id`, `quantity`, `msrmnt_id`, `item_id`, `order_num`) VALUES (67, '1', 3, 359, 11);
INSERT INTO `ingredients` (`recipe_id`, `quantity`, `msrmnt_id`, `item_id`, `order_num`) VALUES (67, '1/2', 1, 357, 12);
INSERT INTO `ingredients` (`recipe_id`, `quantity`, `msrmnt_id`, `item_id`, `order_num`) VALUES (67, '3', 2, 243, 13);
INSERT INTO `ingredients` (`recipe_id`, `quantity`, `msrmnt_id`, `item_id`, `order_num`) VALUES (59, '3', 3, 17, 1);
INSERT INTO `ingredients` (`recipe_id`, `quantity`, `msrmnt_id`, `item_id`, `order_num`) VALUES (59, '2', 2, 322, 7);
INSERT INTO `ingredients` (`recipe_id`, `quantity`, `msrmnt_id`, `item_id`, `order_num`) VALUES (59, '2', 2, 323, 8);
INSERT INTO `ingredients` (`recipe_id`, `quantity`, `msrmnt_id`, `item_id`, `order_num`) VALUES (68, '2 - 12', 7, 360, 1);
INSERT INTO `ingredients` (`recipe_id`, `quantity`, `msrmnt_id`, `item_id`, `order_num`) VALUES (68, '1', 8, 361, 2);
INSERT INTO `ingredients` (`recipe_id`, `quantity`, `msrmnt_id`, `item_id`, `order_num`) VALUES (68, '1', 2, 331, 3);
INSERT INTO `ingredients` (`recipe_id`, `quantity`, `msrmnt_id`, `item_id`, `order_num`) VALUES (68, '1/2', 8, 362, 4);
INSERT INTO `ingredients` (`recipe_id`, `quantity`, `msrmnt_id`, `item_id`, `order_num`) VALUES (68, '2', 29, 363, 5);
INSERT INTO `ingredients` (`recipe_id`, `quantity`, `msrmnt_id`, `item_id`, `order_num`) VALUES (68, '1', 11, 37, 6);
INSERT INTO `ingredients` (`recipe_id`, `quantity`, `msrmnt_id`, `item_id`, `order_num`) VALUES (68, '1 - 8', 7, 364, 7);
INSERT INTO `ingredients` (`recipe_id`, `quantity`, `msrmnt_id`, `item_id`, `order_num`) VALUES (68, '3/4', 3, 365, 8);
INSERT INTO `ingredients` (`recipe_id`, `quantity`, `msrmnt_id`, `item_id`, `order_num`) VALUES (68, '1/4', 3, 366, 9);
INSERT INTO `ingredients` (`recipe_id`, `quantity`, `msrmnt_id`, `item_id`, `order_num`) VALUES (70, '1 1/2', 3, 188, 1);
INSERT INTO `ingredients` (`recipe_id`, `quantity`, `msrmnt_id`, `item_id`, `order_num`) VALUES (69, '1/2', 1, 21, 5);
INSERT INTO `ingredients` (`recipe_id`, `quantity`, `msrmnt_id`, `item_id`, `order_num`) VALUES (69, '1', 2, 369, 4);
INSERT INTO `ingredients` (`recipe_id`, `quantity`, `msrmnt_id`, `item_id`, `order_num`) VALUES (69, '2', 2, 368, 3);
INSERT INTO `ingredients` (`recipe_id`, `quantity`, `msrmnt_id`, `item_id`, `order_num`) VALUES (69, '4', 2, 290, 2);
INSERT INTO `ingredients` (`recipe_id`, `quantity`, `msrmnt_id`, `item_id`, `order_num`) VALUES (69, '1/2', 3, 367, 1);
INSERT INTO `ingredients` (`recipe_id`, `quantity`, `msrmnt_id`, `item_id`, `order_num`) VALUES (70, '1', 1, 73, 2);
INSERT INTO `ingredients` (`recipe_id`, `quantity`, `msrmnt_id`, `item_id`, `order_num`) VALUES (70, '1', 1, 67, 3);
INSERT INTO `ingredients` (`recipe_id`, `quantity`, `msrmnt_id`, `item_id`, `order_num`) VALUES (70, '1/2', 1, 179, 4);
INSERT INTO `ingredients` (`recipe_id`, `quantity`, `msrmnt_id`, `item_id`, `order_num`) VALUES (70, '1/4', 1, 15, 5);
INSERT INTO `ingredients` (`recipe_id`, `quantity`, `msrmnt_id`, `item_id`, `order_num`) VALUES (70, '1/2', 3, 88, 6);
INSERT INTO `ingredients` (`recipe_id`, `quantity`, `msrmnt_id`, `item_id`, `order_num`) VALUES (70, '2', 11, 74, 7);
INSERT INTO `ingredients` (`recipe_id`, `quantity`, `msrmnt_id`, `item_id`, `order_num`) VALUES (70, '1/3', 3, 202, 8);
INSERT INTO `ingredients` (`recipe_id`, `quantity`, `msrmnt_id`, `item_id`, `order_num`) VALUES (70, '2', 2, 290, 9);
INSERT INTO `ingredients` (`recipe_id`, `quantity`, `msrmnt_id`, `item_id`, `order_num`) VALUES (70, '1', 1, 173, 10);
INSERT INTO `ingredients` (`recipe_id`, `quantity`, `msrmnt_id`, `item_id`, `order_num`) VALUES (70, '2', 3, 371, 11);
INSERT INTO `ingredients` (`recipe_id`, `quantity`, `msrmnt_id`, `item_id`, `order_num`) VALUES (70, '1', 3, 372, 12);
INSERT INTO `ingredients` (`recipe_id`, `quantity`, `msrmnt_id`, `item_id`, `order_num`) VALUES (70, '1/2', 3, 375, 13);
INSERT INTO `ingredients` (`recipe_id`, `quantity`, `msrmnt_id`, `item_id`, `order_num`) VALUES (71, '1', 3, 282, 1);
INSERT INTO `ingredients` (`recipe_id`, `quantity`, `msrmnt_id`, `item_id`, `order_num`) VALUES (71, '1', 3, 313, 2);
INSERT INTO `ingredients` (`recipe_id`, `quantity`, `msrmnt_id`, `item_id`, `order_num`) VALUES (71, '1/4', 3, 376, 3);
INSERT INTO `ingredients` (`recipe_id`, `quantity`, `msrmnt_id`, `item_id`, `order_num`) VALUES (71, '1/4', 3, 202, 4);
INSERT INTO `ingredients` (`recipe_id`, `quantity`, `msrmnt_id`, `item_id`, `order_num`) VALUES (71, '2', 1, 68, 5);
INSERT INTO `ingredients` (`recipe_id`, `quantity`, `msrmnt_id`, `item_id`, `order_num`) VALUES (71, '1', 1, 173, 6);
INSERT INTO `ingredients` (`recipe_id`, `quantity`, `msrmnt_id`, `item_id`, `order_num`) VALUES (71, '1', 11, 69, 7);
INSERT INTO `ingredients` (`recipe_id`, `quantity`, `msrmnt_id`, `item_id`, `order_num`) VALUES (71, '1 1/4', 3, 188, 8);
INSERT INTO `ingredients` (`recipe_id`, `quantity`, `msrmnt_id`, `item_id`, `order_num`) VALUES (71, '1 1/2', 1, 200, 9);
INSERT INTO `ingredients` (`recipe_id`, `quantity`, `msrmnt_id`, `item_id`, `order_num`) VALUES (71, '1', 1, 73, 10);
INSERT INTO `ingredients` (`recipe_id`, `quantity`, `msrmnt_id`, `item_id`, `order_num`) VALUES (71, '1', 1, 179, 11);
INSERT INTO `ingredients` (`recipe_id`, `quantity`, `msrmnt_id`, `item_id`, `order_num`) VALUES (71, '1/2', 1, 15, 12);
INSERT INTO `ingredients` (`recipe_id`, `quantity`, `msrmnt_id`, `item_id`, `order_num`) VALUES (71, '1', 3, 377, 13);
INSERT INTO `ingredients` (`recipe_id`, `quantity`, `msrmnt_id`, `item_id`, `order_num`) VALUES (72, '1 1/4', 3, 188, 1);
INSERT INTO `ingredients` (`recipe_id`, `quantity`, `msrmnt_id`, `item_id`, `order_num`) VALUES (72, '1/2', 3, 335, 2);
INSERT INTO `ingredients` (`recipe_id`, `quantity`, `msrmnt_id`, `item_id`, `order_num`) VALUES (72, '1', 3, 378, 3);
INSERT INTO `ingredients` (`recipe_id`, `quantity`, `msrmnt_id`, `item_id`, `order_num`) VALUES (72, '1/4', 3, 87, 4);
INSERT INTO `ingredients` (`recipe_id`, `quantity`, `msrmnt_id`, `item_id`, `order_num`) VALUES (72, '1', 1, 73, 5);
INSERT INTO `ingredients` (`recipe_id`, `quantity`, `msrmnt_id`, `item_id`, `order_num`) VALUES (72, '1', 1, 179, 6);
INSERT INTO `ingredients` (`recipe_id`, `quantity`, `msrmnt_id`, `item_id`, `order_num`) VALUES (72, '3/4', 1, 67, 7);
INSERT INTO `ingredients` (`recipe_id`, `quantity`, `msrmnt_id`, `item_id`, `order_num`) VALUES (72, '1/4', 1, 76, 8);
INSERT INTO `ingredients` (`recipe_id`, `quantity`, `msrmnt_id`, `item_id`, `order_num`) VALUES (72, '2', 11, 379, 9);
INSERT INTO `ingredients` (`recipe_id`, `quantity`, `msrmnt_id`, `item_id`, `order_num`) VALUES (72, '2/3', 3, 221, 10);
INSERT INTO `ingredients` (`recipe_id`, `quantity`, `msrmnt_id`, `item_id`, `order_num`) VALUES (72, '1/2', 3, 174, 11);
INSERT INTO `ingredients` (`recipe_id`, `quantity`, `msrmnt_id`, `item_id`, `order_num`) VALUES (72, '1/4', 3, 202, 12);
INSERT INTO `ingredients` (`recipe_id`, `quantity`, `msrmnt_id`, `item_id`, `order_num`) VALUES (73, '2', 3, 20, 1);
INSERT INTO `ingredients` (`recipe_id`, `quantity`, `msrmnt_id`, `item_id`, `order_num`) VALUES (73, '1', 3, 380, 2);
INSERT INTO `ingredients` (`recipe_id`, `quantity`, `msrmnt_id`, `item_id`, `order_num`) VALUES (73, '1', 1, 90, 3);
INSERT INTO `ingredients` (`recipe_id`, `quantity`, `msrmnt_id`, `item_id`, `order_num`) VALUES (73, '1/2', 1, 15, 4);
INSERT INTO `ingredients` (`recipe_id`, `quantity`, `msrmnt_id`, `item_id`, `order_num`) VALUES (73, '1 1/2', 3, 381, 5);
INSERT INTO `ingredients` (`recipe_id`, `quantity`, `msrmnt_id`, `item_id`, `order_num`) VALUES (73, '3/4', 3, 382, 6);
INSERT INTO `ingredients` (`recipe_id`, `quantity`, `msrmnt_id`, `item_id`, `order_num`) VALUES (73, '3/4', 3, 383, 7);
INSERT INTO `ingredients` (`recipe_id`, `quantity`, `msrmnt_id`, `item_id`, `order_num`) VALUES (73, '1/4', 3, 384, 8);
INSERT INTO `ingredients` (`recipe_id`, `quantity`, `msrmnt_id`, `item_id`, `order_num`) VALUES (73, '3', 29, 385, 9);
INSERT INTO `ingredients` (`recipe_id`, `quantity`, `msrmnt_id`, `item_id`, `order_num`) VALUES (73, '1/2', 3, 386, 10);
INSERT INTO `ingredients` (`recipe_id`, `quantity`, `msrmnt_id`, `item_id`, `order_num`) VALUES (73, '1/2', 1, 387, 11);
INSERT INTO `ingredients` (`recipe_id`, `quantity`, `msrmnt_id`, `item_id`, `order_num`) VALUES (73, '1', 2, 87, 12);
INSERT INTO `ingredients` (`recipe_id`, `quantity`, `msrmnt_id`, `item_id`, `order_num`) VALUES (73, '1', 11, 388, 13);
INSERT INTO `ingredients` (`recipe_id`, `quantity`, `msrmnt_id`, `item_id`, `order_num`) VALUES (73, '3', 2, 90, 14);
INSERT INTO `ingredients` (`recipe_id`, `quantity`, `msrmnt_id`, `item_id`, `order_num`) VALUES (74, '1 1/2', 3, 391, 12);
INSERT INTO `ingredients` (`recipe_id`, `quantity`, `msrmnt_id`, `item_id`, `order_num`) VALUES (74, '1', 11, 69, 11);
INSERT INTO `ingredients` (`recipe_id`, `quantity`, `msrmnt_id`, `item_id`, `order_num`) VALUES (74, '1 - 8', 7, 390, 10);
INSERT INTO `ingredients` (`recipe_id`, `quantity`, `msrmnt_id`, `item_id`, `order_num`) VALUES (74, '2', 1, 32, 9);
INSERT INTO `ingredients` (`recipe_id`, `quantity`, `msrmnt_id`, `item_id`, `order_num`) VALUES (74, '2', 2, 202, 8);
INSERT INTO `ingredients` (`recipe_id`, `quantity`, `msrmnt_id`, `item_id`, `order_num`) VALUES (74, '2/3', 3, 316, 7);
INSERT INTO `ingredients` (`recipe_id`, `quantity`, `msrmnt_id`, `item_id`, `order_num`) VALUES (74, '1/2', 1, 15, 6);
INSERT INTO `ingredients` (`recipe_id`, `quantity`, `msrmnt_id`, `item_id`, `order_num`) VALUES (74, '1/2', 1, 73, 5);
INSERT INTO `ingredients` (`recipe_id`, `quantity`, `msrmnt_id`, `item_id`, `order_num`) VALUES (74, '1 1/2', 1, 179, 4);
INSERT INTO `ingredients` (`recipe_id`, `quantity`, `msrmnt_id`, `item_id`, `order_num`) VALUES (74, '1/3', 3, 83, 3);
INSERT INTO `ingredients` (`recipe_id`, `quantity`, `msrmnt_id`, `item_id`, `order_num`) VALUES (74, '1', 3, 188, 2);
INSERT INTO `ingredients` (`recipe_id`, `quantity`, `msrmnt_id`, `item_id`, `order_num`) VALUES (74, '1/2', 3, 389, 1);
INSERT INTO `ingredients` (`recipe_id`, `quantity`, `msrmnt_id`, `item_id`, `order_num`) VALUES (74, '3', 2, 392, 13);
INSERT INTO `ingredients` (`recipe_id`, `quantity`, `msrmnt_id`, `item_id`, `order_num`) VALUES (75, '2', 6, 17, 1);
INSERT INTO `ingredients` (`recipe_id`, `quantity`, `msrmnt_id`, `item_id`, `order_num`) VALUES (75, '1 1/2', 3, 87, 2);
INSERT INTO `ingredients` (`recipe_id`, `quantity`, `msrmnt_id`, `item_id`, `order_num`) VALUES (75, '3', 2, 393, 3);
INSERT INTO `ingredients` (`recipe_id`, `quantity`, `msrmnt_id`, `item_id`, `order_num`) VALUES (75, '1', 2, 394, 4);
INSERT INTO `ingredients` (`recipe_id`, `quantity`, `msrmnt_id`, `item_id`, `order_num`) VALUES (75, 't', 2, 395, 5);
INSERT INTO `ingredients` (`recipe_id`, `quantity`, `msrmnt_id`, `item_id`, `order_num`) VALUES (75, '1/4', 1, 396, 6);
INSERT INTO `ingredients` (`recipe_id`, `quantity`, `msrmnt_id`, `item_id`, `order_num`) VALUES (75, '1/4', 1, 397, 7);
INSERT INTO `ingredients` (`recipe_id`, `quantity`, `msrmnt_id`, `item_id`, `order_num`) VALUES (75, '1/4', 1, 77, 8);
INSERT INTO `ingredients` (`recipe_id`, `quantity`, `msrmnt_id`, `item_id`, `order_num`) VALUES (76, '4', 1, 30, 2);
INSERT INTO `ingredients` (`recipe_id`, `quantity`, `msrmnt_id`, `item_id`, `order_num`) VALUES (76, '4', 1, 155, 3);
INSERT INTO `ingredients` (`recipe_id`, `quantity`, `msrmnt_id`, `item_id`, `order_num`) VALUES (76, '4', 1, 134, 4);
INSERT INTO `ingredients` (`recipe_id`, `quantity`, `msrmnt_id`, `item_id`, `order_num`) VALUES (76, '4', 1, 195, 5);
INSERT INTO `ingredients` (`recipe_id`, `quantity`, `msrmnt_id`, `item_id`, `order_num`) VALUES (76, '2', 1, 135, 6);
INSERT INTO `ingredients` (`recipe_id`, `quantity`, `msrmnt_id`, `item_id`, `order_num`) VALUES (76, '2', 1, 351, 7);
INSERT INTO `ingredients` (`recipe_id`, `quantity`, `msrmnt_id`, `item_id`, `order_num`) VALUES (76, '2', 1, 102, 8);
INSERT INTO `ingredients` (`recipe_id`, `quantity`, `msrmnt_id`, `item_id`, `order_num`) VALUES (77, '2', 2, 398, 1);
INSERT INTO `ingredients` (`recipe_id`, `quantity`, `msrmnt_id`, `item_id`, `order_num`) VALUES (77, '1/4', 3, 399, 2);
INSERT INTO `ingredients` (`recipe_id`, `quantity`, `msrmnt_id`, `item_id`, `order_num`) VALUES (77, '1', 3, 400, 3);
INSERT INTO `ingredients` (`recipe_id`, `quantity`, `msrmnt_id`, `item_id`, `order_num`) VALUES (77, '3', 3, 220, 4);
INSERT INTO `ingredients` (`recipe_id`, `quantity`, `msrmnt_id`, `item_id`, `order_num`) VALUES (77, '3', 2, 401, 5);
INSERT INTO `ingredients` (`recipe_id`, `quantity`, `msrmnt_id`, `item_id`, `order_num`) VALUES (77, '2', 11, 74, 6);
INSERT INTO `ingredients` (`recipe_id`, `quantity`, `msrmnt_id`, `item_id`, `order_num`) VALUES (77, '3', 2, 402, 7);
INSERT INTO `ingredients` (`recipe_id`, `quantity`, `msrmnt_id`, `item_id`, `order_num`) VALUES (77, '1', 2, 228, 8);
INSERT INTO `ingredients` (`recipe_id`, `quantity`, `msrmnt_id`, `item_id`, `order_num`) VALUES (78, '2', 11, 217, 6);
INSERT INTO `ingredients` (`recipe_id`, `quantity`, `msrmnt_id`, `item_id`, `order_num`) VALUES (78, '1', 1, 408, 7);
INSERT INTO `ingredients` (`recipe_id`, `quantity`, `msrmnt_id`, `item_id`, `order_num`) VALUES (78, '2', 3, 296, 8);
INSERT INTO `ingredients` (`recipe_id`, `quantity`, `msrmnt_id`, `item_id`, `order_num`) VALUES (78, '1', 11, 407, 5);
INSERT INTO `ingredients` (`recipe_id`, `quantity`, `msrmnt_id`, `item_id`, `order_num`) VALUES (78, '1 1/2', 3, 406, 4);
INSERT INTO `ingredients` (`recipe_id`, `quantity`, `msrmnt_id`, `item_id`, `order_num`) VALUES (78, '1 1/2', 3, 405, 3);
INSERT INTO `ingredients` (`recipe_id`, `quantity`, `msrmnt_id`, `item_id`, `order_num`) VALUES (78, '2', 3, 404, 2);
INSERT INTO `ingredients` (`recipe_id`, `quantity`, `msrmnt_id`, `item_id`, `order_num`) VALUES (78, '1', 8, 403, 1);
INSERT INTO `ingredients` (`recipe_id`, `quantity`, `msrmnt_id`, `item_id`, `order_num`) VALUES (78, '1/2', 3, 409, 9);
INSERT INTO `ingredients` (`recipe_id`, `quantity`, `msrmnt_id`, `item_id`, `order_num`) VALUES (78, '1', 25, 15, 10);
INSERT INTO `ingredients` (`recipe_id`, `quantity`, `msrmnt_id`, `item_id`, `order_num`) VALUES (78, '1', 25, 16, 11);
INSERT INTO `ingredients` (`recipe_id`, `quantity`, `msrmnt_id`, `item_id`, `order_num`) VALUES (78, '1', 3, 358, 12);

-- --------------------------------------------------------

-- 
-- Table structure for table `item_def`
-- 

CREATE TABLE `item_def` (
  `item_id` int(11) NOT NULL auto_increment,
  `item_descr` varchar(200) NOT NULL default '',
  PRIMARY KEY  (`item_id`),
  KEY `item_descr` (`item_descr`)
) ENGINE=MyISAM AUTO_INCREMENT=410 DEFAULT CHARSET=latin1 AUTO_INCREMENT=410 ;

-- 
-- Dumping data for table `item_def`
-- 

INSERT INTO `item_def` (`item_id`, `item_descr`) VALUES (1, 'mixed dry beans');
INSERT INTO `item_def` (`item_id`, `item_descr`) VALUES (2, 'bell pepper');
INSERT INTO `item_def` (`item_id`, `item_descr`) VALUES (3, 'jalapeno');
INSERT INTO `item_def` (`item_id`, `item_descr`) VALUES (4, 'onion');
INSERT INTO `item_def` (`item_id`, `item_descr`) VALUES (5, 'garlic');
INSERT INTO `item_def` (`item_id`, `item_descr`) VALUES (6, 'TVP');
INSERT INTO `item_def` (`item_id`, `item_descr`) VALUES (7, 'mexican spicy rotel tomatoes');
INSERT INTO `item_def` (`item_id`, `item_descr`) VALUES (8, 'diced tomatoes');
INSERT INTO `item_def` (`item_id`, `item_descr`) VALUES (9, 'tomato paste');
INSERT INTO `item_def` (`item_id`, `item_descr`) VALUES (10, 'chili powder');
INSERT INTO `item_def` (`item_id`, `item_descr`) VALUES (11, 'cumin');
INSERT INTO `item_def` (`item_id`, `item_descr`) VALUES (12, 'oregano');
INSERT INTO `item_def` (`item_id`, `item_descr`) VALUES (13, 'chili paste');
INSERT INTO `item_def` (`item_id`, `item_descr`) VALUES (14, 'brown sugar');
INSERT INTO `item_def` (`item_id`, `item_descr`) VALUES (15, 'salt');
INSERT INTO `item_def` (`item_id`, `item_descr`) VALUES (16, 'pepper');
INSERT INTO `item_def` (`item_id`, `item_descr`) VALUES (17, 'water');
INSERT INTO `item_def` (`item_id`, `item_descr`) VALUES (18, 'russet potatoes');
INSERT INTO `item_def` (`item_id`, `item_descr`) VALUES (19, 'whipping cream');
INSERT INTO `item_def` (`item_id`, `item_descr`) VALUES (20, 'chicken broth');
INSERT INTO `item_def` (`item_id`, `item_descr`) VALUES (21, 'minced garlic');
INSERT INTO `item_def` (`item_id`, `item_descr`) VALUES (22, 'unsalted butter');
INSERT INTO `item_def` (`item_id`, `item_descr`) VALUES (23, 'grated parmesan');
INSERT INTO `item_def` (`item_id`, `item_descr`) VALUES (24, 'shredded sharp cheddar');
INSERT INTO `item_def` (`item_id`, `item_descr`) VALUES (31, 'instant coffee');
INSERT INTO `item_def` (`item_id`, `item_descr`) VALUES (30, 'sugar');
INSERT INTO `item_def` (`item_id`, `item_descr`) VALUES (29, 'hot water');
INSERT INTO `item_def` (`item_id`, `item_descr`) VALUES (32, 'vanilla extract');
INSERT INTO `item_def` (`item_id`, `item_descr`) VALUES (33, 'vodka');
INSERT INTO `item_def` (`item_id`, `item_descr`) VALUES (36, 'zucchini, chopped');
INSERT INTO `item_def` (`item_id`, `item_descr`) VALUES (37, 'onion, chopped');
INSERT INTO `item_def` (`item_id`, `item_descr`) VALUES (38, 'minced fresh parsley');
INSERT INTO `item_def` (`item_id`, `item_descr`) VALUES (39, 'dried basil');
INSERT INTO `item_def` (`item_id`, `item_descr`) VALUES (40, 'butter or margarine');
INSERT INTO `item_def` (`item_id`, `item_descr`) VALUES (41, 'all-purpose flour');
INSERT INTO `item_def` (`item_id`, `item_descr`) VALUES (42, 'chicken bouillon cubes');
INSERT INTO `item_def` (`item_id`, `item_descr`) VALUES (43, 'lemon juice');
INSERT INTO `item_def` (`item_id`, `item_descr`) VALUES (44, 'diced tomatoes, undrained');
INSERT INTO `item_def` (`item_id`, `item_descr`) VALUES (45, 'evaporated milk');
INSERT INTO `item_def` (`item_id`, `item_descr`) VALUES (46, 'frozen corn');
INSERT INTO `item_def` (`item_id`, `item_descr`) VALUES (47, 'grated parmesan cheese');
INSERT INTO `item_def` (`item_id`, `item_descr`) VALUES (48, 'shredded cheddar cheese');
INSERT INTO `item_def` (`item_id`, `item_descr`) VALUES (49, 'sugar (optional)');
INSERT INTO `item_def` (`item_id`, `item_descr`) VALUES (50, 'fresh parsley (optional)');
INSERT INTO `item_def` (`item_id`, `item_descr`) VALUES (51, 'rolled beef chuck roast');
INSERT INTO `item_def` (`item_id`, `item_descr`) VALUES (52, 'freshly ground black pepper');
INSERT INTO `item_def` (`item_id`, `item_descr`) VALUES (53, 'vegetable oil');
INSERT INTO `item_def` (`item_id`, `item_descr`) VALUES (54, 'onions, chopped');
INSERT INTO `item_def` (`item_id`, `item_descr`) VALUES (55, 'carrots, chopped');
INSERT INTO `item_def` (`item_id`, `item_descr`) VALUES (56, 'celery stalks, chopped');
INSERT INTO `item_def` (`item_id`, `item_descr`) VALUES (57, 'garlic, chopped');
INSERT INTO `item_def` (`item_id`, `item_descr`) VALUES (58, 'tomato puree');
INSERT INTO `item_def` (`item_id`, `item_descr`) VALUES (59, 'red wine');
INSERT INTO `item_def` (`item_id`, `item_descr`) VALUES (60, 'garni (fresh thyme, parsley sprigs and bay leaf tied up in cheesecloth bag)');
INSERT INTO `item_def` (`item_id`, `item_descr`) VALUES (61, 'beef broth');
INSERT INTO `item_def` (`item_id`, `item_descr`) VALUES (62, 'garni (fresh thyme, parsley sprigs and bay leaf ti');
INSERT INTO `item_def` (`item_id`, `item_descr`) VALUES (63, 'black tea bags');
INSERT INTO `item_def` (`item_id`, `item_descr`) VALUES (64, 'condensed milk');
INSERT INTO `item_def` (`item_id`, `item_descr`) VALUES (65, 'half & half');
INSERT INTO `item_def` (`item_id`, `item_descr`) VALUES (66, 'cardamom');
INSERT INTO `item_def` (`item_id`, `item_descr`) VALUES (67, 'cinnamon');
INSERT INTO `item_def` (`item_id`, `item_descr`) VALUES (68, 'molasses');
INSERT INTO `item_def` (`item_id`, `item_descr`) VALUES (69, 'egg');
INSERT INTO `item_def` (`item_id`, `item_descr`) VALUES (70, 'sour cream');
INSERT INTO `item_def` (`item_id`, `item_descr`) VALUES (71, 'ginger');
INSERT INTO `item_def` (`item_id`, `item_descr`) VALUES (72, 'cloves');
INSERT INTO `item_def` (`item_id`, `item_descr`) VALUES (73, 'baking soda');
INSERT INTO `item_def` (`item_id`, `item_descr`) VALUES (74, 'eggs');
INSERT INTO `item_def` (`item_id`, `item_descr`) VALUES (75, 'whiskey');
INSERT INTO `item_def` (`item_id`, `item_descr`) VALUES (76, 'nutmeg');
INSERT INTO `item_def` (`item_id`, `item_descr`) VALUES (77, 'yeast');
INSERT INTO `item_def` (`item_id`, `item_descr`) VALUES (78, 'water (110 - 115 degrees)');
INSERT INTO `item_def` (`item_id`, `item_descr`) VALUES (79, 'flour');
INSERT INTO `item_def` (`item_id`, `item_descr`) VALUES (80, 'sourdough starter');
INSERT INTO `item_def` (`item_id`, `item_descr`) VALUES (81, 'active dry yeast');
INSERT INTO `item_def` (`item_id`, `item_descr`) VALUES (82, 'unbleached flour');
INSERT INTO `item_def` (`item_id`, `item_descr`) VALUES (83, 'whole wheat flour');
INSERT INTO `item_def` (`item_id`, `item_descr`) VALUES (84, 'cracked wheat');
INSERT INTO `item_def` (`item_id`, `item_descr`) VALUES (85, 'bulgar wheat');
INSERT INTO `item_def` (`item_id`, `item_descr`) VALUES (86, 'flax seed');
INSERT INTO `item_def` (`item_id`, `item_descr`) VALUES (87, 'honey');
INSERT INTO `item_def` (`item_id`, `item_descr`) VALUES (88, 'granulated sugar');
INSERT INTO `item_def` (`item_id`, `item_descr`) VALUES (89, 'boiling water');
INSERT INTO `item_def` (`item_id`, `item_descr`) VALUES (90, 'olive oil');
INSERT INTO `item_def` (`item_id`, `item_descr`) VALUES (91, 'fresh ground pepper');
INSERT INTO `item_def` (`item_id`, `item_descr`) VALUES (92, 'fresh rosemary');
INSERT INTO `item_def` (`item_id`, `item_descr`) VALUES (93, 'fresh thyme');
INSERT INTO `item_def` (`item_id`, `item_descr`) VALUES (94, 'kosher salt');
INSERT INTO `item_def` (`item_id`, `item_descr`) VALUES (95, 'Avacado');
INSERT INTO `item_def` (`item_id`, `item_descr`) VALUES (96, 'yogurt');
INSERT INTO `item_def` (`item_id`, `item_descr`) VALUES (97, 'garlic, minced');
INSERT INTO `item_def` (`item_id`, `item_descr`) VALUES (98, 'onion, grated');
INSERT INTO `item_def` (`item_id`, `item_descr`) VALUES (99, 'cayenne');
INSERT INTO `item_def` (`item_id`, `item_descr`) VALUES (100, 'rice wine vinegar');
INSERT INTO `item_def` (`item_id`, `item_descr`) VALUES (101, 'onion, minced');
INSERT INTO `item_def` (`item_id`, `item_descr`) VALUES (102, 'white pepper');
INSERT INTO `item_def` (`item_id`, `item_descr`) VALUES (103, 'milk');
INSERT INTO `item_def` (`item_id`, `item_descr`) VALUES (104, 'boullion granules');
INSERT INTO `item_def` (`item_id`, `item_descr`) VALUES (105, 'fresh parmesan cheese, grated');
INSERT INTO `item_def` (`item_id`, `item_descr`) VALUES (106, 'avacados');
INSERT INTO `item_def` (`item_id`, `item_descr`) VALUES (107, 'tomatillos');
INSERT INTO `item_def` (`item_id`, `item_descr`) VALUES (108, 'anaheim peppers');
INSERT INTO `item_def` (`item_id`, `item_descr`) VALUES (109, 'jalepeno peppers');
INSERT INTO `item_def` (`item_id`, `item_descr`) VALUES (110, 'yellow or red bell pepper');
INSERT INTO `item_def` (`item_id`, `item_descr`) VALUES (111, 'cilantro, diced');
INSERT INTO `item_def` (`item_id`, `item_descr`) VALUES (112, 'lime juice');
INSERT INTO `item_def` (`item_id`, `item_descr`) VALUES (113, 'cake flour');
INSERT INTO `item_def` (`item_id`, `item_descr`) VALUES (114, 'cool water');
INSERT INTO `item_def` (`item_id`, `item_descr`) VALUES (115, 'sesame seeds');
INSERT INTO `item_def` (`item_id`, `item_descr`) VALUES (116, 'sunflour seeds');
INSERT INTO `item_def` (`item_id`, `item_descr`) VALUES (117, 'poppy seeds');
INSERT INTO `item_def` (`item_id`, `item_descr`) VALUES (118, 'warm water');
INSERT INTO `item_def` (`item_id`, `item_descr`) VALUES (119, 'bread flour');
INSERT INTO `item_def` (`item_id`, `item_descr`) VALUES (120, 'white flour');
INSERT INTO `item_def` (`item_id`, `item_descr`) VALUES (121, 'coarse salt');
INSERT INTO `item_def` (`item_id`, `item_descr`) VALUES (122, 'melted butter');
INSERT INTO `item_def` (`item_id`, `item_descr`) VALUES (123, 'unmarinated artichoke hearts');
INSERT INTO `item_def` (`item_id`, `item_descr`) VALUES (124, 'feta cheese');
INSERT INTO `item_def` (`item_id`, `item_descr`) VALUES (125, 'mayonnaise');
INSERT INTO `item_def` (`item_id`, `item_descr`) VALUES (126, 'parmesan cheese');
INSERT INTO `item_def` (`item_id`, `item_descr`) VALUES (127, 'cream cheese');
INSERT INTO `item_def` (`item_id`, `item_descr`) VALUES (128, 'shredded mozarella cheese');
INSERT INTO `item_def` (`item_id`, `item_descr`) VALUES (129, 'bacon bits');
INSERT INTO `item_def` (`item_id`, `item_descr`) VALUES (130, 'jalapenos');
INSERT INTO `item_def` (`item_id`, `item_descr`) VALUES (131, 'dry breadcrumbs');
INSERT INTO `item_def` (`item_id`, `item_descr`) VALUES (132, 'teriyaki marinade');
INSERT INTO `item_def` (`item_id`, `item_descr`) VALUES (133, 'chicken breasts');
INSERT INTO `item_def` (`item_id`, `item_descr`) VALUES (134, 'onion powder');
INSERT INTO `item_def` (`item_id`, `item_descr`) VALUES (135, 'garlic powder');
INSERT INTO `item_def` (`item_id`, `item_descr`) VALUES (136, 'dark sesame oil');
INSERT INTO `item_def` (`item_id`, `item_descr`) VALUES (137, 'firmly packed brown sugar');
INSERT INTO `item_def` (`item_id`, `item_descr`) VALUES (138, 'pinapple juice');
INSERT INTO `item_def` (`item_id`, `item_descr`) VALUES (139, 'soy sauce');
INSERT INTO `item_def` (`item_id`, `item_descr`) VALUES (140, 'mirin (sweet rice wine)');
INSERT INTO `item_def` (`item_id`, `item_descr`) VALUES (141, 'hoisin sauce');
INSERT INTO `item_def` (`item_id`, `item_descr`) VALUES (142, 'yakisoba noodles (fresh, frozen, or shelf variety cooked)');
INSERT INTO `item_def` (`item_id`, `item_descr`) VALUES (143, 'sliced carrots');
INSERT INTO `item_def` (`item_id`, `item_descr`) VALUES (144, 'sliced onion');
INSERT INTO `item_def` (`item_id`, `item_descr`) VALUES (145, 'sliced cabbage');
INSERT INTO `item_def` (`item_id`, `item_descr`) VALUES (146, 'small broccoli florets');
INSERT INTO `item_def` (`item_id`, `item_descr`) VALUES (147, 'mushrooms');
INSERT INTO `item_def` (`item_id`, `item_descr`) VALUES (148, 'toasted sesame seeds');
INSERT INTO `item_def` (`item_id`, `item_descr`) VALUES (149, 'baking potatoes');
INSERT INTO `item_def` (`item_id`, `item_descr`) VALUES (150, 'bacon strips');
INSERT INTO `item_def` (`item_id`, `item_descr`) VALUES (151, 'onion, finely chopped');
INSERT INTO `item_def` (`item_id`, `item_descr`) VALUES (152, 'garlic cloves, minced');
INSERT INTO `item_def` (`item_id`, `item_descr`) VALUES (153, 'butter');
INSERT INTO `item_def` (`item_id`, `item_descr`) VALUES (154, 'cottage cheese');
INSERT INTO `item_def` (`item_id`, `item_descr`) VALUES (155, 'paprika');
INSERT INTO `item_def` (`item_id`, `item_descr`) VALUES (156, 'chilled butter, plus butte for greasing pan');
INSERT INTO `item_def` (`item_id`, `item_descr`) VALUES (157, 'all-purpose white, unbleached or wheat flour');
INSERT INTO `item_def` (`item_id`, `item_descr`) VALUES (158, 'old-fashioned or quick-cooking oatmeal, uncooked');
INSERT INTO `item_def` (`item_id`, `item_descr`) VALUES (159, 'ground nutmeg');
INSERT INTO `item_def` (`item_id`, `item_descr`) VALUES (160, 'sliced peaches, pitted');
INSERT INTO `item_def` (`item_id`, `item_descr`) VALUES (161, 'fresh or frozen rasberries');
INSERT INTO `item_def` (`item_id`, `item_descr`) VALUES (162, 'cornstarch');
INSERT INTO `item_def` (`item_id`, `item_descr`) VALUES (163, 'frozen vanilla ice cream, low-fat ice cream, or whipped topping');
INSERT INTO `item_def` (`item_id`, `item_descr`) VALUES (164, 'corn starch');
INSERT INTO `item_def` (`item_id`, `item_descr`) VALUES (165, 'vinegar');
INSERT INTO `item_def` (`item_id`, `item_descr`) VALUES (166, 'frozen vanilla ice cream, low-fat ice cream, or wh');
INSERT INTO `item_def` (`item_id`, `item_descr`) VALUES (167, 'kkkkkkll');
INSERT INTO `item_def` (`item_id`, `item_descr`) VALUES (168, 'old-fashioned oats');
INSERT INTO `item_def` (`item_id`, `item_descr`) VALUES (169, 'shredded coconut');
INSERT INTO `item_def` (`item_id`, `item_descr`) VALUES (170, 'pecans or chopped almonds');
INSERT INTO `item_def` (`item_id`, `item_descr`) VALUES (171, 'wheat germ');
INSERT INTO `item_def` (`item_id`, `item_descr`) VALUES (172, 'sunflower seeds, roasted');
INSERT INTO `item_def` (`item_id`, `item_descr`) VALUES (173, 'vanilla');
INSERT INTO `item_def` (`item_id`, `item_descr`) VALUES (174, 'raisins');
INSERT INTO `item_def` (`item_id`, `item_descr`) VALUES (175, 'dried cranberries');
INSERT INTO `item_def` (`item_id`, `item_descr`) VALUES (176, 'dried papaya');
INSERT INTO `item_def` (`item_id`, `item_descr`) VALUES (177, 'dried apricot halves');
INSERT INTO `item_def` (`item_id`, `item_descr`) VALUES (178, 'pumpkin pie spice');
INSERT INTO `item_def` (`item_id`, `item_descr`) VALUES (179, 'baking powder');
INSERT INTO `item_def` (`item_id`, `item_descr`) VALUES (180, 'canned pumpkin');
INSERT INTO `item_def` (`item_id`, `item_descr`) VALUES (181, 'melted butter or margarine');
INSERT INTO `item_def` (`item_id`, `item_descr`) VALUES (182, 'chocolate chips');
INSERT INTO `item_def` (`item_id`, `item_descr`) VALUES (183, 'chopped onion');
INSERT INTO `item_def` (`item_id`, `item_descr`) VALUES (184, 'curry powder');
INSERT INTO `item_def` (`item_id`, `item_descr`) VALUES (185, 'dried basil OR 2 Tbsp. chopped fresh basil');
INSERT INTO `item_def` (`item_id`, `item_descr`) VALUES (186, 'balsamic vingar');
INSERT INTO `item_def` (`item_id`, `item_descr`) VALUES (187, 'sweetened condensed milk **14oz can');
INSERT INTO `item_def` (`item_id`, `item_descr`) VALUES (188, 'whole wheat pastry flour');
INSERT INTO `item_def` (`item_id`, `item_descr`) VALUES (189, 'unbleached all-purpose flour');
INSERT INTO `item_def` (`item_id`, `item_descr`) VALUES (190, 'ground flax seed');
INSERT INTO `item_def` (`item_id`, `item_descr`) VALUES (191, 'firmly packed light brown sugar');
INSERT INTO `item_def` (`item_id`, `item_descr`) VALUES (192, 'uncooked whole wheat fettuccine');
INSERT INTO `item_def` (`item_id`, `item_descr`) VALUES (193, 'broccoli florets');
INSERT INTO `item_def` (`item_id`, `item_descr`) VALUES (194, 'margarine');
INSERT INTO `item_def` (`item_id`, `item_descr`) VALUES (195, 'black pepper');
INSERT INTO `item_def` (`item_id`, `item_descr`) VALUES (196, 'whole-wheat pastry flour');
INSERT INTO `item_def` (`item_id`, `item_descr`) VALUES (197, 'cannola oil');
INSERT INTO `item_def` (`item_id`, `item_descr`) VALUES (198, 'unsweetened applesauce');
INSERT INTO `item_def` (`item_id`, `item_descr`) VALUES (199, 'apple juice');
INSERT INTO `item_def` (`item_id`, `item_descr`) VALUES (200, 'ground cinnamon');
INSERT INTO `item_def` (`item_id`, `item_descr`) VALUES (201, 'ground ginger');
INSERT INTO `item_def` (`item_id`, `item_descr`) VALUES (202, 'canola oil');
INSERT INTO `item_def` (`item_id`, `item_descr`) VALUES (203, 'uncooked wheat fettuccine');
INSERT INTO `item_def` (`item_id`, `item_descr`) VALUES (204, 'galic, minced');
INSERT INTO `item_def` (`item_id`, `item_descr`) VALUES (205, 'sliced fresh mushrooms');
INSERT INTO `item_def` (`item_id`, `item_descr`) VALUES (206, 'evaporated skim milk');
INSERT INTO `item_def` (`item_id`, `item_descr`) VALUES (207, 'chicken bouillon');
INSERT INTO `item_def` (`item_id`, `item_descr`) VALUES (208, 'light cream cheese');
INSERT INTO `item_def` (`item_id`, `item_descr`) VALUES (209, 'freshly grated romano cheese');
INSERT INTO `item_def` (`item_id`, `item_descr`) VALUES (210, 'fresh Italian parsley, chopped');
INSERT INTO `item_def` (`item_id`, `item_descr`) VALUES (211, 'freshly ground pepper');
INSERT INTO `item_def` (`item_id`, `item_descr`) VALUES (212, 'dried chickpeas');
INSERT INTO `item_def` (`item_id`, `item_descr`) VALUES (213, 'sun-dried tomatos (dry packed)');
INSERT INTO `item_def` (`item_id`, `item_descr`) VALUES (214, 'chopped fresh flat-leaf parsley');
INSERT INTO `item_def` (`item_id`, `item_descr`) VALUES (215, 'chopped fresh mint');
INSERT INTO `item_def` (`item_id`, `item_descr`) VALUES (216, 'finley chopped red onion');
INSERT INTO `item_def` (`item_id`, `item_descr`) VALUES (217, 'garlic cloves');
INSERT INTO `item_def` (`item_id`, `item_descr`) VALUES (218, 'chopped jalopeno');
INSERT INTO `item_def` (`item_id`, `item_descr`) VALUES (219, 'bran cereal');
INSERT INTO `item_def` (`item_id`, `item_descr`) VALUES (220, 'oil');
INSERT INTO `item_def` (`item_id`, `item_descr`) VALUES (221, 'buttermilk');
INSERT INTO `item_def` (`item_id`, `item_descr`) VALUES (222, 'eggs (beaten)');
INSERT INTO `item_def` (`item_id`, `item_descr`) VALUES (223, 'grated orange rind (don\\''t skip this -- yum!!!)');
INSERT INTO `item_def` (`item_id`, `item_descr`) VALUES (224, 'Spicy V-8');
INSERT INTO `item_def` (`item_id`, `item_descr`) VALUES (225, 'Merlot');
INSERT INTO `item_def` (`item_id`, `item_descr`) VALUES (226, 'Worchesershire');
INSERT INTO `item_def` (`item_id`, `item_descr`) VALUES (227, 'Tabasco');
INSERT INTO `item_def` (`item_id`, `item_descr`) VALUES (228, 'horseradish');
INSERT INTO `item_def` (`item_id`, `item_descr`) VALUES (229, 'celery salt');
INSERT INTO `item_def` (`item_id`, `item_descr`) VALUES (230, 'PLUS 2 tablespoons whole wheat pastry flour');
INSERT INTO `item_def` (`item_id`, `item_descr`) VALUES (231, 'grated orange rind');
INSERT INTO `item_def` (`item_id`, `item_descr`) VALUES (232, '');
INSERT INTO `item_def` (`item_id`, `item_descr`) VALUES (233, 'white sugar');
INSERT INTO `item_def` (`item_id`, `item_descr`) VALUES (234, 'warm milk');
INSERT INTO `item_def` (`item_id`, `item_descr`) VALUES (235, 'butter (softened)');
INSERT INTO `item_def` (`item_id`, `item_descr`) VALUES (236, 'pecans, toasted & chopped');
INSERT INTO `item_def` (`item_id`, `item_descr`) VALUES (237, 'yellow cornmeal');
INSERT INTO `item_def` (`item_id`, `item_descr`) VALUES (238, 'skim milk');
INSERT INTO `item_def` (`item_id`, `item_descr`) VALUES (239, 'mashed sweet potato OR canned pumpkin');
INSERT INTO `item_def` (`item_id`, `item_descr`) VALUES (240, 'egg yolks');
INSERT INTO `item_def` (`item_id`, `item_descr`) VALUES (241, 'egg whites, lightly beaten');
INSERT INTO `item_def` (`item_id`, `item_descr`) VALUES (242, 'low-fat yogurt');
INSERT INTO `item_def` (`item_id`, `item_descr`) VALUES (243, 'fresh lemon juice');
INSERT INTO `item_def` (`item_id`, `item_descr`) VALUES (244, 'minced fresh garlic');
INSERT INTO `item_def` (`item_id`, `item_descr`) VALUES (245, 'salt, divided');
INSERT INTO `item_def` (`item_id`, `item_descr`) VALUES (246, 'freshly ground black pepper, divided');
INSERT INTO `item_def` (`item_id`, `item_descr`) VALUES (247, 'ground cardamom');
INSERT INTO `item_def` (`item_id`, `item_descr`) VALUES (248, 'ground cumin');
INSERT INTO `item_def` (`item_id`, `item_descr`) VALUES (249, 'boneless, skinless chicken breast halves');
INSERT INTO `item_def` (`item_id`, `item_descr`) VALUES (250, 'chopped fresh parsley');
INSERT INTO `item_def` (`item_id`, `item_descr`) VALUES (251, 'dried flat rice noodles');
INSERT INTO `item_def` (`item_id`, `item_descr`) VALUES (252, 'fish sauce');
INSERT INTO `item_def` (`item_id`, `item_descr`) VALUES (253, 'rice vinegar');
INSERT INTO `item_def` (`item_id`, `item_descr`) VALUES (254, 'crushed red pepper flakes');
INSERT INTO `item_def` (`item_id`, `item_descr`) VALUES (255, 'green onions, cut 1-inch');
INSERT INTO `item_def` (`item_id`, `item_descr`) VALUES (256, 'bean sprouts');
INSERT INTO `item_def` (`item_id`, `item_descr`) VALUES (257, 'ground roasted peanuts');
INSERT INTO `item_def` (`item_id`, `item_descr`) VALUES (258, 'package spaghetti (I recommend wheat .)');
INSERT INTO `item_def` (`item_id`, `item_descr`) VALUES (259, 'red bell pepper, julienned');
INSERT INTO `item_def` (`item_id`, `item_descr`) VALUES (260, 'cucumber, julienned');
INSERT INTO `item_def` (`item_id`, `item_descr`) VALUES (261, 'green onion, chopped');
INSERT INTO `item_def` (`item_id`, `item_descr`) VALUES (262, 'chopped fresh cilantro');
INSERT INTO `item_def` (`item_id`, `item_descr`) VALUES (263, 'smooth natural peanut butter');
INSERT INTO `item_def` (`item_id`, `item_descr`) VALUES (264, 'yellow onion, chopped');
INSERT INTO `item_def` (`item_id`, `item_descr`) VALUES (265, 'garlic, peeled & sliced');
INSERT INTO `item_def` (`item_id`, `item_descr`) VALUES (266, 'grated fresh ginger');
INSERT INTO `item_def` (`item_id`, `item_descr`) VALUES (267, 'fresh lime juice');
INSERT INTO `item_def` (`item_id`, `item_descr`) VALUES (268, 'sesame oil');
INSERT INTO `item_def` (`item_id`, `item_descr`) VALUES (269, 'package spaghetti (I recommend wheat )');
INSERT INTO `item_def` (`item_id`, `item_descr`) VALUES (270, 'package spaghetti (I recommend wheat)');
INSERT INTO `item_def` (`item_id`, `item_descr`) VALUES (271, 'boneless, skinless chicken breasts');
INSERT INTO `item_def` (`item_id`, `item_descr`) VALUES (272, 'peppercorns');
INSERT INTO `item_def` (`item_id`, `item_descr`) VALUES (273, 'bay leaf');
INSERT INTO `item_def` (`item_id`, `item_descr`) VALUES (274, 'chili sauce');
INSERT INTO `item_def` (`item_id`, `item_descr`) VALUES (275, 'cooked soba noodles');
INSERT INTO `item_def` (`item_id`, `item_descr`) VALUES (276, 'finely grated carrots');
INSERT INTO `item_def` (`item_id`, `item_descr`) VALUES (277, 'sliced green onion');
INSERT INTO `item_def` (`item_id`, `item_descr`) VALUES (278, 'finely chopped purple onion');
INSERT INTO `item_def` (`item_id`, `item_descr`) VALUES (279, 'chopped fresh basil');
INSERT INTO `item_def` (`item_id`, `item_descr`) VALUES (280, 'whipping cream or half and half');
INSERT INTO `item_def` (`item_id`, `item_descr`) VALUES (281, 'all purpose flour (I use whole wheat pastry flour)');
INSERT INTO `item_def` (`item_id`, `item_descr`) VALUES (282, 'rolled oats');
INSERT INTO `item_def` (`item_id`, `item_descr`) VALUES (283, 'low-fat granola cereal');
INSERT INTO `item_def` (`item_id`, `item_descr`) VALUES (284, 'eggs, beaten');
INSERT INTO `item_def` (`item_id`, `item_descr`) VALUES (285, 'unsweetened apple sauce');
INSERT INTO `item_def` (`item_id`, `item_descr`) VALUES (286, 'fresh or frozen blueberries');
INSERT INTO `item_def` (`item_id`, `item_descr`) VALUES (287, 'light sour cream');
INSERT INTO `item_def` (`item_id`, `item_descr`) VALUES (288, 'frozen blueberries');
INSERT INTO `item_def` (`item_id`, `item_descr`) VALUES (289, 'banana');
INSERT INTO `item_def` (`item_id`, `item_descr`) VALUES (290, 'orange juice');
INSERT INTO `item_def` (`item_id`, `item_descr`) VALUES (291, 'blueberry or vanilla yogurt');
INSERT INTO `item_def` (`item_id`, `item_descr`) VALUES (292, 'finely chopped portabella mushrooms');
INSERT INTO `item_def` (`item_id`, `item_descr`) VALUES (293, 'worchestershire sauce');
INSERT INTO `item_def` (`item_id`, `item_descr`) VALUES (294, 'green onions, sliced');
INSERT INTO `item_def` (`item_id`, `item_descr`) VALUES (295, 'grated swiss cheese');
INSERT INTO `item_def` (`item_id`, `item_descr`) VALUES (296, 'bread crumbs');
INSERT INTO `item_def` (`item_id`, `item_descr`) VALUES (297, 'cooked wild rice');
INSERT INTO `item_def` (`item_id`, `item_descr`) VALUES (298, 'butter (use real butter)');
INSERT INTO `item_def` (`item_id`, `item_descr`) VALUES (299, 'corn syrup');
INSERT INTO `item_def` (`item_id`, `item_descr`) VALUES (300, 'air-popped popcorn');
INSERT INTO `item_def` (`item_id`, `item_descr`) VALUES (301, 'stick pretzels');
INSERT INTO `item_def` (`item_id`, `item_descr`) VALUES (302, 'whole toasted almonds');
INSERT INTO `item_def` (`item_id`, `item_descr`) VALUES (303, 'sesame seed oil');
INSERT INTO `item_def` (`item_id`, `item_descr`) VALUES (304, 'minced fresh ginger');
INSERT INTO `item_def` (`item_id`, `item_descr`) VALUES (305, 'tuna steak');
INSERT INTO `item_def` (`item_id`, `item_descr`) VALUES (306, 'cranberry juice');
INSERT INTO `item_def` (`item_id`, `item_descr`) VALUES (307, 'pine nuts');
INSERT INTO `item_def` (`item_id`, `item_descr`) VALUES (308, 'fresh basil');
INSERT INTO `item_def` (`item_id`, `item_descr`) VALUES (309, 'grated fresh parmesan');
INSERT INTO `item_def` (`item_id`, `item_descr`) VALUES (310, 'seasoned olive oil');
INSERT INTO `item_def` (`item_id`, `item_descr`) VALUES (311, 'fiber one cereal (or All Bran)');
INSERT INTO `item_def` (`item_id`, `item_descr`) VALUES (312, 'apple sauce');
INSERT INTO `item_def` (`item_id`, `item_descr`) VALUES (313, 'low-fat buttermilk');
INSERT INTO `item_def` (`item_id`, `item_descr`) VALUES (314, 'fresh grated ginger');
INSERT INTO `item_def` (`item_id`, `item_descr`) VALUES (315, 'chopped candied ginger');
INSERT INTO `item_def` (`item_id`, `item_descr`) VALUES (316, 'packed brown sugar');
INSERT INTO `item_def` (`item_id`, `item_descr`) VALUES (317, 'toasted choped nuts');
INSERT INTO `item_def` (`item_id`, `item_descr`) VALUES (318, 'flax seed or sesame seed');
INSERT INTO `item_def` (`item_id`, `item_descr`) VALUES (319, 'dried fruit');
INSERT INTO `item_def` (`item_id`, `item_descr`) VALUES (320, 'steel-cut oats');
INSERT INTO `item_def` (`item_id`, `item_descr`) VALUES (321, 'millet');
INSERT INTO `item_def` (`item_id`, `item_descr`) VALUES (322, 'slivered almonds');
INSERT INTO `item_def` (`item_id`, `item_descr`) VALUES (323, 'golden raisin');
INSERT INTO `item_def` (`item_id`, `item_descr`) VALUES (324, 'head cauliflower');
INSERT INTO `item_def` (`item_id`, `item_descr`) VALUES (325, 'cherry or grape tomatoes, halved');
INSERT INTO `item_def` (`item_id`, `item_descr`) VALUES (326, 'bell pepper cut into bite-sized chunks (any color will do)');
INSERT INTO `item_def` (`item_id`, `item_descr`) VALUES (327, 'red onion, chopped');
INSERT INTO `item_def` (`item_id`, `item_descr`) VALUES (328, 'seedless cucumber cute into bite-sized chunks');
INSERT INTO `item_def` (`item_id`, `item_descr`) VALUES (329, 'celery cut into 1-inch pieces');
INSERT INTO `item_def` (`item_id`, `item_descr`) VALUES (330, 'yellow squash cut into bite-sized pieces');
INSERT INTO `item_def` (`item_id`, `item_descr`) VALUES (331, 'extra-virgin olive oil');
INSERT INTO `item_def` (`item_id`, `item_descr`) VALUES (332, 'red wine vinegar');
INSERT INTO `item_def` (`item_id`, `item_descr`) VALUES (333, 'dried Italian seasoning');
INSERT INTO `item_def` (`item_id`, `item_descr`) VALUES (334, 'fine yellow cornmeal');
INSERT INTO `item_def` (`item_id`, `item_descr`) VALUES (335, 'oatmeal');
INSERT INTO `item_def` (`item_id`, `item_descr`) VALUES (336, 'milk or soymilk');
INSERT INTO `item_def` (`item_id`, `item_descr`) VALUES (337, 'applesauce');
INSERT INTO `item_def` (`item_id`, `item_descr`) VALUES (338, 'whole wheat or mulitgrain penne');
INSERT INTO `item_def` (`item_id`, `item_descr`) VALUES (339, 'goat cheese');
INSERT INTO `item_def` (`item_id`, `item_descr`) VALUES (340, 'reduced-fat cream cheese');
INSERT INTO `item_def` (`item_id`, `item_descr`) VALUES (341, 'fresh baby spinach leaves');
INSERT INTO `item_def` (`item_id`, `item_descr`) VALUES (342, 'freshly grated {aremesan or Romano cheese');
INSERT INTO `item_def` (`item_id`, `item_descr`) VALUES (343, 'tofu, patted dry and cut into 1/4\\" cubes');
INSERT INTO `item_def` (`item_id`, `item_descr`) VALUES (344, 'small potatoes, boiled cut into bite-size wedges');
INSERT INTO `item_def` (`item_id`, `item_descr`) VALUES (345, 'spinach, cleaned steamed, and chopped');
INSERT INTO `item_def` (`item_id`, `item_descr`) VALUES (346, 'head green cabbage, shredded and lightly steamed');
INSERT INTO `item_def` (`item_id`, `item_descr`) VALUES (347, 'bean sprouts, washed thoroughly');
INSERT INTO `item_def` (`item_id`, `item_descr`) VALUES (348, 'roasted peanuts');
INSERT INTO `item_def` (`item_id`, `item_descr`) VALUES (349, 'soy sauce or tamari');
INSERT INTO `item_def` (`item_id`, `item_descr`) VALUES (350, 'lime or lemon juice');
INSERT INTO `item_def` (`item_id`, `item_descr`) VALUES (351, 'cayenne pepper');
INSERT INTO `item_def` (`item_id`, `item_descr`) VALUES (352, 'red potatoes, cut into 1-inch cubes');
INSERT INTO `item_def` (`item_id`, `item_descr`) VALUES (353, 'crispy rice cereal');
INSERT INTO `item_def` (`item_id`, `item_descr`) VALUES (354, 'sunflower seeds, flax seeds, or sesame seeds');
INSERT INTO `item_def` (`item_id`, `item_descr`) VALUES (355, 'chopped dried apricots');
INSERT INTO `item_def` (`item_id`, `item_descr`) VALUES (356, 'low-fat sour cream');
INSERT INTO `item_def` (`item_id`, `item_descr`) VALUES (357, 'grated lemon rind');
INSERT INTO `item_def` (`item_id`, `item_descr`) VALUES (358, 'extra virgin olive oil');
INSERT INTO `item_def` (`item_id`, `item_descr`) VALUES (359, 'sifted powdered sugar');
INSERT INTO `item_def` (`item_id`, `item_descr`) VALUES (360, 'packages cherry tomatoes, halved lengthwise');
INSERT INTO `item_def` (`item_id`, `item_descr`) VALUES (361, 'fusilli or other spiral pasta');
INSERT INTO `item_def` (`item_id`, `item_descr`) VALUES (362, 'hot italian sausage, casings removed, crumbled');
INSERT INTO `item_def` (`item_id`, `item_descr`) VALUES (363, 'red bell pepper, chopped');
INSERT INTO `item_def` (`item_id`, `item_descr`) VALUES (364, 'package whipped cream cheese');
INSERT INTO `item_def` (`item_id`, `item_descr`) VALUES (365, 'grated romano cheese');
INSERT INTO `item_def` (`item_id`, `item_descr`) VALUES (366, 'fresh basil, chopped');
INSERT INTO `item_def` (`item_id`, `item_descr`) VALUES (367, 'vegetable or chicken broth');
INSERT INTO `item_def` (`item_id`, `item_descr`) VALUES (368, 'pure maple syrup');
INSERT INTO `item_def` (`item_id`, `item_descr`) VALUES (369, 'balsamic vinegar');
INSERT INTO `item_def` (`item_id`, `item_descr`) VALUES (370, 'extra-firm tofu, cut crosswise into 8 slabs and blotted between paper towels');
INSERT INTO `item_def` (`item_id`, `item_descr`) VALUES (371, 'shredded carrots');
INSERT INTO `item_def` (`item_id`, `item_descr`) VALUES (372, 'whipped cream cheese');
INSERT INTO `item_def` (`item_id`, `item_descr`) VALUES (373, 'confectioners\\'' sugar');
INSERT INTO `item_def` (`item_id`, `item_descr`) VALUES (374, 'confectioners\\'' sugar');
INSERT INTO `item_def` (`item_id`, `item_descr`) VALUES (375, 'confectioners\\\\\\'' sugar (scant)');
INSERT INTO `item_def` (`item_id`, `item_descr`) VALUES (376, 'brown sugar, packed');
INSERT INTO `item_def` (`item_id`, `item_descr`) VALUES (377, 'chopped fresh, frozen (thawed), or canned (well drained) peaches');
INSERT INTO `item_def` (`item_id`, `item_descr`) VALUES (378, 'oatbran');
INSERT INTO `item_def` (`item_id`, `item_descr`) VALUES (379, 'eggs, slightly beaten');
INSERT INTO `item_def` (`item_id`, `item_descr`) VALUES (380, 'couscous');
INSERT INTO `item_def` (`item_id`, `item_descr`) VALUES (381, '(1-pound can) cooked kidney beans, rinsed and drained');
INSERT INTO `item_def` (`item_id`, `item_descr`) VALUES (382, 'chopped red bell pepepr');
INSERT INTO `item_def` (`item_id`, `item_descr`) VALUES (383, 'chopped green bell pepper');
INSERT INTO `item_def` (`item_id`, `item_descr`) VALUES (384, 'chopped red onion');
INSERT INTO `item_def` (`item_id`, `item_descr`) VALUES (385, 'green onions, chopped');
INSERT INTO `item_def` (`item_id`, `item_descr`) VALUES (386, 'chopped cilantro');
INSERT INTO `item_def` (`item_id`, `item_descr`) VALUES (387, 'hot red pepper flakes');
INSERT INTO `item_def` (`item_id`, `item_descr`) VALUES (388, 'lime, juiced');
INSERT INTO `item_def` (`item_id`, `item_descr`) VALUES (389, 'chopped pecans');
INSERT INTO `item_def` (`item_id`, `item_descr`) VALUES (390, 'carton plain yogurt, or 1 cup');
INSERT INTO `item_def` (`item_id`, `item_descr`) VALUES (391, 'finely diced pear');
INSERT INTO `item_def` (`item_id`, `item_descr`) VALUES (392, 'turbinado or granulated sugar');
INSERT INTO `item_def` (`item_id`, `item_descr`) VALUES (393, 'ground sarsaparilla');
INSERT INTO `item_def` (`item_id`, `item_descr`) VALUES (394, 'sassafras');
INSERT INTO `item_def` (`item_id`, `item_descr`) VALUES (395, 'hops');
INSERT INTO `item_def` (`item_id`, `item_descr`) VALUES (396, 'ground coriander');
INSERT INTO `item_def` (`item_id`, `item_descr`) VALUES (397, 'wintergreen extract (Almost all natural)');
INSERT INTO `item_def` (`item_id`, `item_descr`) VALUES (398, 'worcestershire sauce');
INSERT INTO `item_def` (`item_id`, `item_descr`) VALUES (399, 'chives');
INSERT INTO `item_def` (`item_id`, `item_descr`) VALUES (400, 'ketchup');
INSERT INTO `item_def` (`item_id`, `item_descr`) VALUES (401, 'pepper sauce');
INSERT INTO `item_def` (`item_id`, `item_descr`) VALUES (402, 'spiced mustard');
INSERT INTO `item_def` (`item_id`, `item_descr`) VALUES (403, 'ripe tomatoes, peeled, seeded and chopped');
INSERT INTO `item_def` (`item_id`, `item_descr`) VALUES (404, 'cucumber, peeled and chopped');
INSERT INTO `item_def` (`item_id`, `item_descr`) VALUES (405, 'carrots, peeled and chopped');
INSERT INTO `item_def` (`item_id`, `item_descr`) VALUES (406, 'fennel bulb, peeled and chopped');
INSERT INTO `item_def` (`item_id`, `item_descr`) VALUES (407, 'red bell pepper, seeded and chopped');
INSERT INTO `item_def` (`item_id`, `item_descr`) VALUES (408, 'Tabasco Sauce');
INSERT INTO `item_def` (`item_id`, `item_descr`) VALUES (409, 'sherry vinegar');

-- --------------------------------------------------------

-- 
-- Table structure for table `msrmnt_def`
-- 

CREATE TABLE `msrmnt_def` (
  `msrmnt_id` int(11) NOT NULL auto_increment,
  `msrmnt_descr` varchar(20) NOT NULL default '',
  PRIMARY KEY  (`msrmnt_id`)
) ENGINE=MyISAM AUTO_INCREMENT=35 DEFAULT CHARSET=latin1 AUTO_INCREMENT=35 ;

-- 
-- Dumping data for table `msrmnt_def`
-- 

INSERT INTO `msrmnt_def` (`msrmnt_id`, `msrmnt_descr`) VALUES (1, 'teaspoon(s)');
INSERT INTO `msrmnt_def` (`msrmnt_id`, `msrmnt_descr`) VALUES (2, 'tablespoon(s)');
INSERT INTO `msrmnt_def` (`msrmnt_id`, `msrmnt_descr`) VALUES (3, 'cup(s)');
INSERT INTO `msrmnt_def` (`msrmnt_id`, `msrmnt_descr`) VALUES (4, 'pint');
INSERT INTO `msrmnt_def` (`msrmnt_id`, `msrmnt_descr`) VALUES (5, 'quart(s)');
INSERT INTO `msrmnt_def` (`msrmnt_id`, `msrmnt_descr`) VALUES (6, 'gallon');
INSERT INTO `msrmnt_def` (`msrmnt_id`, `msrmnt_descr`) VALUES (7, 'ounce(s)');
INSERT INTO `msrmnt_def` (`msrmnt_id`, `msrmnt_descr`) VALUES (8, 'pound');
INSERT INTO `msrmnt_def` (`msrmnt_id`, `msrmnt_descr`) VALUES (9, 'small');
INSERT INTO `msrmnt_def` (`msrmnt_id`, `msrmnt_descr`) VALUES (10, 'medium');
INSERT INTO `msrmnt_def` (`msrmnt_id`, `msrmnt_descr`) VALUES (11, 'large');
INSERT INTO `msrmnt_def` (`msrmnt_id`, `msrmnt_descr`) VALUES (12, 'small can');
INSERT INTO `msrmnt_def` (`msrmnt_id`, `msrmnt_descr`) VALUES (13, 'med can');
INSERT INTO `msrmnt_def` (`msrmnt_id`, `msrmnt_descr`) VALUES (14, 'big can');
INSERT INTO `msrmnt_def` (`msrmnt_id`, `msrmnt_descr`) VALUES (15, 'clove(s)');
INSERT INTO `msrmnt_def` (`msrmnt_id`, `msrmnt_descr`) VALUES (17, '14.5oz can');
INSERT INTO `msrmnt_def` (`msrmnt_id`, `msrmnt_descr`) VALUES (18, '12oz can');
INSERT INTO `msrmnt_def` (`msrmnt_id`, `msrmnt_descr`) VALUES (19, '10 oz');
INSERT INTO `msrmnt_def` (`msrmnt_id`, `msrmnt_descr`) VALUES (20, 'pinch');
INSERT INTO `msrmnt_def` (`msrmnt_id`, `msrmnt_descr`) VALUES (21, 'bouquet');
INSERT INTO `msrmnt_def` (`msrmnt_id`, `msrmnt_descr`) VALUES (22, 'jiggers');
INSERT INTO `msrmnt_def` (`msrmnt_id`, `msrmnt_descr`) VALUES (23, 'cube(s)');
INSERT INTO `msrmnt_def` (`msrmnt_id`, `msrmnt_descr`) VALUES (24, 'package');
INSERT INTO `msrmnt_def` (`msrmnt_id`, `msrmnt_descr`) VALUES (25, 'to taste');
INSERT INTO `msrmnt_def` (`msrmnt_id`, `msrmnt_descr`) VALUES (26, 'pound(s)');
INSERT INTO `msrmnt_def` (`msrmnt_id`, `msrmnt_descr`) VALUES (27, 'halves');
INSERT INTO `msrmnt_def` (`msrmnt_id`, `msrmnt_descr`) VALUES (28, 'dash(es)');
INSERT INTO `msrmnt_def` (`msrmnt_id`, `msrmnt_descr`) VALUES (29, '');
INSERT INTO `msrmnt_def` (`msrmnt_id`, `msrmnt_descr`) VALUES (30, 'cloves');
INSERT INTO `msrmnt_def` (`msrmnt_id`, `msrmnt_descr`) VALUES (31, 'cup');
INSERT INTO `msrmnt_def` (`msrmnt_id`, `msrmnt_descr`) VALUES (32, 'cups');
INSERT INTO `msrmnt_def` (`msrmnt_id`, `msrmnt_descr`) VALUES (33, 'ounces');
INSERT INTO `msrmnt_def` (`msrmnt_id`, `msrmnt_descr`) VALUES (34, 'ribs');

-- --------------------------------------------------------

-- 
-- Table structure for table `recipes`
-- 

CREATE TABLE `recipes` (
  `recipe_id` int(11) NOT NULL auto_increment,
  `name` varchar(150) NOT NULL default '',
  `cat_id` int(11) NOT NULL default '0',
  `tried` enum('0','1') NOT NULL default '0',
  `time_to_complete` varchar(30) default NULL,
  `num_servings` varchar(30) default NULL,
  PRIMARY KEY  (`recipe_id`),
  KEY `name` (`name`)
) ENGINE=MyISAM AUTO_INCREMENT=79 DEFAULT CHARSET=latin1 AUTO_INCREMENT=79 ;

-- 
-- Dumping data for table `recipes`
-- 

INSERT INTO `recipes` (`recipe_id`, `name`, `cat_id`, `tried`, `time_to_complete`, `num_servings`) VALUES (1, 'Creamy Potato Casserole', 5, '1', '2.5 hrs', '8');
INSERT INTO `recipes` (`recipe_id`, `name`, `cat_id`, `tried`, `time_to_complete`, `num_servings`) VALUES (2, 'Vegan Chili', 3, '1', '16 hrs', '12');
INSERT INTO `recipes` (`recipe_id`, `name`, `cat_id`, `tried`, `time_to_complete`, `num_servings`) VALUES (3, 'Kahlua Coffee Liqueur', 6, '1', '20 min', '20');
INSERT INTO `recipes` (`recipe_id`, `name`, `cat_id`, `tried`, `time_to_complete`, `num_servings`) VALUES (4, 'Zucchini Garden Chowder', 2, '0', '1 hr', '10');
INSERT INTO `recipes` (`recipe_id`, `name`, `cat_id`, `tried`, `time_to_complete`, `num_servings`) VALUES (5, 'Mother''s Perfect Pot Roast', 3, '0', '3 hrs', '10');
INSERT INTO `recipes` (`recipe_id`, `name`, `cat_id`, `tried`, `time_to_complete`, `num_servings`) VALUES (6, 'Thai Iced Tea', 6, '0', '30 min', '3');
INSERT INTO `recipes` (`recipe_id`, `name`, `cat_id`, `tried`, `time_to_complete`, `num_servings`) VALUES (7, 'Sour Cream Ginger Cookies', 4, '0', '30 min', '24');
INSERT INTO `recipes` (`recipe_id`, `name`, `cat_id`, `tried`, `time_to_complete`, `num_servings`) VALUES (8, 'Dottie''s Egg Nog', 6, '0', '30 min', '10');
INSERT INTO `recipes` (`recipe_id`, `name`, `cat_id`, `tried`, `time_to_complete`, `num_servings`) VALUES (9, 'Sourdough Starter', 7, '0', '1 week', '0');
INSERT INTO `recipes` (`recipe_id`, `name`, `cat_id`, `tried`, `time_to_complete`, `num_servings`) VALUES (10, 'Whole Wheat Sourdough Bread', 7, '0', '3 hrs', '0');
INSERT INTO `recipes` (`recipe_id`, `name`, `cat_id`, `tried`, `time_to_complete`, `num_servings`) VALUES (11, 'Multigrain Sourdough Bread', 7, '0', '3 hrs', '0');
INSERT INTO `recipes` (`recipe_id`, `name`, `cat_id`, `tried`, `time_to_complete`, `num_servings`) VALUES (12, 'Whole Earth Cracked Wheat Bread', 7, '0', '3 hrs', '0');
INSERT INTO `recipes` (`recipe_id`, `name`, `cat_id`, `tried`, `time_to_complete`, `num_servings`) VALUES (13, 'Boboli-Like Pizza Crust', 7, '0', '2 hours', '0');
INSERT INTO `recipes` (`recipe_id`, `name`, `cat_id`, `tried`, `time_to_complete`, `num_servings`) VALUES (14, 'Avacado Dressing', 10, '0', '15 minutes', '8');
INSERT INTO `recipes` (`recipe_id`, `name`, `cat_id`, `tried`, `time_to_complete`, `num_servings`) VALUES (15, 'Creamy Garlic Pizza Sauce', 10, '0', '20 minutes', '16');
INSERT INTO `recipes` (`recipe_id`, `name`, `cat_id`, `tried`, `time_to_complete`, `num_servings`) VALUES (16, 'Guacamole', 1, '0', '15 minutes', '0');
INSERT INTO `recipes` (`recipe_id`, `name`, `cat_id`, `tried`, `time_to_complete`, `num_servings`) VALUES (17, 'Baguette', 7, '0', '8 hours', '3 14 inch loaves');
INSERT INTO `recipes` (`recipe_id`, `name`, `cat_id`, `tried`, `time_to_complete`, `num_servings`) VALUES (18, 'Soft and Yummy Pretzels', 7, '0', '0', '0');
INSERT INTO `recipes` (`recipe_id`, `name`, `cat_id`, `tried`, `time_to_complete`, `num_servings`) VALUES (20, 'Baked Jalapeno Poppers', 1, '0', '0', '0');
INSERT INTO `recipes` (`recipe_id`, `name`, `cat_id`, `tried`, `time_to_complete`, `num_servings`) VALUES (36, 'Aubri''s Light Fettuccine Alfredo', 3, '0', '30 minutes', '4');
INSERT INTO `recipes` (`recipe_id`, `name`, `cat_id`, `tried`, `time_to_complete`, `num_servings`) VALUES (24, 'Grilled Chicken Breast Yakisoba', 3, '0', '1 hour', '8');
INSERT INTO `recipes` (`recipe_id`, `name`, `cat_id`, `tried`, `time_to_complete`, `num_servings`) VALUES (45, 'Cold Sesame Noodles', 3, '0', '45 minutes', '6');
INSERT INTO `recipes` (`recipe_id`, `name`, `cat_id`, `tried`, `time_to_complete`, `num_servings`) VALUES (33, 'Cranberry-Pumpkin Bread with Flaxseed', 7, '0', '1 hr 30 min', '12');
INSERT INTO `recipes` (`recipe_id`, `name`, `cat_id`, `tried`, `time_to_complete`, `num_servings`) VALUES (31, 'Curried Lentil Soup', 2, '0', '8 hours', '6');
INSERT INTO `recipes` (`recipe_id`, `name`, `cat_id`, `tried`, `time_to_complete`, `num_servings`) VALUES (26, 'Aubri''s Twice Baked Potatoes', 5, '0', '1 hr. 45 min.', '12');
INSERT INTO `recipes` (`recipe_id`, `name`, `cat_id`, `tried`, `time_to_complete`, `num_servings`) VALUES (27, 'Peach and Rasberry Streusel', 4, '0', '45 minutes', '8');
INSERT INTO `recipes` (`recipe_id`, `name`, `cat_id`, `tried`, `time_to_complete`, `num_servings`) VALUES (28, 'Chinese Sweet and Sour Sauce', 10, '0', '15 minutes', '12');
INSERT INTO `recipes` (`recipe_id`, `name`, `cat_id`, `tried`, `time_to_complete`, `num_servings`) VALUES (29, 'Cruncy Granola', 11, '0', '1 hour', '8');
INSERT INTO `recipes` (`recipe_id`, `name`, `cat_id`, `tried`, `time_to_complete`, `num_servings`) VALUES (30, 'Pumpkin Chocolate Chip Muffins', 11, '0', '45.', '12');
INSERT INTO `recipes` (`recipe_id`, `name`, `cat_id`, `tried`, `time_to_complete`, `num_servings`) VALUES (44, 'Pad Thai', 3, '0', '45 minutes', '4');
INSERT INTO `recipes` (`recipe_id`, `name`, `cat_id`, `tried`, `time_to_complete`, `num_servings`) VALUES (38, 'Middle Eastern Burgers', 3, '0', '1 hour', '8');
INSERT INTO `recipes` (`recipe_id`, `name`, `cat_id`, `tried`, `time_to_complete`, `num_servings`) VALUES (39, 'Delicious Bran Muffins', 8, '0', '0', '24');
INSERT INTO `recipes` (`recipe_id`, `name`, `cat_id`, `tried`, `time_to_complete`, `num_servings`) VALUES (40, 'Jason''s Bloody Mary', 6, '0', '0', '0');
INSERT INTO `recipes` (`recipe_id`, `name`, `cat_id`, `tried`, `time_to_complete`, `num_servings`) VALUES (41, 'San Francisco Sourdough', 7, '0', '0', '0');
INSERT INTO `recipes` (`recipe_id`, `name`, `cat_id`, `tried`, `time_to_complete`, `num_servings`) VALUES (42, 'Sweet Potato and Pecan Flapjacks', 8, '0', '1 hour', '6');
INSERT INTO `recipes` (`recipe_id`, `name`, `cat_id`, `tried`, `time_to_complete`, `num_servings`) VALUES (43, 'Garlic Chicken', 3, '0', 'Over Night', '6');
INSERT INTO `recipes` (`recipe_id`, `name`, `cat_id`, `tried`, `time_to_complete`, `num_servings`) VALUES (46, 'Peanut Soba Salad', 9, '0', '40 minutes', '6');
INSERT INTO `recipes` (`recipe_id`, `name`, `cat_id`, `tried`, `time_to_complete`, `num_servings`) VALUES (49, 'Healthy Blueberry Muffins', 8, '0', '30 mintues', '12');
INSERT INTO `recipes` (`recipe_id`, `name`, `cat_id`, `tried`, `time_to_complete`, `num_servings`) VALUES (48, 'Applesauce Granola Muffins', 8, '0', '45 minutes', '24');
INSERT INTO `recipes` (`recipe_id`, `name`, `cat_id`, `tried`, `time_to_complete`, `num_servings`) VALUES (50, 'Blueberry Smoothie', 6, '0', '10 minutes', '1-2');
INSERT INTO `recipes` (`recipe_id`, `name`, `cat_id`, `tried`, `time_to_complete`, `num_servings`) VALUES (51, 'Portabella  Mushroom Burgers', 13, '0', '30 minutes', '4');
INSERT INTO `recipes` (`recipe_id`, `name`, `cat_id`, `tried`, `time_to_complete`, `num_servings`) VALUES (52, 'Caramel Corn Snack Mix', 11, '0', '1 hour 15 mintues', '20');
INSERT INTO `recipes` (`recipe_id`, `name`, `cat_id`, `tried`, `time_to_complete`, `num_servings`) VALUES (53, 'Korean-Style Grilled Tuna', 3, '0', '1 hour 30 mintues', '4');
INSERT INTO `recipes` (`recipe_id`, `name`, `cat_id`, `tried`, `time_to_complete`, `num_servings`) VALUES (54, 'Cranberry Slushie', 6, '0', '0', '0');
INSERT INTO `recipes` (`recipe_id`, `name`, `cat_id`, `tried`, `time_to_complete`, `num_servings`) VALUES (55, 'Basil Pesto', 10, '0', '0', '16');
INSERT INTO `recipes` (`recipe_id`, `name`, `cat_id`, `tried`, `time_to_complete`, `num_servings`) VALUES (56, 'Delicious Bran Muffins  II', 8, '0', '35 minutes', '40');
INSERT INTO `recipes` (`recipe_id`, `name`, `cat_id`, `tried`, `time_to_complete`, `num_servings`) VALUES (57, 'Triple Ginger Snaps', 4, '0', '30 minutes', '24 (2 cookies per serving)');
INSERT INTO `recipes` (`recipe_id`, `name`, `cat_id`, `tried`, `time_to_complete`, `num_servings`) VALUES (58, 'Granola Bars', 11, '0', '45 minutes', '12');
INSERT INTO `recipes` (`recipe_id`, `name`, `cat_id`, `tried`, `time_to_complete`, `num_servings`) VALUES (59, 'Irish Oatmeal', 8, '0', '25 minutes', '4');
INSERT INTO `recipes` (`recipe_id`, `name`, `cat_id`, `tried`, `time_to_complete`, `num_servings`) VALUES (60, 'Oven Baked Cauliflower', 5, '0', '25 minutes', '6');
INSERT INTO `recipes` (`recipe_id`, `name`, `cat_id`, `tried`, `time_to_complete`, `num_servings`) VALUES (61, 'Vegetable Chunck Salad', 9, '0', '25', '6');
INSERT INTO `recipes` (`recipe_id`, `name`, `cat_id`, `tried`, `time_to_complete`, `num_servings`) VALUES (62, 'Multigrain Waffles', 8, '0', '30 minutes', '6');
INSERT INTO `recipes` (`recipe_id`, `name`, `cat_id`, `tried`, `time_to_complete`, `num_servings`) VALUES (63, 'Penne With Spinach Sauce', 3, '0', '25 minutes', '6');
INSERT INTO `recipes` (`recipe_id`, `name`, `cat_id`, `tried`, `time_to_complete`, `num_servings`) VALUES (64, 'Indonesian Salad with Spicy Peanut Dressing', 9, '0', '1 hour', '6');
INSERT INTO `recipes` (`recipe_id`, `name`, `cat_id`, `tried`, `time_to_complete`, `num_servings`) VALUES (65, 'Oven Roasted Garlic and Rosemary Potatoes', 5, '0', '45 minutes', '6');
INSERT INTO `recipes` (`recipe_id`, `name`, `cat_id`, `tried`, `time_to_complete`, `num_servings`) VALUES (66, 'Mulitgrain Fruit Bars', 11, '0', '35 minutes', '24');
INSERT INTO `recipes` (`recipe_id`, `name`, `cat_id`, `tried`, `time_to_complete`, `num_servings`) VALUES (67, 'Lemon-Scented Olive Oil Muffins', 11, '0', '45 minutes', '10');
INSERT INTO `recipes` (`recipe_id`, `name`, `cat_id`, `tried`, `time_to_complete`, `num_servings`) VALUES (68, 'Fusilli with Cheese, Peppers, Roasted Cherry Tomatoes and Basil', 3, '0', '40 minutes', '6 servings');
INSERT INTO `recipes` (`recipe_id`, `name`, `cat_id`, `tried`, `time_to_complete`, `num_servings`) VALUES (69, 'Spicy Pan-Glazed Tofu', 3, '0', '25 minutes', '4');
INSERT INTO `recipes` (`recipe_id`, `name`, `cat_id`, `tried`, `time_to_complete`, `num_servings`) VALUES (70, 'Carrot Rasin Muffins', 11, '0', '30 minutes', '12');
INSERT INTO `recipes` (`recipe_id`, `name`, `cat_id`, `tried`, `time_to_complete`, `num_servings`) VALUES (71, 'Peach Oatmeal Muffins', 8, '0', '30 minutes', '12');
INSERT INTO `recipes` (`recipe_id`, `name`, `cat_id`, `tried`, `time_to_complete`, `num_servings`) VALUES (72, 'Honey Bran Muffins', 8, '0', '30 minutes', '12');
INSERT INTO `recipes` (`recipe_id`, `name`, `cat_id`, `tried`, `time_to_complete`, `num_servings`) VALUES (73, 'Israeli Couscous Salad', 9, '0', '40 minutes', '4 to 6');
INSERT INTO `recipes` (`recipe_id`, `name`, `cat_id`, `tried`, `time_to_complete`, `num_servings`) VALUES (74, 'Pear and Pecan Muffins', 8, '0', '45 minutes', '15');
INSERT INTO `recipes` (`recipe_id`, `name`, `cat_id`, `tried`, `time_to_complete`, `num_servings`) VALUES (75, 'Root Beer', 12, '0', '0', '0');
INSERT INTO `recipes` (`recipe_id`, `name`, `cat_id`, `tried`, `time_to_complete`, `num_servings`) VALUES (76, 'Blackening Seasoning', 10, '0', '0', '0');
INSERT INTO `recipes` (`recipe_id`, `name`, `cat_id`, `tried`, `time_to_complete`, `num_servings`) VALUES (77, 'Roumalade Dressing', 10, '0', '0', '0');
INSERT INTO `recipes` (`recipe_id`, `name`, `cat_id`, `tried`, `time_to_complete`, `num_servings`) VALUES (78, 'Gazpacho', 2, '0', '0', '0');

-- --------------------------------------------------------

-- 
-- Table structure for table `steps`
-- 

CREATE TABLE `steps` (
  `recipe_id` int(11) NOT NULL default '0',
  `order_num` int(11) NOT NULL default '0',
  `step_descr` text NOT NULL,
  PRIMARY KEY  (`recipe_id`,`order_num`)
) ENGINE=MyISAM DEFAULT CHARSET=latin1;

-- 
-- Dumping data for table `steps`
-- 

INSERT INTO `steps` (`recipe_id`, `order_num`, `step_descr`) VALUES (1, 7, 'Stir in salt and pepper.');
INSERT INTO `steps` (`recipe_id`, `order_num`, `step_descr`) VALUES (1, 8, 'Scrape potato mixture into 2-quart oval baking dish and sprinkle with cheddar.');
INSERT INTO `steps` (`recipe_id`, `order_num`, `step_descr`) VALUES (1, 5, 'Remove pan from heat and stir in garlic, butter, & parmesan.');
INSERT INTO `steps` (`recipe_id`, `order_num`, `step_descr`) VALUES (1, 6, 'Pour cream mixture into bowl with potatoes and stir to combine.');
INSERT INTO `steps` (`recipe_id`, `order_num`, `step_descr`) VALUES (1, 4, 'Bring cream and broth to simmer in small saucepan.');
INSERT INTO `steps` (`recipe_id`, `order_num`, `step_descr`) VALUES (1, 3, 'Shred potatoes using shredding attachment of food processor or large holes on box grater. Place shredded potatoes in large bowl and set aside.');
INSERT INTO `steps` (`recipe_id`, `order_num`, `step_descr`) VALUES (1, 2, 'Drain potatoes. When cool enough to handle (5 - 8 min), peel with paring knife.');
INSERT INTO `steps` (`recipe_id`, `order_num`, `step_descr`) VALUES (2, 6, 'Cover mixture with water & stir well.');
INSERT INTO `steps` (`recipe_id`, `order_num`, `step_descr`) VALUES (2, 7, 'Turn crockpot on low. (note: Leaving your crockpot on as you sleep is dangerous.)');
INSERT INTO `steps` (`recipe_id`, `order_num`, `step_descr`) VALUES (2, 5, 'Add seasonings to crock pot.');
INSERT INTO `steps` (`recipe_id`, `order_num`, `step_descr`) VALUES (2, 4, 'Place 2 cans tomato in the crock pot.');
INSERT INTO `steps` (`recipe_id`, `order_num`, `step_descr`) VALUES (2, 3, 'Place the dry TVP in the crock pot.');
INSERT INTO `steps` (`recipe_id`, `order_num`, `step_descr`) VALUES (2, 2, 'Mince the garlic & the jalepenos. Place in crock pot.');
INSERT INTO `steps` (`recipe_id`, `order_num`, `step_descr`) VALUES (2, 1, 'Chop the bell pepper & the onion. Place in crock pot.');
INSERT INTO `steps` (`recipe_id`, `order_num`, `step_descr`) VALUES (2, 0, 'In the morning, place the beans in water to soak 10-12 hrs. That evening, drain the beans & place them in the crock pot.');
INSERT INTO `steps` (`recipe_id`, `order_num`, `step_descr`) VALUES (3, 1, 'Add vodka to coffee mixture and stir to combine.');
INSERT INTO `steps` (`recipe_id`, `order_num`, `step_descr`) VALUES (3, 0, 'Combine sugar, coffee, vanilla, & water.  Stir until sugar is dissolved completely.  Set aside and allow to cool completely. Note:  (If you do not allow mixture to cool completely the alcohol will evaporate!)');
INSERT INTO `steps` (`recipe_id`, `order_num`, `step_descr`) VALUES (4, 5, 'Add tomatoes, milk, and corn; bring to a boil.');
INSERT INTO `steps` (`recipe_id`, `order_num`, `step_descr`) VALUES (4, 6, 'Reduce heat; cover and simmer for 5 minutes or until corn is tender.');
INSERT INTO `steps` (`recipe_id`, `order_num`, `step_descr`) VALUES (4, 4, 'Bring to a boil. Cook & stir for 2 minutes.');
INSERT INTO `steps` (`recipe_id`, `order_num`, `step_descr`) VALUES (4, 3, 'Add bouillon & lemon juice. Mix well.');
INSERT INTO `steps` (`recipe_id`, `order_num`, `step_descr`) VALUES (4, 2, 'Gradually stir in water.');
INSERT INTO `steps` (`recipe_id`, `order_num`, `step_descr`) VALUES (4, 1, 'Stir in flour, salt and pepper.');
INSERT INTO `steps` (`recipe_id`, `order_num`, `step_descr`) VALUES (4, 0, 'In a Dutch oven or soup kettle over medium heat, saute the zucchini, onion, 2 Tb parsley, & basil in butter until vegetables are tender.');
INSERT INTO `steps` (`recipe_id`, `order_num`, `step_descr`) VALUES (1, 9, 'Cover dish with foil and bake 30 minutes.');
INSERT INTO `steps` (`recipe_id`, `order_num`, `step_descr`) VALUES (1, 10, 'Uncover and continue cooking until top is nicely browned, 20-25 minutes.  Cool 10 minutes before serving.');
INSERT INTO `steps` (`recipe_id`, `order_num`, `step_descr`) VALUES (5, 3, 'Add onion, carrot, celery & garlic. Saute until the vegetables begin to brown. Reduce the heat to medium and continue cooking until the vegetables are very soft.');
INSERT INTO `steps` (`recipe_id`, `order_num`, `step_descr`) VALUES (5, 4, 'Add tomato puree and cook until mixture is dark brown, about 8-9 minutes.');
INSERT INTO `steps` (`recipe_id`, `order_num`, `step_descr`) VALUES (5, 5, 'Add flour, stir and cook for 3 to 4 minutes.');
INSERT INTO `steps` (`recipe_id`, `order_num`, `step_descr`) VALUES (5, 6, 'Add the wine and bouquet garni, and stir well, scraping to remove any bits stuck to the bottom of the pan.');
INSERT INTO `steps` (`recipe_id`, `order_num`, `step_descr`) VALUES (5, 7, 'Return the beef to the pan.');
INSERT INTO `steps` (`recipe_id`, `order_num`, `step_descr`) VALUES (5, 8, 'Add the stock a little at a time, stirring with a wooden spoon, until the stock comes about 2/3 up the side of the beef roast. The amount of stock will vary depending on the size of the pan.');
INSERT INTO `steps` (`recipe_id`, `order_num`, `step_descr`) VALUES (5, 9, 'Bring to a boil, cover and place in the oven until the beef is fork-tender, about 2 hours.');
INSERT INTO `steps` (`recipe_id`, `order_num`, `step_descr`) VALUES (5, 10, 'Remove the beef and keep warm. Skim excess grease off the sauce, strain out the vegetables and remove the bouquet garni.  Note: (If the sauce is too thin, simmer, uncovered, until reduced and slightly thickened. Taste and adjust seasoning with salt and pepper.)');
INSERT INTO `steps` (`recipe_id`, `order_num`, `step_descr`) VALUES (5, 2, 'Heat a Dutch oven or other heavy pot on high heat until very hot. Add oil and sear beef until browned on all sides. Remove beef and set aside.');
INSERT INTO `steps` (`recipe_id`, `order_num`, `step_descr`) VALUES (5, 1, 'Trim the beef of excess fat. Season very well with salt and pepper. (If using canned broth, season the beef very lightly with salt.)');
INSERT INTO `steps` (`recipe_id`, `order_num`, `step_descr`) VALUES (5, 0, 'Preheat oven to 350 degrees.');
INSERT INTO `steps` (`recipe_id`, `order_num`, `step_descr`) VALUES (6, 3, 'Mix together the remaining ingredients.');
INSERT INTO `steps` (`recipe_id`, `order_num`, `step_descr`) VALUES (6, 2, 'Place tea in refridgerator to cool.');
INSERT INTO `steps` (`recipe_id`, `order_num`, `step_descr`) VALUES (6, 1, 'Add tea bags and steap for 5 minutes.');
INSERT INTO `steps` (`recipe_id`, `order_num`, `step_descr`) VALUES (6, 0, 'Heat water to boiling. Add cardamom & cinnamon to hot water and mix well.');
INSERT INTO `steps` (`recipe_id`, `order_num`, `step_descr`) VALUES (6, 4, 'Fill glasses with crushed ice.');
INSERT INTO `steps` (`recipe_id`, `order_num`, `step_descr`) VALUES (6, 5, 'Fill each glass about 1/2 with milk/sugar mixture.');
INSERT INTO `steps` (`recipe_id`, `order_num`, `step_descr`) VALUES (6, 6, 'Carefully pour cooled tea over top to preserve seperation.');
INSERT INTO `steps` (`recipe_id`, `order_num`, `step_descr`) VALUES (7, 4, 'Spray cookie sheet with oil or line with foil.');
INSERT INTO `steps` (`recipe_id`, `order_num`, `step_descr`) VALUES (7, 5, 'Drop dough by 1 1/2 tablespoonfuls onto cookie sheets.');
INSERT INTO `steps` (`recipe_id`, `order_num`, `step_descr`) VALUES (7, 3, 'Add flour mixture to sour cream mixture. Mix at medium speed until creamy.');
INSERT INTO `steps` (`recipe_id`, `order_num`, `step_descr`) VALUES (7, 2, 'Stir flour, ginger, cinnamon, cloves, salt, and baking soda together to blend well.');
INSERT INTO `steps` (`recipe_id`, `order_num`, `step_descr`) VALUES (7, 1, 'Place oil, brown sugar, molasses, egg and sour cream in a mixer bowl and mix at medium speed to blend well.');
INSERT INTO `steps` (`recipe_id`, `order_num`, `step_descr`) VALUES (7, 0, 'Preheat oven to 375 degrees.');
INSERT INTO `steps` (`recipe_id`, `order_num`, `step_descr`) VALUES (8, 1, 'Beat 1 cup sugar and egg yolks.');
INSERT INTO `steps` (`recipe_id`, `order_num`, `step_descr`) VALUES (8, 2, 'Add half & half and whisky.');
INSERT INTO `steps` (`recipe_id`, `order_num`, `step_descr`) VALUES (8, 3, 'In another bowl, beat whipping cream until thick. Add 2 cups sugar while beating.');
INSERT INTO `steps` (`recipe_id`, `order_num`, `step_descr`) VALUES (8, 4, 'In another bowl, beat egg whites until stiff peaks form.');
INSERT INTO `steps` (`recipe_id`, `order_num`, `step_descr`) VALUES (8, 0, 'Seperate egg yolks & whites.');
INSERT INTO `steps` (`recipe_id`, `order_num`, `step_descr`) VALUES (9, 6, 'Cover & let stand at room temperature at least 1 day or until bubbly.');
INSERT INTO `steps` (`recipe_id`, `order_num`, `step_descr`) VALUES (9, 4, 'To use starter, bring the desired amount to room temperature.');
INSERT INTO `steps` (`recipe_id`, `order_num`, `step_descr`) VALUES (9, 5, 'To replenish the starter after using, stir in 50% all-purpose flour & 50% warm water & 1 tsp granulated sugar or honey.');
INSERT INTO `steps` (`recipe_id`, `order_num`, `step_descr`) VALUES (9, 3, 'To store, transfer the starter to a jar, cover with cheesecloth and refrigerate. Do not cover tightly with a metal lid.');
INSERT INTO `steps` (`recipe_id`, `order_num`, `step_descr`) VALUES (9, 2, 'Cover with cheesecloth and let stand at room temperature 5-10 days or until bubbly, stirring mixture 2-3 times each day. Note: (A warmer room speeds up the fermentation process.)');
INSERT INTO `steps` (`recipe_id`, `order_num`, `step_descr`) VALUES (9, 0, 'Dissolve yeast in 1/2 cup warm water.');
INSERT INTO `steps` (`recipe_id`, `order_num`, `step_descr`) VALUES (9, 1, 'Stir in remaining 2 cups water, flour and sugar. Blend until smooth.');
INSERT INTO `steps` (`recipe_id`, `order_num`, `step_descr`) VALUES (10, 8, 'Using a sharp knife, cut 3 slits diagonally in the top of each loaf.  Allow to rise for 45 minutes or until doubled. Meanwhile, preheat oven to 400 degrees.');
INSERT INTO `steps` (`recipe_id`, `order_num`, `step_descr`) VALUES (10, 7, 'Punch down and divide into. Shape into 2 loaves and place in 2 greased bread pans.');
INSERT INTO `steps` (`recipe_id`, `order_num`, `step_descr`) VALUES (10, 6, 'Shape into a ball and place in a greased bowl. Turn once to grease the top and cover with a clean cloth or plastic wrap. Let rise about 1 hour or until doubled.');
INSERT INTO `steps` (`recipe_id`, `order_num`, `step_descr`) VALUES (10, 4, 'Gradually add 1/2 - 1 cup unbleached flour at a time, mixing with a spoon.');
INSERT INTO `steps` (`recipe_id`, `order_num`, `step_descr`) VALUES (10, 5, 'On a lightly floured surface, knead in enough of the remaining unbleached flour to make a moderately stiff dough that is smooth and elastic, 6 - 8 minutes total.');
INSERT INTO `steps` (`recipe_id`, `order_num`, `step_descr`) VALUES (10, 3, 'Mix 2 1/2 cups unbleached flour and baking soda. Slowly add this mixture to the starter mixture.');
INSERT INTO `steps` (`recipe_id`, `order_num`, `step_descr`) VALUES (10, 2, 'Stir in wheat flour, salt, and starter.');
INSERT INTO `steps` (`recipe_id`, `order_num`, `step_descr`) VALUES (10, 1, 'Dissolve yeast in warm water with sugar and allow to stand 10 minutes. Note: (If mixture doesn\\''t become bubbly, throw it out and start over as the water was too hot or the yeast was dead.)');
INSERT INTO `steps` (`recipe_id`, `order_num`, `step_descr`) VALUES (10, 0, 'Bring the starter to room temperature.');
INSERT INTO `steps` (`recipe_id`, `order_num`, `step_descr`) VALUES (11, 3, 'Stir in wheat flour, salt, and starter.');
INSERT INTO `steps` (`recipe_id`, `order_num`, `step_descr`) VALUES (11, 4, 'Add cracked wheat, bulgar, flax seed, baking soda, and honey.');
INSERT INTO `steps` (`recipe_id`, `order_num`, `step_descr`) VALUES (11, 5, 'Gradually add unbleached flour, mixing until no longer liquid.');
INSERT INTO `steps` (`recipe_id`, `order_num`, `step_descr`) VALUES (11, 6, 'On a lightly floured surface, knead in enough of the unbleached flour to make a moderately stiff dough that is smooth and elastic, 6 - 8 minutes total.');
INSERT INTO `steps` (`recipe_id`, `order_num`, `step_descr`) VALUES (11, 7, 'Shape into a ball and place in a greased bowl. Turn once to grease the top and cover with a clean cloth or plastic wrap. Let rise about 1 hour or until doubled.');
INSERT INTO `steps` (`recipe_id`, `order_num`, `step_descr`) VALUES (11, 8, 'Punch down and divide into. Shape into 2 loaves and place in 2 greased bread pans.');
INSERT INTO `steps` (`recipe_id`, `order_num`, `step_descr`) VALUES (11, 9, 'Using a sharp knife, cut 3 slits diagonally in the top of each loaf.  Allow to rise for 45 minutes or until doubled. Meanwhile, preheat oven to 400 degrees.');
INSERT INTO `steps` (`recipe_id`, `order_num`, `step_descr`) VALUES (12, 3, 'Place dough a buttered bowl and cover, let rise for 1 hour.');
INSERT INTO `steps` (`recipe_id`, `order_num`, `step_descr`) VALUES (12, 4, 'Punch down and let rise for another 30 minutes.');
INSERT INTO `steps` (`recipe_id`, `order_num`, `step_descr`) VALUES (12, 5, 'Punch down and turn out on a floured board. Knead well.  Shape into 2 loaves and place in butter loaf pans.');
INSERT INTO `steps` (`recipe_id`, `order_num`, `step_descr`) VALUES (12, 6, 'Bake at 350 until golden brown.');
INSERT INTO `steps` (`recipe_id`, `order_num`, `step_descr`) VALUES (11, 2, 'Dissolve yeast in warm water with sugar and allow to stand 10 minutes. Note: (If mixture doesn\\''t become bubbly, throw it out and start over as the water was too hot or the yeast was dead.)');
INSERT INTO `steps` (`recipe_id`, `order_num`, `step_descr`) VALUES (11, 1, 'Soak cracked wheat & bulgar in hot water for 10 minutes.');
INSERT INTO `steps` (`recipe_id`, `order_num`, `step_descr`) VALUES (11, 0, 'Bring sourdough starter to room temperature.');
INSERT INTO `steps` (`recipe_id`, `order_num`, `step_descr`) VALUES (13, 2, 'Knead until elastic (7-9 minutes), then allow to rise 30-40 minutes or until double.');
INSERT INTO `steps` (`recipe_id`, `order_num`, `step_descr`) VALUES (13, 3, 'Punch down and divide into 3 parts and place into 3 pie pans greased with olive oil.');
INSERT INTO `steps` (`recipe_id`, `order_num`, `step_descr`) VALUES (13, 4, 'Shape into 3 crusts, then dimple dough with fingers.');
INSERT INTO `steps` (`recipe_id`, `order_num`, `step_descr`) VALUES (13, 5, 'Combine olive oil and water, then brush tops with this mixture.');
INSERT INTO `steps` (`recipe_id`, `order_num`, `step_descr`) VALUES (13, 6, 'Sprinkle kosher salt, pepper, rosemary, and thyme on top.  Let rise 50 - 60 minutes.');
INSERT INTO `steps` (`recipe_id`, `order_num`, `step_descr`) VALUES (13, 7, 'Bake at 350 degrees F for 25 minutes.  Take out of the oven, then brush with olive oil.');
INSERT INTO `steps` (`recipe_id`, `order_num`, `step_descr`) VALUES (48, 0, 'Preheat oven to 400F.  ');
INSERT INTO `steps` (`recipe_id`, `order_num`, `step_descr`) VALUES (14, 3, 'Cover and chill in refrigerator at least 30 minutes before serving.');
INSERT INTO `steps` (`recipe_id`, `order_num`, `step_descr`) VALUES (14, 2, 'Add remaining ingredients and stir until well blended.');
INSERT INTO `steps` (`recipe_id`, `order_num`, `step_descr`) VALUES (14, 0, 'Peel and slice the avacodo into small chunks and place in a small bowl.');
INSERT INTO `steps` (`recipe_id`, `order_num`, `step_descr`) VALUES (14, 1, 'Pour lemon juice over the avacado and mash with a fork leaving the mixture slightly chuncky.');
INSERT INTO `steps` (`recipe_id`, `order_num`, `step_descr`) VALUES (15, 0, 'Saute garlic and onion in butter until tender.');
INSERT INTO `steps` (`recipe_id`, `order_num`, `step_descr`) VALUES (15, 1, 'Stir in flour and white pepper and cook about 1 minute.');
INSERT INTO `steps` (`recipe_id`, `order_num`, `step_descr`) VALUES (15, 2, 'Add milk and boullion and stir until blended.  Cook until mixture thickens.');
INSERT INTO `steps` (`recipe_id`, `order_num`, `step_descr`) VALUES (15, 3, 'Remove from heat and stir in parmesan cheese.');
INSERT INTO `steps` (`recipe_id`, `order_num`, `step_descr`) VALUES (16, 2, 'Dice the tomatillos, onion, bell pepper, cilantro & place in bowl with avacado.');
INSERT INTO `steps` (`recipe_id`, `order_num`, `step_descr`) VALUES (16, 3, 'Mince the jalepenos & anaheims & place in bowl with avacado.');
INSERT INTO `steps` (`recipe_id`, `order_num`, `step_descr`) VALUES (16, 4, 'Add 1 tablespoon kosher salt and stir to evenly distribute.');
INSERT INTO `steps` (`recipe_id`, `order_num`, `step_descr`) VALUES (16, 5, 'Taste mixture. You will probably need to add more salt & lime juice to taste.');
INSERT INTO `steps` (`recipe_id`, `order_num`, `step_descr`) VALUES (16, 6, 'Refrigerate for at least 1 hour. The garlic will be stronger if allowed to sit in the refrigerator overnight.');
INSERT INTO `steps` (`recipe_id`, `order_num`, `step_descr`) VALUES (17, 0, 'Mix yeast & warm water in bowl and let stand 3 minutes');
INSERT INTO `steps` (`recipe_id`, `order_num`, `step_descr`) VALUES (17, 1, 'Combine flours & salt in large bowl. Pour the cool water & yeast mixture over the flour & mix to form a shaggy mass.');
INSERT INTO `steps` (`recipe_id`, `order_num`, `step_descr`) VALUES (17, 2, 'Place dough on floured work surface & knead for 4 minutes. Let the dough rest on the surface for 20 minutes covered with a light towel. (This rest period is the autolyse)');
INSERT INTO `steps` (`recipe_id`, `order_num`, `step_descr`) VALUES (17, 3, 'Knead dough for 6-8 minutes. Don\\''t overknead. The dough should be smooth, stretchy, and resilient. ');
INSERT INTO `steps` (`recipe_id`, `order_num`, `step_descr`) VALUES (17, 4, 'Place in a lightly oiled bowl, turn it to coat with oil, and cover with plastic wrap. Let rise at room temperature (75-77&deg; F) for 1 1/2 - 2 hours, or until nearly doubled in volume');
INSERT INTO `steps` (`recipe_id`, `order_num`, `step_descr`) VALUES (17, 5, 'Gently deflate the dough & fold it over itself in the bowl. Reshape it into a ball & cover with plastic wrap. Let rise for 1 1/4 hours or until nearly doubled again.');
INSERT INTO `steps` (`recipe_id`, `order_num`, `step_descr`) VALUES (17, 6, 'Gently deflate the dough again, reshape into a round, cover & let rise about 1 hour.');
INSERT INTO `steps` (`recipe_id`, `order_num`, `step_descr`) VALUES (17, 7, 'Place the dough on a very lightly floured surface & divide into 3 equal pieces (about 10 oz. each).');
INSERT INTO `steps` (`recipe_id`, `order_num`, `step_descr`) VALUES (17, 8, 'Gently stretch one piece into a rectangle, leaving some large bubbles in the dough. Fold the top third down and the bottom third up as if you were folding a business letter. ');
INSERT INTO `steps` (`recipe_id`, `order_num`, `step_descr`) VALUES (17, 9, 'Now form the loaf into a log by rolling the dough over from left to right and sealing the seam with the heel of your palm.');
INSERT INTO `steps` (`recipe_id`, `order_num`, `step_descr`) VALUES (17, 10, 'Fold the dough over about 1/3 of the way each time, seal the length of the loaf then repeat. You want to gently draw the skin tight over the surface of the baguette while leaving some air bubbles in the dough. ');
INSERT INTO `steps` (`recipe_id`, `order_num`, `step_descr`) VALUES (17, 11, 'Seal the seam, being careful not to tear the skin of the dough or deflate its airy structure. Set aside on the work surface to relax before elongating it, and repeat the shaping process with the remaining pieces of dough.');
INSERT INTO `steps` (`recipe_id`, `order_num`, `step_descr`) VALUES (17, 12, 'Elongate each baguette, by rolling it back & forth on the work surface. Begin with both hands over the center of the loaf & work them out to the ends until the loaf reaches the desired length. ');
INSERT INTO `steps` (`recipe_id`, `order_num`, `step_descr`) VALUES (17, 13, 'Place the finished loaves on a pan generously sprinkled with cornmeal or on a baguette pan. Cover the loaves with well oiled plastic or a floured cloth & let rise 30-40 minutes until the loaves are slightly plump but still not doubled in volume. The final rise is short, because you want the baguettes to be slightly under proofed; this will give them a better oven spring, resulting in loaves with a light, airy crumb and more flared cuts.');
INSERT INTO `steps` (`recipe_id`, `order_num`, `step_descr`) VALUES (17, 14, 'Thirty minutes before baking, preheat the oven to 500&deg; F & place a pan of water on the bottom rack.');
INSERT INTO `steps` (`recipe_id`, `order_num`, `step_descr`) VALUES (17, 15, 'Use a very sharp razor blade or lame to make 3-5 slashes, depending on the length of your loaves, on the top of each baguette. The cuts should run from one end of the loaf to the other, rather than accross it, and the blade should be held at a 30&deg; angle to the loaf so the cuts pop open in the oven. Be careful not to press down too hard, or you may deflate the loaves. ');
INSERT INTO `steps` (`recipe_id`, `order_num`, `step_descr`) VALUES (17, 16, 'Using a plant sprayer, mist the loaves & sprinkle poppy seeds, sesame seeds, and sunflower seeds on top. \r\n');
INSERT INTO `steps` (`recipe_id`, `order_num`, `step_descr`) VALUES (17, 17, 'Spray the inside of the oven, then insert the loaves. After 1 minute, mist the loaves and oven walls and close the door. After 2 more minutes, spray the loaves & oven walls again.');
INSERT INTO `steps` (`recipe_id`, `order_num`, `step_descr`) VALUES (17, 18, 'Bake 12 minutes then lower the oven temperature to 400&deg; and bake 25-30 minutes longer until the loaves are golden brown and crisp. ');
INSERT INTO `steps` (`recipe_id`, `order_num`, `step_descr`) VALUES (17, 19, 'Move them to a rick to cool.');
INSERT INTO `steps` (`recipe_id`, `order_num`, `step_descr`) VALUES (18, 5, 'Dip pretzel in soda solution & place on greased baking sheet. Allow pretzels to rise again. Meanwhile, preheat oven to 450 degrees.');
INSERT INTO `steps` (`recipe_id`, `order_num`, `step_descr`) VALUES (18, 4, 'After dough has risen, pinch off bits of dough and roll into a long rope, about 1/2 inch or less thick, and shape.');
INSERT INTO `steps` (`recipe_id`, `order_num`, `step_descr`) VALUES (18, 2, 'Add flour and knead dough until smooth and elastic.  Let rise at least 1/2 hour.');
INSERT INTO `steps` (`recipe_id`, `order_num`, `step_descr`) VALUES (18, 3, 'While dough is rising, prepare a baking soda water bath with 2 cups warm water and 2 tbsp. baking soda. Be certain to stir often.');
INSERT INTO `steps` (`recipe_id`, `order_num`, `step_descr`) VALUES (18, 0, 'Sprinkle yeast on lukewarm water in mixing bowl, stir to dissolve.');
INSERT INTO `steps` (`recipe_id`, `order_num`, `step_descr`) VALUES (18, 1, 'Add sugar, salt, and stir to dissolve.');
INSERT INTO `steps` (`recipe_id`, `order_num`, `step_descr`) VALUES (29, 5, 'Note:  This granola is excellent stirred into yogurt, but can also be eaten right out of the container as a snack.  Enjoy!');
INSERT INTO `steps` (`recipe_id`, `order_num`, `step_descr`) VALUES (48, 2, 'Stir in the water, eggs, oil, and applesauce until just moistened.');
INSERT INTO `steps` (`recipe_id`, `order_num`, `step_descr`) VALUES (48, 1, 'In a large bowl, mix together first 8 ingredients.');
INSERT INTO `steps` (`recipe_id`, `order_num`, `step_descr`) VALUES (20, 0, 'Preheat oven to 300&deg;');
INSERT INTO `steps` (`recipe_id`, `order_num`, `step_descr`) VALUES (20, 1, 'Half & seed the jalepenos.');
INSERT INTO `steps` (`recipe_id`, `order_num`, `step_descr`) VALUES (20, 2, 'Combine cheeses, bacon bits, and seasonings.');
INSERT INTO `steps` (`recipe_id`, `order_num`, `step_descr`) VALUES (20, 3, 'Spoon into pepper halves.');
INSERT INTO `steps` (`recipe_id`, `order_num`, `step_descr`) VALUES (20, 4, 'Roll in breadcrumbs.');
INSERT INTO `steps` (`recipe_id`, `order_num`, `step_descr`) VALUES (20, 5, 'Place on greased cookie sheet & bake uncovered for 20-25 minutes.');
INSERT INTO `steps` (`recipe_id`, `order_num`, `step_descr`) VALUES (24, 0, 'Combine teriyaki marinade and chicken. Toss chicken to coat and let marinade at least 2 hours.  When the chicken has finished marinading, cook in a large wok until done, then slice into 1 inch chunks.');
INSERT INTO `steps` (`recipe_id`, `order_num`, `step_descr`) VALUES (24, 1, 'To prepare noodle marinade, combine onion powder, garlic powder, olive oil, sesame oil, brown sugar, pineapple juice, soy sauce, red wine, mirin, and hoisin sauce in a large bowl. Whisk ingredients with a wire wisk, then gently pull the yakisoba noodles apart and place them in the bowl.  Toss to coat and let marinade for at leas 5 minutes.');
INSERT INTO `steps` (`recipe_id`, `order_num`, `step_descr`) VALUES (24, 2, 'Meanwhile, heat a large wok or skillet over medium-high heat.  When the pan is hot, add the vegetable oil around the sides and let it run into the center of the pan.  Add the carrots, onion, cabbage, broccoli, and mushrooms and stir-fry until the vegetables are almost tender-crisp, about 2-3 mintues.');
INSERT INTO `steps` (`recipe_id`, `order_num`, `step_descr`) VALUES (24, 3, 'Add the marinated yakisoba noodles and stir-fry for an additional 3 to 5 minutes, or until the noodles are tender and hot and the vegetabes are tender-crisp.');
INSERT INTO `steps` (`recipe_id`, `order_num`, `step_descr`) VALUES (24, 4, 'Place the yakisoba noodles in a bowl or plate and arrange chicken over nookdles.  Sprinkle with toasted sesame seeds and serve.');
INSERT INTO `steps` (`recipe_id`, `order_num`, `step_descr`) VALUES (26, 0, 'Wash potatoes and scrub well.  Wrap in foil and bake at 350 degrees for 1 hour, or until tender.  ');
INSERT INTO `steps` (`recipe_id`, `order_num`, `step_descr`) VALUES (26, 1, 'Meanwhile, fry bacon until crisp.  Reserve 1 Tbsp. of grease in the frying pan.  Saute onions and garlic in bacon grease until tender.');
INSERT INTO `steps` (`recipe_id`, `order_num`, `step_descr`) VALUES (26, 2, 'When potatoes are done, cut each potato lenghwise and scoop out insides leaving 1/4 inch of the insides for support of the potato pealing.  Place insides in a large bowl and arrange outer hulls on a baking sheet.');
INSERT INTO `steps` (`recipe_id`, `order_num`, `step_descr`) VALUES (26, 3, 'Add sauted onions and garlic, salt, pepper, butter, milk, and cottage cheese to the bowl with potato centers and beat with an electric mixer until smooth.  Crumble bacon and stir in with a spoon.');
INSERT INTO `steps` (`recipe_id`, `order_num`, `step_descr`) VALUES (26, 4, 'Stuff each potato shell using all of the mixture in the bowl. Sprinkle each potato half with paprika and bake in a 375 degree oven until potatoes are hot and the tops begin to brown, about 30 minutes.');
INSERT INTO `steps` (`recipe_id`, `order_num`, `step_descr`) VALUES (27, 3, 'Bake until bubbly, about 30 minutes.  Serve warm with ice cream or whipped cream, if desired. ');
INSERT INTO `steps` (`recipe_id`, `order_num`, `step_descr`) VALUES (27, 2, 'Combine peaches, rasberries, granulated sugar, and cornstarch.  Pour into prepared skillet.  Sprinkle oatmeal topping evenly over peach mixture.');
INSERT INTO `steps` (`recipe_id`, `order_num`, `step_descr`) VALUES (27, 1, 'In a bowl, use fingers to rub 3 tablespoons butter into the flour, oatmeal, brown sugar and nutmeg.  Mixture should be crumbly.  Set aside.');
INSERT INTO `steps` (`recipe_id`, `order_num`, `step_descr`) VALUES (27, 0, 'Preheat oven to 400 degrees.  Lightly butter 10-inch cast-iron skillet.\r\n');
INSERT INTO `steps` (`recipe_id`, `order_num`, `step_descr`) VALUES (28, 0, 'Combine all ingredients in a heavy saucepan and wisk with a wire wisk until smooth.');
INSERT INTO `steps` (`recipe_id`, `order_num`, `step_descr`) VALUES (28, 1, 'Bring to a simmer on medium heat and simmer until thick, about 3 minutes.');
INSERT INTO `steps` (`recipe_id`, `order_num`, `step_descr`) VALUES (16, 1, 'Add the garlic & lime juice. Mix to prevent browning.');
INSERT INTO `steps` (`recipe_id`, `order_num`, `step_descr`) VALUES (16, 0, 'Skin and remove the seed from the avacados. Mash in a large bowl with a potato masher.');
INSERT INTO `steps` (`recipe_id`, `order_num`, `step_descr`) VALUES (4, 7, 'Just before serving, stir in cheeses until melted.');
INSERT INTO `steps` (`recipe_id`, `order_num`, `step_descr`) VALUES (4, 8, 'Add sugar & garnish with additional parsley, if desired.');
INSERT INTO `steps` (`recipe_id`, `order_num`, `step_descr`) VALUES (2, 8, 'Stir when you have time during cooking.');
INSERT INTO `steps` (`recipe_id`, `order_num`, `step_descr`) VALUES (2, 9, 'Cook until beans are tender, about 16 hours.');
INSERT INTO `steps` (`recipe_id`, `order_num`, `step_descr`) VALUES (5, 11, 'Slice beef and serve with sauce and vegetables.');
INSERT INTO `steps` (`recipe_id`, `order_num`, `step_descr`) VALUES (7, 6, 'Bake at 375 degrees for about 10 minutes, or until cookies are firm and lightly browned.');
INSERT INTO `steps` (`recipe_id`, `order_num`, `step_descr`) VALUES (7, 7, 'Remove cookies and place them on a wire rack.  Allow the cookies to reach room temperature before serving.');
INSERT INTO `steps` (`recipe_id`, `order_num`, `step_descr`) VALUES (1, 1, 'Place potatoes in large pot & add enough cold water to cover by 2 inches. Bring potatoes to boil over high heat, then lower heat to maintain gentle simmer. Cook potatoes until they are barely tender.');
INSERT INTO `steps` (`recipe_id`, `order_num`, `step_descr`) VALUES (1, 0, 'Adjust oven rack to middle position & preheat oven to 350 degrees.');
INSERT INTO `steps` (`recipe_id`, `order_num`, `step_descr`) VALUES (3, 2, 'Pour over ice and add your favorite ingredients.  Sit back, relax, and enjoy!  Note: (This keeps well & gets better with age.)');
INSERT INTO `steps` (`recipe_id`, `order_num`, `step_descr`) VALUES (8, 5, 'Fold cream into egg yolk mixture, then fold in whites.');
INSERT INTO `steps` (`recipe_id`, `order_num`, `step_descr`) VALUES (8, 6, 'Serve in cups with nutmeg on top.');
INSERT INTO `steps` (`recipe_id`, `order_num`, `step_descr`) VALUES (9, 7, 'Refrigerate for later use.');
INSERT INTO `steps` (`recipe_id`, `order_num`, `step_descr`) VALUES (9, 8, 'If starter has not been used for 10 days, stir in 1 tsp sugar or honey. Repeat any 10 day period when starter is not used.');
INSERT INTO `steps` (`recipe_id`, `order_num`, `step_descr`) VALUES (10, 9, 'Bake loaves 35 - 40 minutes. Cool on wire racks.');
INSERT INTO `steps` (`recipe_id`, `order_num`, `step_descr`) VALUES (11, 10, 'Bake loaves 35 - 40 minutes until it makes a hollow sound when you thump the top.');
INSERT INTO `steps` (`recipe_id`, `order_num`, `step_descr`) VALUES (11, 11, 'Brush tops with butter & cool on a wire rack.');
INSERT INTO `steps` (`recipe_id`, `order_num`, `step_descr`) VALUES (12, 2, 'Dissolve the yeast in 2/3 cup warm water and add the reserved teaspoon honey. Add the cooled cracked wheat mixture. Stir in flour and mix thoroughly.');
INSERT INTO `steps` (`recipe_id`, `order_num`, `step_descr`) VALUES (12, 1, 'Add the honey, reserving 1 teaspoon for later, salt and oil. Let cool.');
INSERT INTO `steps` (`recipe_id`, `order_num`, `step_descr`) VALUES (12, 0, 'Pour 2 cups boiling water over the cracked wheat.');
INSERT INTO `steps` (`recipe_id`, `order_num`, `step_descr`) VALUES (13, 1, 'Mix 2 1/4 c water, olive oil, flour, and salt with yeast mixture.');
INSERT INTO `steps` (`recipe_id`, `order_num`, `step_descr`) VALUES (13, 0, 'Mix 1/4 cup water & yeast. Allow to stand for 10 minutes.');
INSERT INTO `steps` (`recipe_id`, `order_num`, `step_descr`) VALUES (18, 7, 'Note:  Instead of the coarse salt, you can sprinkle pretzels with cinammon and sugar OR you can sprinkle pretzels with parmesan cheese and coarse salt.');
INSERT INTO `steps` (`recipe_id`, `order_num`, `step_descr`) VALUES (18, 6, 'Bake pretzels for about 10 minutes or until golden brown.  Take out of the oven and brush with melted butter & sprinkle with coarse salt.');
INSERT INTO `steps` (`recipe_id`, `order_num`, `step_descr`) VALUES (29, 4, 'Add the dried fruits in the last 5 minutes of roasting. Cool completely and store in an airtight container.  ');
INSERT INTO `steps` (`recipe_id`, `order_num`, `step_descr`) VALUES (29, 3, 'Spread on the baking sheet.  Bake for 25 to 30 minutes , stiring every 10 minutes, until the mixture is roasted evenly.  ');
INSERT INTO `steps` (`recipe_id`, `order_num`, `step_descr`) VALUES (29, 2, 'In a separate bowl, mix the honey with the oil and vanilla.  Pour oil mixture over the oatmeal mixture and stir with a large spatula.');
INSERT INTO `steps` (`recipe_id`, `order_num`, `step_descr`) VALUES (29, 1, 'Mix oatmeal, coconut, nuts, wheat germ, seeds, and cinnamon in a a large bowl.');
INSERT INTO `steps` (`recipe_id`, `order_num`, `step_descr`) VALUES (29, 0, 'Preheat oven to 325 degrees.  Lightly oil a banking sheet with canola oil using a pump spray canister.  ');
INSERT INTO `steps` (`recipe_id`, `order_num`, `step_descr`) VALUES (30, 1, 'Mix dry ingredients in a large bowl.');
INSERT INTO `steps` (`recipe_id`, `order_num`, `step_descr`) VALUES (30, 2, 'In another bowl, wisk eggs, pumpkin, and butter until well blended.    Stir in chocolate chips and pour over dry ingredients.  Stir until just moistened.');
INSERT INTO `steps` (`recipe_id`, `order_num`, `step_descr`) VALUES (30, 0, 'Preheat oven to 350 degrees.  Grease muffin tin with oil.');
INSERT INTO `steps` (`recipe_id`, `order_num`, `step_descr`) VALUES (31, 2, 'Place 4 cups of lentils in a blender or food processor and process until smooth. Return mixture to crockpot and add the basil, vinegar, salt, and tomatoes.  Cook until thoroughtly heated.');
INSERT INTO `steps` (`recipe_id`, `order_num`, `step_descr`) VALUES (31, 0, 'Heat oil in skillet over medium-high heat.  Add onions; saute 4 minutes.  Add curry, saute 1 minute.');
INSERT INTO `steps` (`recipe_id`, `order_num`, `step_descr`) VALUES (31, 1, 'Place onion in a crockpot and add water, chicken broth and lentils.  Cook on high 3 to 4 hours or low 7 to 8 hours.  Make sure you check the lentils for tenderness as cooking times will vary depending on your make and model of crockpot.');
INSERT INTO `steps` (`recipe_id`, `order_num`, `step_descr`) VALUES (33, 0, 'Preheat oven to 350 degrees.  Lightly coat an 8 X 4\\\\\\" loaf pan with canola oil and set aside.');
INSERT INTO `steps` (`recipe_id`, `order_num`, `step_descr`) VALUES (33, 1, 'In a large bowl, combine the pastry flour, all-purpose flour, flaxseed, brown sugar, baking soda and salt, and set aside. ');
INSERT INTO `steps` (`recipe_id`, `order_num`, `step_descr`) VALUES (33, 2, 'In a medium bowl, lightly beat the eggs.  Whisk in the pumpkin, canola oil, applesauce, apple juice, cinnamon, ginger and nutmeg.  Stir in the dried cranberries.');
INSERT INTO `steps` (`recipe_id`, `order_num`, `step_descr`) VALUES (33, 3, 'Add the wet ingredients to the dry ingredients, mixing until all the dry ingredients are fully incorporated into the batter.  Do not beat or overmix.  Pour the batter into the prepared pan.');
INSERT INTO `steps` (`recipe_id`, `order_num`, `step_descr`) VALUES (33, 4, 'Bake for 50 to 60 minutes, until a wooden toothpick inserted into the center comes out clean. Cool in the pan on a wire rack for 10 minutes.  Remove the bread from the pan and continue cooling on the rack.');
INSERT INTO `steps` (`recipe_id`, `order_num`, `step_descr`) VALUES (36, 1, 'In a small saucepan, blanch broccoli in salted boiling water.  Drain.');
INSERT INTO `steps` (`recipe_id`, `order_num`, `step_descr`) VALUES (36, 2, 'While fettuccine is cooking, cook onions, garlic, and mushrooms in the butter in a heavy saucepan until onions are translucent.  Stir in flour and cook over low heat for 5 mintues, stirring constantly.  ');
INSERT INTO `steps` (`recipe_id`, `order_num`, `step_descr`) VALUES (36, 3, 'Add milk, chicken bouillon, and nutmeg, stirring continually until mixture thickens.');
INSERT INTO `steps` (`recipe_id`, `order_num`, `step_descr`) VALUES (36, 4, 'Add cream cheese and cooked broccoli, stirring over low heat just until cream cheese is incorporated and mixture is hot.');
INSERT INTO `steps` (`recipe_id`, `order_num`, `step_descr`) VALUES (36, 5, 'Add fettuccine noodles, cheese, parsley, and pepper to taste.  Serve hot with crusty garlic bread.');
INSERT INTO `steps` (`recipe_id`, `order_num`, `step_descr`) VALUES (36, 6, 'Note:  This recipe is also good made with shrimp or chicken.');
INSERT INTO `steps` (`recipe_id`, `order_num`, `step_descr`) VALUES (36, 0, 'In a large saucepan, cook fettuccine in salted water until tender.  Drain.');
INSERT INTO `steps` (`recipe_id`, `order_num`, `step_descr`) VALUES (38, 0, 'In a large pot, combine chickepeas with 8 cups of water.  Cover, and brind to a boil over high heat.  Reduce heat to medium, and cook, uncovered, 25 minutes.  Remove from heat.  Let stand, covered, in water overheat.');
INSERT INTO `steps` (`recipe_id`, `order_num`, `step_descr`) VALUES (38, 1, 'Place sun-dried tomoatoes in shallow bowl; pour enough boiling water to cover.  Let stand 20 minutes.  Drain, chop coarsley, set aside.');
INSERT INTO `steps` (`recipe_id`, `order_num`, `step_descr`) VALUES (38, 2, 'Drain soaked chickpeas and ransfer to food processor.  Add 2 tablespoons oil, 1 tsp. salt and 1/2 tsp. black pepper and process until finely chopped. Add reserved tomatoes, parsley, mint and soy sauce, and process briefly to combine.  Scrape mixture into bowl.');
INSERT INTO `steps` (`recipe_id`, `order_num`, `step_descr`) VALUES (38, 3, 'In a large skillet, heat remaining 1 tablespoon oil over medium heat.  Add onion, and cook, stirring often, until softened, about 6 minutes.  Stir in cumin, 1/2 teaspoon salt, garlic and jalapeno, and cook, stirring often, 5 mintues.  Add onion mixture to chickpeas.  Stir in flour until well blended.  Form mixture into 8 round patties.');
INSERT INTO `steps` (`recipe_id`, `order_num`, `step_descr`) VALUES (38, 4, 'Preheat electric grill to 350 degrees, or heat a grill pan over medium heat.  Cook burgers, turning once, until golden brown, 4 to 5 minutes.');
INSERT INTO `steps` (`recipe_id`, `order_num`, `step_descr`) VALUES (39, 1, 'In a large bowl, dump the cereal, raisins and oil and pour the \r\nboiling water right over the top. Give it a stir or two and set \r\naside.');
INSERT INTO `steps` (`recipe_id`, `order_num`, `step_descr`) VALUES (39, 2, 'In another bowl, combine the buttermilk, molasses, honey, eggs \r\nand rind. Pour that mess over the top of your warm cereal \r\nmixture, stirring to combine.');
INSERT INTO `steps` (`recipe_id`, `order_num`, `step_descr`) VALUES (39, 3, 'In yet another bowl, combine dry ingredients -- flour, baking \r\nsoda, salt and add to the cereal mixture. ');
INSERT INTO `steps` (`recipe_id`, `order_num`, `step_descr`) VALUES (39, 4, 'Line your muffin tins with cupcake liners and fill 2/3 full with \r\nbatter. ');
INSERT INTO `steps` (`recipe_id`, `order_num`, `step_descr`) VALUES (39, 5, 'Bake for 20 to 25 minutes.  ');
INSERT INTO `steps` (`recipe_id`, `order_num`, `step_descr`) VALUES (39, 6, 'Cool in tins for a few \r\nminutes then carefully lift them out to continue cooling on a rack.');
INSERT INTO `steps` (`recipe_id`, `order_num`, `step_descr`) VALUES (54, 5, 'Periodically stir with a fork as it freezes to create slush.');
INSERT INTO `steps` (`recipe_id`, `order_num`, `step_descr`) VALUES (39, 0, 'Preheat oven to 400 degrees.');
INSERT INTO `steps` (`recipe_id`, `order_num`, `step_descr`) VALUES (41, 0, 'In a large bowl, combine 1 cup flour, sugar, salt, and dry yeast. ');
INSERT INTO `steps` (`recipe_id`, `order_num`, `step_descr`) VALUES (41, 1, 'Add milk and softened butter or margarine. ');
INSERT INTO `steps` (`recipe_id`, `order_num`, `step_descr`) VALUES (41, 2, 'Stir in starter. ');
INSERT INTO `steps` (`recipe_id`, `order_num`, `step_descr`) VALUES (41, 3, 'Mix in up to 3 3/4 cups flour gradually, you may need more depending on your climate.');
INSERT INTO `steps` (`recipe_id`, `order_num`, `step_descr`) VALUES (41, 4, 'Knead 8 to 10 minutes.');
INSERT INTO `steps` (`recipe_id`, `order_num`, `step_descr`) VALUES (41, 5, 'Turn dough out onto a floured surface, and knead for 8 to 10 minutes.');
INSERT INTO `steps` (`recipe_id`, `order_num`, `step_descr`) VALUES (41, 6, 'Place in a greased bowl, turn once to oil surface, and cover. Allow to rise for 1 hour, or until doubled in volume.');
INSERT INTO `steps` (`recipe_id`, `order_num`, `step_descr`) VALUES (41, 7, 'Punch down, and let rest 15 minutes.\r\n');
INSERT INTO `steps` (`recipe_id`, `order_num`, `step_descr`) VALUES (41, 8, 'Shape into loaves. Place on a greased baking pan. Allow to rise for 1 hour, or until doubled.');
INSERT INTO `steps` (`recipe_id`, `order_num`, `step_descr`) VALUES (41, 9, 'Brush egg wash over tops of loaves, and sprinkle with chopped onion.');
INSERT INTO `steps` (`recipe_id`, `order_num`, `step_descr`) VALUES (41, 10, 'Bake at 375 degrees F (190 degrees C) for 30 minutes, or till done.');
INSERT INTO `steps` (`recipe_id`, `order_num`, `step_descr`) VALUES (42, 0, 'Lightly spoon all-purpose flour into dry measuring cups, level with a knife.  Combine flour and next 5 ingredients (through cinnamon) in a large bowl, stirring with a wisk.');
INSERT INTO `steps` (`recipe_id`, `order_num`, `step_descr`) VALUES (42, 1, 'Combine milk, sweet potatoes, sugar, oil, vanilla, and egg yolks, stirring until smooth; add to flour mixture, stirring just until combined,  Beat egg whites with mixerat high speed until soft peaks form; fold egg whites into batter.  Let batter stand 10 minutes.');
INSERT INTO `steps` (`recipe_id`, `order_num`, `step_descr`) VALUES (42, 2, 'Heat a nonstick griddle or a nonstick skillet over medium-high heat.  Coat the griddle or pan with with cooking spray.  Spoon about 1/4 cup batter per pancake onto griddle or pan.  Cook 2 minutes or until tops are covered with bubbles and edges are cooked.  Carefully turn pancakes over, and cook 2 minutes or until bottoms are lightly browned.  ');
INSERT INTO `steps` (`recipe_id`, `order_num`, `step_descr`) VALUES (43, 0, 'Combine yogurt, juice, garlic, 1/4  teaspoon salt, 1/4 teaspoon pepper, cardamom, cumin, cinnamon, and nutmeg in a large zip-top plastic bag.  Add chicken, seal and marinate in refrigerator overnight, turning bag occasionally.\r\n');
INSERT INTO `steps` (`recipe_id`, `order_num`, `step_descr`) VALUES (43, 1, 'Remove chicken from bag, reserving marinade; pat chicken dry with paper towels.  Combine reserved marinade and chicken broth.');
INSERT INTO `steps` (`recipe_id`, `order_num`, `step_descr`) VALUES (43, 2, 'Heat olive oil in a large nonstick skillet over medium-high heat.  Sprinkle chicken with remaining 1/4 teaspoon salt and remaining 1/4 teaspoon pepper.  Add half of chicken to pan; cook 1 1/2 minutes on each side or until browned.  Repeat procedure with remaining chicken.  Return chicken to pan; ppour broth mixture over chicken.  Bring to a boil.  Cover, reduce heat, and simmer 12 minutes or until chicken is done.  Place chicken on serving platter; discard liquid in pan.  Sprinkle chicken evenly with parsley.');
INSERT INTO `steps` (`recipe_id`, `order_num`, `step_descr`) VALUES (43, 3, 'Note:  This dish is excellent served with a basmati rice pilaf of toasted almonds, golden reasins, and freshly toasted cumin seeds.  I also like to spoon a little of the sauce in the pan onto the rice for added moisture.');
INSERT INTO `steps` (`recipe_id`, `order_num`, `step_descr`) VALUES (30, 3, 'Bake for 20 to 25 minutes or until muffins are springy to touch.');
INSERT INTO `steps` (`recipe_id`, `order_num`, `step_descr`) VALUES (44, 0, 'Soak rice noodles in warm water until soft, drain.');
INSERT INTO `steps` (`recipe_id`, `order_num`, `step_descr`) VALUES (44, 1, 'Heat a frying pan until hot and add oil.  Add garlic and brown slightly.  Add egg and scramble until done.  Reduce temperatue if necessary.');
INSERT INTO `steps` (`recipe_id`, `order_num`, `step_descr`) VALUES (44, 2, 'Add rice noodles to egg mixture.  Turn temperature up and stir-fry noodles until translucent, adding some water if the noodles are dry.');
INSERT INTO `steps` (`recipe_id`, `order_num`, `step_descr`) VALUES (44, 3, 'When noodles start to stick, add fish sauce, sugar, pepper flakes, rice vinegar, soy sauce, and green onions.  Continue to cook misture until dry.');
INSERT INTO `steps` (`recipe_id`, `order_num`, `step_descr`) VALUES (44, 4, 'Serve with peanuts on top and lime wedges and bean sprouts on the side.');
INSERT INTO `steps` (`recipe_id`, `order_num`, `step_descr`) VALUES (44, 5, 'Note:  Be sure to sqeeze lime juice on this dish. It really adds a nice touch.');
INSERT INTO `steps` (`recipe_id`, `order_num`, `step_descr`) VALUES (45, 1, 'In a large bowl, combine spaghetti with red bell pepper, cucumber, green onion, mint, and cilantro.  ');
INSERT INTO `steps` (`recipe_id`, `order_num`, `step_descr`) VALUES (45, 2, 'In a blender, puree peanut butter, yellow onion, garlic, ginger, vinegar, soy sauce, lime juice, and sesame oil until smooth.');
INSERT INTO `steps` (`recipe_id`, `order_num`, `step_descr`) VALUES (45, 3, 'Toss sauce over pasta and vegetables.  Refrigerate 1 hour before serving for optimum flavor.  Serve chilled or at room temperature.');
INSERT INTO `steps` (`recipe_id`, `order_num`, `step_descr`) VALUES (45, 0, 'Cook spaghetti according to directions on package.  Drain and rinse with cold water.');
INSERT INTO `steps` (`recipe_id`, `order_num`, `step_descr`) VALUES (46, 0, 'Combine first 4 ingredients in a medium saucepan; bring to a boil.\r\nCover and simmer for about 10 mintues or until chicken is done.  Remove chicken from pan and discard pepercorns, cooking liquid, and bay leaf.');
INSERT INTO `steps` (`recipe_id`, `order_num`, `step_descr`) VALUES (46, 1, 'Shred chicken and place in a large bowl.  Combine vinegar through chili sauce and whish together to throughly blend.  Pour over shredded chicken and let stand while chopping and shredding vegetables. ');
INSERT INTO `steps` (`recipe_id`, `order_num`, `step_descr`) VALUES (46, 2, 'Add soba noodles and chopped/shredded vegetables to chicken mixture and toss well.  Place each serving on a plate and top with roasted peanuts and place lime wedges on the side for squeezing over salad.');
INSERT INTO `steps` (`recipe_id`, `order_num`, `step_descr`) VALUES (46, 3, 'Note: Be sure to use the lime wedges. It really makes the salad!');
INSERT INTO `steps` (`recipe_id`, `order_num`, `step_descr`) VALUES (48, 3, 'Fill greased muffins cups 2/3 full and bake for 20 to 30 minutes.');
INSERT INTO `steps` (`recipe_id`, `order_num`, `step_descr`) VALUES (48, 4, 'Let cool on wire racks.  Serve hot.');
INSERT INTO `steps` (`recipe_id`, `order_num`, `step_descr`) VALUES (49, 2, 'In a large bowl combine the flour, sugar, baking powder, baking soda, nutmeg, and salt.  Set aside.');
INSERT INTO `steps` (`recipe_id`, `order_num`, `step_descr`) VALUES (49, 3, 'In a medium bowl beat the egg, stir in the sour cream and milk, then stir the wet mixture into the flour mixture until combined.  (Batter will be lumpy.)');
INSERT INTO `steps` (`recipe_id`, `order_num`, `step_descr`) VALUES (49, 4, 'Stir in the blueberries very gently.  Fill muffin cups 2/3 full with batter.  Bake 18-20 minutes until golden.');
INSERT INTO `steps` (`recipe_id`, `order_num`, `step_descr`) VALUES (49, 5, 'Note:  These muffins are not very sweet.  If you like sweeter muffins, add 1/4 cup more sugar to the batter.');
INSERT INTO `steps` (`recipe_id`, `order_num`, `step_descr`) VALUES (49, 1, 'In a small bowl toss blueberries with a tablespoon of flour and set aside. ');
INSERT INTO `steps` (`recipe_id`, `order_num`, `step_descr`) VALUES (49, 0, 'Preheat oven to 400 degrees.  Grease a 12 cup muffin tin with canola oil.');
INSERT INTO `steps` (`recipe_id`, `order_num`, `step_descr`) VALUES (50, 0, 'Place all ingredients in a blender and process until smooth.');
INSERT INTO `steps` (`recipe_id`, `order_num`, `step_descr`) VALUES (51, 3, 'Note:  These burgers are good served as regular burgers or topped with grilled red onions and swiss cheese.');
INSERT INTO `steps` (`recipe_id`, `order_num`, `step_descr`) VALUES (51, 2, 'Cook in a hot greased non-stick skillet or indoor grill for 4 minutes on each side.');
INSERT INTO `steps` (`recipe_id`, `order_num`, `step_descr`) VALUES (51, 0, 'Mix all ingredients and let stand a few mintues.');
INSERT INTO `steps` (`recipe_id`, `order_num`, `step_descr`) VALUES (51, 1, 'Shape mixture into patties.');
INSERT INTO `steps` (`recipe_id`, `order_num`, `step_descr`) VALUES (52, 0, 'Preheat oven to 250 degrees.  Place popcorn in a very large bowl.');
INSERT INTO `steps` (`recipe_id`, `order_num`, `step_descr`) VALUES (52, 1, 'In a medium saucepan over medium heat, melt butter.  Stir in brown sugar, corn syrup, and salt.  Bring to a bowl, stirring constantly.  Boil without stirring 4 minutes.  Remove from heat and stir in soda and vanilla.  ');
INSERT INTO `steps` (`recipe_id`, `order_num`, `step_descr`) VALUES (52, 2, 'Pour sugar mixture in a thin stream over popcorn, pretzels, and almonds, stirring to evenly coat.');
INSERT INTO `steps` (`recipe_id`, `order_num`, `step_descr`) VALUES (52, 3, 'Place in 2 large shallow baking dishes and bake in oven 1 hour, stirring every 15 minutes.');
INSERT INTO `steps` (`recipe_id`, `order_num`, `step_descr`) VALUES (52, 4, 'Remove from oven and let cool completely before braking into pieces.');
INSERT INTO `steps` (`recipe_id`, `order_num`, `step_descr`) VALUES (54, 4, 'Place in freezer.');
INSERT INTO `steps` (`recipe_id`, `order_num`, `step_descr`) VALUES (53, 2, 'Note:  This is good with swordfish or shark as well. I have also used tilapia, but be sure to cook the tilapia until done.');
INSERT INTO `steps` (`recipe_id`, `order_num`, `step_descr`) VALUES (53, 1, 'Brush the grill with canola oil and grill 3 minutes on each side until medium-rare.  Serve immdeietly.');
INSERT INTO `steps` (`recipe_id`, `order_num`, `step_descr`) VALUES (53, 0, 'Combine all ingredient except tuna and place in a ziplock bag.  Add the tuna and seal the bag.  Toss to completely coat. Let marinade 1 hour.  Do not let this marinade longer than 2 hours as the ginger enzymes can over-tenderize the fish.');
INSERT INTO `steps` (`recipe_id`, `order_num`, `step_descr`) VALUES (54, 3, 'Add lime juice and vodka and stir.');
INSERT INTO `steps` (`recipe_id`, `order_num`, `step_descr`) VALUES (54, 2, 'Poor solution in a flat dish');
INSERT INTO `steps` (`recipe_id`, `order_num`, `step_descr`) VALUES (54, 1, 'Let solution cool to room temperature');
INSERT INTO `steps` (`recipe_id`, `order_num`, `step_descr`) VALUES (54, 0, 'Heat cranberry juice and sugar on stove stiring regularly until sugar melts.');
INSERT INTO `steps` (`recipe_id`, `order_num`, `step_descr`) VALUES (54, 6, 'Server on a hot day.');
INSERT INTO `steps` (`recipe_id`, `order_num`, `step_descr`) VALUES (55, 4, 'With the food processer is going, add olive oil and salt then process until smooth.');
INSERT INTO `steps` (`recipe_id`, `order_num`, `step_descr`) VALUES (55, 0, 'Brown pine nuts in pan on low heat.');
INSERT INTO `steps` (`recipe_id`, `order_num`, `step_descr`) VALUES (55, 1, 'Mince pine nuts & garlic with mini food processor.');
INSERT INTO `steps` (`recipe_id`, `order_num`, `step_descr`) VALUES (55, 2, 'Add basil, cheese and lemon juice.');
INSERT INTO `steps` (`recipe_id`, `order_num`, `step_descr`) VALUES (55, 3, 'Process until finely minced.');
INSERT INTO `steps` (`recipe_id`, `order_num`, `step_descr`) VALUES (56, 3, 'Bake for 15-20 minutes at 400 degrees.');
INSERT INTO `steps` (`recipe_id`, `order_num`, `step_descr`) VALUES (56, 2, 'Bake as many as you\\\\\\''d like in muffin tins sprayed with cooking spray or canola oil in a pump sprayer.');
INSERT INTO `steps` (`recipe_id`, `order_num`, `step_descr`) VALUES (56, 1, 'Mix together remaining ingredients then add softened cereal.');
INSERT INTO `steps` (`recipe_id`, `order_num`, `step_descr`) VALUES (56, 0, 'Pour boiling water over cereal and let stand.');
INSERT INTO `steps` (`recipe_id`, `order_num`, `step_descr`) VALUES (57, 0, 'Preheat oven to 350 degrees.');
INSERT INTO `steps` (`recipe_id`, `order_num`, `step_descr`) VALUES (57, 1, 'With a stand mixer on medium speed, stir sugar and butter until creamy and light; add molasses and egg, and beat until combined.');
INSERT INTO `steps` (`recipe_id`, `order_num`, `step_descr`) VALUES (57, 2, 'Decrease speed and add flour, fresh ginger, ginger, baking soda, and salt; beat until just combined, don\\''t over mix.');
INSERT INTO `steps` (`recipe_id`, `order_num`, `step_descr`) VALUES (57, 3, 'Stir in candied ginger with a spoon.  Roll into 1 inch balls and place 2 inches apart on ungreased cookie sheet. ');
INSERT INTO `steps` (`recipe_id`, `order_num`, `step_descr`) VALUES (57, 4, 'Bake for 12 to 13 minutes. Cookie will flatten and be evenly browned. Cool completely before removing from cookie sheet.');
INSERT INTO `steps` (`recipe_id`, `order_num`, `step_descr`) VALUES (58, 0, 'In a large pan, combine sugar, butter, honey, water, and salt.  Bring to a simmer and cook for 5 minutes. ');
INSERT INTO `steps` (`recipe_id`, `order_num`, `step_descr`) VALUES (58, 1, 'Stir in oats, nuts, wheat germ, and sesame seeds or flax. Cook, stirring frequently, for 15 minutes. Remove from heat and add fruit. \r\n');
INSERT INTO `steps` (`recipe_id`, `order_num`, `step_descr`) VALUES (58, 2, 'Pour onto a cookie sheet or jelly roll pan lined with wax paper or parchment. Cut into bars of desired size, so you can break along the cut lines when cool.\r\n');
INSERT INTO `steps` (`recipe_id`, `order_num`, `step_descr`) VALUES (58, 3, 'Allow to cool for 30 minutes. Break along score lines. Store in an airtight container');
INSERT INTO `steps` (`recipe_id`, `order_num`, `step_descr`) VALUES (58, 4, 'Note:  For the nuts, I use a combination of pecans, almonds, and penuts.  I use 1/8 cup flax seeds and 1/8 cup sesame seeds for the seeds.  Finally, for the dried fruit, my favorite combination is 1/2 dried apricots, 1/2 raisins, 1/2 cup dried cranberries.');
INSERT INTO `steps` (`recipe_id`, `order_num`, `step_descr`) VALUES (59, 1, 'Dish into serving bowl and stir in the brown sugar.  Top with raisins, dried cranberries, and almonds and serve with half & half or steamed milk in a small pitcher.');
INSERT INTO `steps` (`recipe_id`, `order_num`, `step_descr`) VALUES (60, 0, 'Preheat oven to 500 degrees.');
INSERT INTO `steps` (`recipe_id`, `order_num`, `step_descr`) VALUES (60, 1, 'Separate the cauliflower into florets.');
INSERT INTO `steps` (`recipe_id`, `order_num`, `step_descr`) VALUES (60, 2, 'Put the oil, honey, rosemary, plus salt & pepper if desired, into a\r\nbaking dish and stir together. ');
INSERT INTO `steps` (`recipe_id`, `order_num`, `step_descr`) VALUES (60, 3, 'Add the cauliflower, toss till coated, and bake about 20 minutes.  ');
INSERT INTO `steps` (`recipe_id`, `order_num`, `step_descr`) VALUES (60, 4, 'Note:  Kid friendly way to serve cauliflower!');
INSERT INTO `steps` (`recipe_id`, `order_num`, `step_descr`) VALUES (61, 0, 'Combine chopped vegetables in a medium bowl.');
INSERT INTO `steps` (`recipe_id`, `order_num`, `step_descr`) VALUES (61, 1, 'Place oil, vinegar, sugar, and Italian seasoning in a small plastic container with a lid. Secure lid and shake dressing vigorously for 1 minute. ');
INSERT INTO `steps` (`recipe_id`, `order_num`, `step_descr`) VALUES (61, 2, 'Pour dressing over salad and toss. Season salad with salt and pepper, to taste.');
INSERT INTO `steps` (`recipe_id`, `order_num`, `step_descr`) VALUES (62, 0, 'Mix all dry ingredients, then mix in the rest.');
INSERT INTO `steps` (`recipe_id`, `order_num`, `step_descr`) VALUES (62, 1, 'Pour onto waffle iron at medium heat until done.');
INSERT INTO `steps` (`recipe_id`, `order_num`, `step_descr`) VALUES (62, 2, 'Note:  Fresh fruit, fruit preserves, or maple syrup are great topping for these hearty waffles.  Freeze leftovers in sealed bags. ');
INSERT INTO `steps` (`recipe_id`, `order_num`, `step_descr`) VALUES (63, 0, 'Bring a large pot of salted water to boil. Add the penne and cook until it is tender but still firm to the bite, stirring occasionally, about 12 minutes.');
INSERT INTO `steps` (`recipe_id`, `order_num`, `step_descr`) VALUES (63, 1, 'Mince the garlic in a food processor. Add the goat cheese, cream cheese, 3/4 teaspoon of salt, 1/2 teaspoon of pepper, and half of the spinach leaves. Blend until the mixture is smooth and creamy. Set the cheese and spinach mixture aside.');
INSERT INTO `steps` (`recipe_id`, `order_num`, `step_descr`) VALUES (63, 2, 'Meanwhile, coarsly chop the remaining spinach leaves and place them in a large bowl.');
INSERT INTO `steps` (`recipe_id`, `order_num`, `step_descr`) VALUES (63, 3, 'Drain the pasta, reserving 1 cup of the cooking liquid. Spoon the pasta atop the spinach leaves in the bowl. Scrape the cheese and spinach mixture over the pasta mixture and toss to coat, adding enough reserved cooking liquid to moisten. Season the pasta, to taste, with salt and pepper. Sprinkle with the Parmesan or Romano cheese and serve.');
INSERT INTO `steps` (`recipe_id`, `order_num`, `step_descr`) VALUES (63, 4, 'Note: Experiment with different types of goat cheese with this recipe. It is wonderful!');
INSERT INTO `steps` (`recipe_id`, `order_num`, `step_descr`) VALUES (56, 4, 'Note: Batter will keep in refrigerator for up to 3 weeks.');
INSERT INTO `steps` (`recipe_id`, `order_num`, `step_descr`) VALUES (64, 0, 'Heat the oil and salt in a medium frying pan over medium heat.  \r\nAdd the tofu in small batches and saute until lightly browned on\r\nboth sides, about 5 minutes. Remove with a slotted spoon and drain on a paper towel.  \r\n\r\n');
INSERT INTO `steps` (`recipe_id`, `order_num`, `step_descr`) VALUES (64, 1, 'Arrange the bean curd, potatoes, spinach, and cabbage on individual plates. \r\n');
INSERT INTO `steps` (`recipe_id`, `order_num`, `step_descr`) VALUES (64, 2, 'Prepare the dressing by placing the last 7 ingredients in a blender and blending until smooth. If the dressing seems too thick, add another teaspoon of water.\r\n');
INSERT INTO `steps` (`recipe_id`, `order_num`, `step_descr`) VALUES (64, 3, 'Top the vegetables and bean curd with the bean sprouts and dressing, and serve immediately.\r\n');
INSERT INTO `steps` (`recipe_id`, `order_num`, `step_descr`) VALUES (55, 5, 'NOTE: The basil takes up a lot of room when not minced. All other ingredients require very little space and will not mince well in a large food processor as they will stick to the sides.');
INSERT INTO `steps` (`recipe_id`, `order_num`, `step_descr`) VALUES (65, 0, 'Heat olive oil in skillet.  When oil is hot, add the garlic and saute for about 45 seconds.  Remove from heat and add the rosemary.');
INSERT INTO `steps` (`recipe_id`, `order_num`, `step_descr`) VALUES (65, 1, 'Pour olive oil mixture in a large bowl with potatoes and toss to coat. Spread potatoes evenly onto baking sheet.');
INSERT INTO `steps` (`recipe_id`, `order_num`, `step_descr`) VALUES (65, 2, 'Bake at 375 degrees for about 20 minutes, or until potatoes are done.  Give the potatoes a good stir, then turn the oven up to 450 degrees and cook an additional 10 minutes, or until potatoes are crisp.');
INSERT INTO `steps` (`recipe_id`, `order_num`, `step_descr`) VALUES (66, 0, 'Heat oven to 350 degrees.  Combine rolled oats, rice cereal, wheat germ, and seeds in a bowl and toss to combine.  Spread onto baking sheet and cook, stirring, until oats are toasted, about 20 minutes. ');
INSERT INTO `steps` (`recipe_id`, `order_num`, `step_descr`) VALUES (66, 1, 'Pour oat mixture into a large bowl with cranberries and apricots.  Stir to combine.');
INSERT INTO `steps` (`recipe_id`, `order_num`, `step_descr`) VALUES (66, 2, 'In a saucepan, combine corn syrup and sugar and heat until boiling.  Remove from heat and stir in vanilla and cinnamon.');
INSERT INTO `steps` (`recipe_id`, `order_num`, `step_descr`) VALUES (66, 3, 'Pour syrup mixture over oat mixture and stir well.  Coat your hands with oil, then use them to spread mixture evenly into a rectangle glass pan.  I find it helpful to do the initial pressing with a rubber spatula and then following with my hands.');
INSERT INTO `steps` (`recipe_id`, `order_num`, `step_descr`) VALUES (66, 4, 'Chill until firm, then cut into 24 bars.');
INSERT INTO `steps` (`recipe_id`, `order_num`, `step_descr`) VALUES (67, 0, 'Preheat oven to 350 degrees.  Combine flour, sugar, baking powder, and salt in a large bowl; stir well with a whisk.  Make a well in center.');
INSERT INTO `steps` (`recipe_id`, `order_num`, `step_descr`) VALUES (67, 1, 'Combine sour cream and next 5 ingredients, through eggs, in a small bowl; stir with a whisk until well combined.  ');
INSERT INTO `steps` (`recipe_id`, `order_num`, `step_descr`) VALUES (67, 2, 'Add wet ingredients to dry ingredients and stir until just moistened.  ');
INSERT INTO `steps` (`recipe_id`, `order_num`, `step_descr`) VALUES (67, 3, 'Spoon batter evenly into 10 greased muffins cups.  Bake at 350 degrees for 25 minutes or until muffins spring back with touched in the center.  Remove from pan and cool on a wire rack.  ');
INSERT INTO `steps` (`recipe_id`, `order_num`, `step_descr`) VALUES (67, 4, 'To prepare glaze, combine powdered sugar, 2/3 teaspoon lemon rind, and 3 tablespoons lemon juice in a small bowl; stir with a whisk until smooth.  ');
INSERT INTO `steps` (`recipe_id`, `order_num`, `step_descr`) VALUES (67, 5, 'Spread 1 teaspoon of glaze onto each muffin; let stand about 5 minutes, or until set.  ');
INSERT INTO `steps` (`recipe_id`, `order_num`, `step_descr`) VALUES (59, 0, 'In a medium saucepan, add water and salt. Bring to a boil then stir in oats and millet. Reduce heat to low. Cover and allow to cook, simmering gently,for 15-20 minutes until grain is tender and water is absorbed.  It is not necessary to stir the oatmeal as it is cooking.');
INSERT INTO `steps` (`recipe_id`, `order_num`, `step_descr`) VALUES (68, 0, 'Put oven rack in upper third of the oven and preheat oven to 400 degrees.');
INSERT INTO `steps` (`recipe_id`, `order_num`, `step_descr`) VALUES (68, 1, 'Line a large shallow pan with foil.  Arrange tomatoes cut side up in pan, and sprinkle with salt and freshly ground pepper.  Roast 20 to 25 minutes, until plump.');
INSERT INTO `steps` (`recipe_id`, `order_num`, `step_descr`) VALUES (68, 2, 'Cook pasta in a 6 to 8 quart pot of boiling salted water just until tender, 8 to 10 minutes.  Reserve 1 1/2 cups pasta water.  Drain pasta and return to pan.');
INSERT INTO `steps` (`recipe_id`, `order_num`, `step_descr`) VALUES (68, 3, 'Heat oil in a large nonstick skillet over medium-high heat.  Add sausage; saute until browned, breaking up with back of fork, about 5 minutes; drain off fat.  Add peppers and onion; saute until soft and onion is golden brown, about 5 to 10 minutes.');
INSERT INTO `steps` (`recipe_id`, `order_num`, `step_descr`) VALUES (68, 4, 'Add to drained pasta.  Stir in roasted tomatoes, cream cheese and reserved cooking water.  Mix in 1/2 cup parmesan cheese and fresh basil.');
INSERT INTO `steps` (`recipe_id`, `order_num`, `step_descr`) VALUES (68, 5, 'Put in a buttered 3 1/2 to 4 quart baking dish.  Sprinkle with remaining 1/4 cup romano cheese and bread curmbs, if using.  Bake 10 to 15 minutes or until bubbly.');
INSERT INTO `steps` (`recipe_id`, `order_num`, `step_descr`) VALUES (69, 2, 'Note:  If you wish to pan-glaze the tofu, add the boiled, thickened sauce to the tofu after it has browned on both sides, and cook over medium heat for a few more minutes.  Scrape the sauce over the tofu when serving.');
INSERT INTO `steps` (`recipe_id`, `order_num`, `step_descr`) VALUES (69, 1, 'Meanwhile, heat the oil in a large nonstick skillet over medium heat until oil is shimmering.  Add tofu slabs and cook until golden brown, about 7 minutes; turn and cook u ntil golden brown on the other side, about 5 minutes.  Serve the sauce over the tofu.');
INSERT INTO `steps` (`recipe_id`, `order_num`, `step_descr`) VALUES (69, 0, 'Combine the broth, orange juice, maple syrup, vinegar, garlic, pepper flakes and salt in a small saucepan.  Bring to a boil over medium heat and boil until thickened a little, about 3 to 5 minutes.  Set aside.');
INSERT INTO `steps` (`recipe_id`, `order_num`, `step_descr`) VALUES (70, 2, 'In a large bowl, with mixer on medium-high, beat together granulated sugar and eggs until thick and light in color, about 2 minutes.  Add oil, orange juice, and vanilla; beat until smooth.  Reduce mixer speed to low, add flour mixture, and beat just to combine.');
INSERT INTO `steps` (`recipe_id`, `order_num`, `step_descr`) VALUES (70, 3, 'Fold in carrots and raisins.  Divide batter among muffin pans and bake 20 to 25 minutes, until toothpick inserted in center of a muffin comes out clean.  Let cool for 15 mintues, then transfer to wire rack to cool completly.');
INSERT INTO `steps` (`recipe_id`, `order_num`, `step_descr`) VALUES (70, 4, 'To make frosting, combine cream cheese and confectioners\\\\\\\\\\\\\\'' sugar in a medium bowl.  Frost the muffins.');
INSERT INTO `steps` (`recipe_id`, `order_num`, `step_descr`) VALUES (71, 0, 'Heat oven to 400 F.  Spray a 12 cup muffin tin with canolla oil or nonstick cooking spray, or line with paper baking cups.');
INSERT INTO `steps` (`recipe_id`, `order_num`, `step_descr`) VALUES (70, 0, 'Heat oven to 350 degrees.  Spray 12 cup muffin tin with oil.');
INSERT INTO `steps` (`recipe_id`, `order_num`, `step_descr`) VALUES (70, 1, 'In a medium bowl, combine flour, baking soda, cinnamon, baking powder, and salt; set aside.  ');
INSERT INTO `steps` (`recipe_id`, `order_num`, `step_descr`) VALUES (71, 1, 'Mix oats and buttermilk in large bowl. Beat in brown sugar, oil, molasses, vanilla and egg.');
INSERT INTO `steps` (`recipe_id`, `order_num`, `step_descr`) VALUES (71, 2, 'Stir in remaining ingredients except peaches just until flour is moistened (batter will be lumpy).  Fold in peaches.');
INSERT INTO `steps` (`recipe_id`, `order_num`, `step_descr`) VALUES (71, 3, 'Divide batter evenly among muffin cups (cups will be full).  Sprinkle with sugar if desired.');
INSERT INTO `steps` (`recipe_id`, `order_num`, `step_descr`) VALUES (71, 4, 'Bake about 20 minutes or until golden brown.  Let muffins cool slightly, then remove from pan and continue to cool on wire rack. ');
INSERT INTO `steps` (`recipe_id`, `order_num`, `step_descr`) VALUES (72, 0, 'Spray muffin pan with vegetable cooking spray or line with paper \r\nbaking cups. ');
INSERT INTO `steps` (`recipe_id`, `order_num`, `step_descr`) VALUES (72, 1, 'Stir together all dry ingredients. ');
INSERT INTO `steps` (`recipe_id`, `order_num`, `step_descr`) VALUES (72, 2, 'Combine eggs, buttermilk, honey and oil. Add egg mixture to flour mixture; stir until moistened. Fold in raisins. ');
INSERT INTO `steps` (`recipe_id`, `order_num`, `step_descr`) VALUES (72, 3, 'Fill muffin pan 2/3 full. Bake in a 400 degrees oven for 15-20 minutes.\r\n');
INSERT INTO `steps` (`recipe_id`, `order_num`, `step_descr`) VALUES (73, 0, 'Bring broth or water to boil. Add couscous, olive oil and salt. Simmer for about 10 to 12 minutes or until tender to the bite. Drain and cool couscous.');
INSERT INTO `steps` (`recipe_id`, `order_num`, `step_descr`) VALUES (73, 1, 'Combine couscous with kidney beans, peppers, onion, green onion, cilantro and hot pepper flakes.');
INSERT INTO `steps` (`recipe_id`, `order_num`, `step_descr`) VALUES (73, 2, 'Whisk together remaining ingredients and combine with couscous mixture. Season with salt and pepper to taste.  Serve room temperature or chilled.');
INSERT INTO `steps` (`recipe_id`, `order_num`, `step_descr`) VALUES (74, 3, 'Spoon batter into 15 muffins cups coated with cooking spray or canola oil; sprinkle batter with sugar.  Bake at 400 degrees for 20 minutes or until muffins spring back when touched lightly in center.  Remove from pans immediatly. Place on wire rack to cool.  Serve warm or at room temperature.');
INSERT INTO `steps` (`recipe_id`, `order_num`, `step_descr`) VALUES (74, 2, 'Combine brown sugar and the next 4 ingredients (through egg) in a small bowl; add to the flour mixture, stirring just until moist.  Fold in diced pear.  ');
INSERT INTO `steps` (`recipe_id`, `order_num`, `step_descr`) VALUES (74, 0, 'Preheat oven to 400 degrees.  Place pecans in a food processor; process until finely ground.');
INSERT INTO `steps` (`recipe_id`, `order_num`, `step_descr`) VALUES (74, 1, 'Combine flours and next 3 ingredients (through salt) in a medium bowl; stir well with a whisk.  Stir in ground pecans.  Make a well in center of mixture.  ');
INSERT INTO `steps` (`recipe_id`, `order_num`, `step_descr`) VALUES (75, 0, 'Place the sarsaparilla, sassafras, hops, and coriander into an enameled or stainless steel pan. Cover them with water and bring to a boil. Reduce the heat and allow them to just barely simmer for 12 hours, making sure the water does not all evaporate.');
INSERT INTO `steps` (`recipe_id`, `order_num`, `step_descr`) VALUES (75, 1, 'Strain out the solids and add the liquid to 2 gallons of water that has been boiled and cooled to lukewarm.');
INSERT INTO `steps` (`recipe_id`, `order_num`, `step_descr`) VALUES (75, 2, 'Stir in the honey, wintergreen extract, and the yeast dissolved in 2/3 cup warm water. Stir the mixture thoroughly and allow it to mellow for several hours. ');
INSERT INTO `steps` (`recipe_id`, `order_num`, `step_descr`) VALUES (75, 3, 'You can then siphon off the root beer into a clean container before bottling, or fill the bottles immediately.');
INSERT INTO `steps` (`recipe_id`, `order_num`, `step_descr`) VALUES (75, 4, 'Makes about two dozen 12-ounce bottles. tanas to each, put the corks and tie them down---then refrigerate immediately. ) for 8 hours. ');
INSERT INTO `steps` (`recipe_id`, `order_num`, `step_descr`) VALUES (75, 5, 'Sieve the solution (tea-cloth). Bottle it.Put some raisins, a bit of lemon-peel, and a fresh leaf of peppermint in every bottle, close the bottles, and keep them in a cool place.');
INSERT INTO `steps` (`recipe_id`, `order_num`, `step_descr`) VALUES (75, 6, 'Ready when the raisins start floating.');
INSERT INTO `steps` (`recipe_id`, `order_num`, `step_descr`) VALUES (75, 7, 'Sieve the stuff one more time in a tea-cloth.');
INSERT INTO `steps` (`recipe_id`, `order_num`, `step_descr`) VALUES (76, 0, 'Combine above ingredients\r\n');
INSERT INTO `steps` (`recipe_id`, `order_num`, `step_descr`) VALUES (76, 1, 'Store in air-tight container.');
INSERT INTO `steps` (`recipe_id`, `order_num`, `step_descr`) VALUES (76, 2, 'Sprinkle liberally on chicken and cook in cast iron skillet on high. ');
INSERT INTO `steps` (`recipe_id`, `order_num`, `step_descr`) VALUES (76, 3, 'Makes enough for 1 small spice container.');
INSERT INTO `steps` (`recipe_id`, `order_num`, `step_descr`) VALUES (77, 0, 'Blend all ingredients well in food processer.\r\n\r\n');
INSERT INTO `steps` (`recipe_id`, `order_num`, `step_descr`) VALUES (77, 1, 'Note: This dressing goes great on basic salad with blackened shrimp.');
INSERT INTO `steps` (`recipe_id`, `order_num`, `step_descr`) VALUES (78, 0, 'In the bowl of a food processor fitted with the steel blade, puree the tomato, cucumber, carrot, fennel, red bell pepper, garlic, Tabasco sauce and bread crumbs until smooth.  ');
INSERT INTO `steps` (`recipe_id`, `order_num`, `step_descr`) VALUES (78, 1, 'Pour into a medium bowl and refrigerate.');
INSERT INTO `steps` (`recipe_id`, `order_num`, `step_descr`) VALUES (78, 2, 'The next day, return the vegetable puree to the food processor.');
INSERT INTO `steps` (`recipe_id`, `order_num`, `step_descr`) VALUES (78, 3, 'With the processor running, add the vinegar, salt, and pepper.  ');
INSERT INTO `steps` (`recipe_id`, `order_num`, `step_descr`) VALUES (78, 4, 'Slowly drizzle in the olive oil.  ');
INSERT INTO `steps` (`recipe_id`, `order_num`, `step_descr`) VALUES (78, 5, 'Taste and adjust salt and pepper if necessary.  ');
INSERT INTO `steps` (`recipe_id`, `order_num`, `step_descr`) VALUES (78, 6, 'Strain through a fine-mesh strainer, pressing with the back of a wooden spoon to extract all of the liquid.  ');
INSERT INTO `steps` (`recipe_id`, `order_num`, `step_descr`) VALUES (78, 7, 'Refrigerate until ready to serve.  ');
INSERT INTO `steps` (`recipe_id`, `order_num`, `step_descr`) VALUES (78, 8, 'Serve cold in bowls or cups.');
INSERT INTO `steps` (`recipe_id`, `order_num`, `step_descr`) VALUES (78, 9, 'Note:  To peel tomatoes, plunge into boiling water for 30 seconds to 1 minute.  Remove immediately and plunge into cold water.  Skin should slip off easily.');

-- --------------------------------------------------------

-- 
-- Table structure for table `users`
-- 

CREATE TABLE `users` (
  `id` varchar(15) NOT NULL default '',
  `pwd` varchar(15) NOT NULL default '',
  `first_name` varchar(20) NOT NULL default '',
  `last_name` varchar(20) NOT NULL default '',
  `email` varchar(30) NOT NULL default '',
  PRIMARY KEY  (`id`)
) ENGINE=MyISAM DEFAULT CHARSET=latin1;

-- 
-- Dumping data for table `users`
-- 

INSERT INTO `users` (`id`, `pwd`, `first_name`, `last_name`, `email`) VALUES ('aubri', 'z00l00', 'Aubri', 'Sandlin', 'aubri@caffeinewebdesign.com');
